"id","phoneNumber","area","wasteGeneratorTypes","houseNumber","floorNumber","householdType","personName","contactNumber","numberOfPeople","buildingPhoto","createdAt","updatedAt","dryRFID","drySlno","wetRFID","wetSlno","lat","lng"
3433,"7010000001","Zone A - Division 1 - Ward 2 - Block 1","Individual HHs","1-01","Ground floor","Owner","Aarav Kumar","8010000001","1",NULL,"2026-08-11 06:40:00.404","2026-08-11 06:40:00.404","E2004702A0000000000001","W2-D-000001","E2004702B0000000000001","W2-W-000001",12.89750000,77.59750000
3434,"7010000002","Zone A - Division 1 - Ward 2 - Block 1","Individual HHs","1-02","1st Floor","Tenant","Vihaan Kumar","8010000002","2",NULL,"2026-08-11 06:40:00.404","2026-08-11 06:40:00.404","E2004702A0000000000002","W2-D-000002","E2004702B0000000000002","W2-W-000002",12.89750200,77.59765000
3435,"7010000003","Zone A - Division 1 - Ward 2 - Block 1","Individual HHs","1-03","2nd Floor","Owner","Aditya Kumar","8010000003","3",NULL,"2026-08-11 06:40:00.404","2026-08-11 06:40:00.404","E2004702A0000000000003","W2-D-000003","E2004702B0000000000003","W2-W-000003",12.89750400,77.59780000
3436,"7010000004","Zone A - Division 1 - Ward 2 - Block 1","Individual HHs","1-04","3rd Floor","Tenant","Arjun Kumar","8010000004","4",NULL,"2026-08-11 06:40:00.404","2026-08-11 06:40:00.404","E2004702A0000000000004","W2-D-000004","E2004702B0000000000004","W2-W-000004",12.89750600,77.59795000
3437,"7010000005","Zone A - Division 1 - Ward 2 - Block 1","Individual HHs","1-05","Ground floor","Owner","Rohan Kumar","8010000005","5",NULL,"2026-08-11 06:40:00.404","2026-08-11 06:40:00.404","E2004702A0000000000005","W2-D-000005","E2004702B0000000000005","W2-W-000005",12.89750800,77.59810000
3438,"7010000006","Zone A - Division 1 - Ward 2 - Block 1","Individual HHs","1-06","1st Floor","Tenant","Rahul Kumar","8010000006","6",NULL,"2026-08-11 06:40:00.404","2026-08-11 06:40:00.404","E2004702A0000000000006","W2-D-000006","E2004702B0000000000006","W2-W-000006",12.89751000,77.59825000
3439,"7010000007","Zone A - Division 1 - Ward 2 - Block 1","Individual HHs","1-07","2nd Floor","Owner","Karthik Kumar","8010000007","1",NULL,"2026-08-11 06:40:00.404","2026-08-11 06:40:00.404","E2004702A0000000000007","W2-D-000007","E2004702B0000000000007","W2-W-000007",12.89751200,77.59840000
3440,"7010000008","Zone A - Division 1 - Ward 2 - Block 1","Individual HHs","1-08","3rd Floor","Tenant","Vikram Kumar","8010000008","2",NULL,"2026-08-11 06:40:00.404","2026-08-11 06:40:00.404","E2004702A0000000000008","W2-D-000008","E2004702B0000000000008","W2-W-000008",12.89751400,77.59855000
3441,"7010000009","Zone A - Division 1 - Ward 2 - Block 1","Individual HHs","1-09","Ground floor","Owner","Akash Kumar","8010000009","3",NULL,"2026-08-11 06:40:00.404","2026-08-11 06:40:00.404","E2004702A0000000000009","W2-D-000009","E2004702B0000000000009","W2-W-000009",12.89751600,77.59870000
3442,"7010000010","Zone A - Division 1 - Ward 2 - Block 1","Individual HHs","1-10","1st Floor","Tenant","Siddharth Kumar","8010000010","4",NULL,"2026-08-11 06:40:00.404","2026-08-11 06:40:00.404","E2004702A000000000000A","W2-D-000010","E2004702B000000000000A","W2-W-000010",12.89751800,77.59885000
3443,"7010000011","Zone A - Division 1 - Ward 2 - Block 1","Individual HHs","1-11","2nd Floor","Owner","Ananya Kumar","8010000011","5",NULL,"2026-08-11 06:40:00.404","2026-08-11 06:40:00.404","E2004702A000000000000B","W2-D-000011","E2004702B000000000000B","W2-W-000011",12.89752000,77.59900000
3444,"7010000012","Zone A - Division 1 - Ward 2 - Block 1","Individual HHs","1-12","3rd Floor","Tenant","Aadhya Kumar","8010000012","6",NULL,"2026-08-11 06:40:00.404","2026-08-11 06:40:00.404","E2004702A000000000000C","W2-D-000012","E2004702B000000000000C","W2-W-000012",12.89752200,77.59915000
3445,"7010000013","Zone A - Division 1 - Ward 2 - Block 1","Individual HHs","1-13","Ground floor","Owner","Diya Kumar","8010000013","1",NULL,"2026-08-11 06:40:00.404","2026-08-11 06:40:00.404","E2004702A000000000000D","W2-D-000013","E2004702B000000000000D","W2-W-000013",12.89752400,77.59930000
3446,"7010000014","Zone A - Division 1 - Ward 2 - Block 1","Individual HHs","1-14","1st Floor","Tenant","Ishita Kumar","8010000014","2",NULL,"2026-08-11 06:40:00.404","2026-08-11 06:40:00.404","E2004702A000000000000E","W2-D-000014","E2004702B000000000000E","W2-W-000014",12.89752600,77.59945000
3447,"7010000015","Zone A - Division 1 - Ward 2 - Block 1","Individual HHs","1-15","2nd Floor","Owner","Kavya Kumar","8010000015","3",NULL,"2026-08-11 06:40:00.404","2026-08-11 06:40:00.404","E2004702A000000000000F","W2-D-000015","E2004702B000000000000F","W2-W-000015",12.89752800,77.59960000
3448,"7010000016","Zone A - Division 1 - Ward 2 - Block 1","Individual HHs","1-16","3rd Floor","Tenant","Meera Kumar","8010000016","4",NULL,"2026-08-11 06:40:00.404","2026-08-11 06:40:00.404","E2004702A0000000000010","W2-D-000016","E2004702B0000000000010","W2-W-000016",12.89753000,77.59975000
3449,"7010000017","Zone A - Division 1 - Ward 2 - Block 1","Individual HHs","1-17","Ground floor","Owner","Sneha Kumar","8010000017","5",NULL,"2026-08-11 06:40:00.404","2026-08-11 06:40:00.404","E2004702A0000000000011","W2-D-000017","E2004702B0000000000011","W2-W-000017",12.89753200,77.59990000
3450,"7010000018","Zone A - Division 1 - Ward 2 - Block 1","Individual HHs","1-18","1st Floor","Tenant","Pooja Kumar","8010000018","6",NULL,"2026-08-11 06:40:00.404","2026-08-11 06:40:00.404","E2004702A0000000000012","W2-D-000018","E2004702B0000000000012","W2-W-000018",12.89753400,77.60005000
3451,"7010000019","Zone A - Division 1 - Ward 2 - Block 1","Individual HHs","1-19","2nd Floor","Owner","Riya Kumar","8010000019","1",NULL,"2026-08-11 06:40:00.404","2026-08-11 06:40:00.404","E2004702A0000000000013","W2-D-000019","E2004702B0000000000013","W2-W-000019",12.89753600,77.60020000
3452,"7010000020","Zone A - Division 1 - Ward 2 - Block 1","Individual HHs","1-20","3rd Floor","Tenant","Nandini Kumar","8010000020","2",NULL,"2026-08-11 06:40:00.404","2026-08-11 06:40:00.404","E2004702A0000000000014","W2-D-000020","E2004702B0000000000014","W2-W-000020",12.89753800,77.60035000
3453,"7010000021","Zone A - Division 1 - Ward 2 - Block 1","Individual HHs","1-21","Ground floor","Owner","Sanjay Kumar","8010000021","3",NULL,"2026-08-11 06:40:00.404","2026-08-11 06:40:00.404","E2004702A0000000000015","W2-D-000021","E2004702B0000000000015","W2-W-000021",12.89754000,77.60050000
3454,"7010000022","Zone A - Division 1 - Ward 2 - Block 1","Individual HHs","1-22","1st Floor","Tenant","Manoj Kumar","8010000022","4",NULL,"2026-08-11 06:40:00.404","2026-08-11 06:40:00.404","E2004702A0000000000016","W2-D-000022","E2004702B0000000000016","W2-W-000022",12.89754200,77.60065000
3455,"7010000023","Zone A - Division 1 - Ward 2 - Block 1","Individual HHs","1-23","2nd Floor","Owner","Suresh Kumar","8010000023","5",NULL,"2026-08-11 06:40:00.404","2026-08-11 06:40:00.404","E2004702A0000000000017","W2-D-000023","E2004702B0000000000017","W2-W-000023",12.89754400,77.60080000
3456,"7010000024","Zone A - Division 1 - Ward 2 - Block 1","Individual HHs","1-24","3rd Floor","Tenant","Mahesh Kumar","8010000024","6",NULL,"2026-08-11 06:40:00.404","2026-08-11 06:40:00.404","E2004702A0000000000018","W2-D-000024","E2004702B0000000000018","W2-W-000024",12.89754600,77.60095000
3457,"7010000025","Zone A - Division 1 - Ward 2 - Block 1","Individual HHs","1-25","Ground floor","Owner","Prakash Kumar","8010000025","1",NULL,"2026-08-11 06:40:00.404","2026-08-11 06:40:00.404","E2004702A0000000000019","W2-D-000025","E2004702B0000000000019","W2-W-000025",12.89754800,77.60110000
3458,"7010000026","Zone A - Division 1 - Ward 2 - Block 1","Individual HHs","1-26","1st Floor","Tenant","Ramesh Kumar","8010000026","2",NULL,"2026-08-11 06:40:00.404","2026-08-11 06:40:00.404","E2004702A000000000001A","W2-D-000026","E2004702B000000000001A","W2-W-000026",12.89765000,77.59750200
3459,"7010000027","Zone A - Division 1 - Ward 2 - Block 1","Individual HHs","1-27","2nd Floor","Owner","Ganesh Kumar","8010000027","3",NULL,"2026-08-11 06:40:00.404","2026-08-11 06:40:00.404","E2004702A000000000001B","W2-D-000027","E2004702B000000000001B","W2-W-000027",12.89765200,77.59765200
3460,"7010000028","Zone A - Division 1 - Ward 2 - Block 1","Individual HHs","1-28","3rd Floor","Tenant","Dinesh Kumar","8010000028","4",NULL,"2026-08-11 06:40:00.404","2026-08-11 06:40:00.404","E2004702A000000000001C","W2-D-000028","E2004702B000000000001C","W2-W-000028",12.89765400,77.59780200
3461,"7010000029","Zone A - Division 1 - Ward 2 - Block 1","Individual HHs","1-29","Ground floor","Owner","Nikhil Kumar","8010000029","5",NULL,"2026-08-11 06:40:00.404","2026-08-11 06:40:00.404","E2004702A000000000001D","W2-D-000029","E2004702B000000000001D","W2-W-000029",12.89765600,77.59795200
3462,"7010000030","Zone A - Division 1 - Ward 2 - Block 1","Individual HHs","1-30","1st Floor","Tenant","Varun Kumar","8010000030","6",NULL,"2026-08-11 06:40:00.404","2026-08-11 06:40:00.404","E2004702A000000000001E","W2-D-000030","E2004702B000000000001E","W2-W-000030",12.89765800,77.59810200
3463,"7010000031","Zone A - Division 1 - Ward 2 - Block 1","Individual HHs","1-31","2nd Floor","Owner","Priya Kumar","8010000031","1",NULL,"2026-08-11 06:40:00.404","2026-08-11 06:40:00.404","E2004702A000000000001F","W2-D-000031","E2004702B000000000001F","W2-W-000031",12.89766000,77.59825200
3464,"7010000032","Zone A - Division 1 - Ward 2 - Block 1","Individual HHs","1-32","3rd Floor","Tenant","Divya Kumar","8010000032","2",NULL,"2026-08-11 06:40:00.404","2026-08-11 06:40:00.404","E2004702A0000000000020","W2-D-000032","E2004702B0000000000020","W2-W-000032",12.89766200,77.59840200
3465,"7010000033","Zone A - Division 1 - Ward 2 - Block 1","Individual HHs","1-33","Ground floor","Owner","Swathi Kumar","8010000033","3",NULL,"2026-08-11 06:40:00.404","2026-08-11 06:40:00.404","E2004702A0000000000021","W2-D-000033","E2004702B0000000000021","W2-W-000033",12.89766400,77.59855200
3466,"7010000034","Zone A - Division 1 - Ward 2 - Block 1","Individual HHs","1-34","1st Floor","Tenant","Shreya Kumar","8010000034","4",NULL,"2026-08-11 06:40:00.404","2026-08-11 06:40:00.404","E2004702A0000000000022","W2-D-000034","E2004702B0000000000022","W2-W-000034",12.89766600,77.59870200
3467,"7010000035","Zone A - Division 1 - Ward 2 - Block 1","Individual HHs","1-35","2nd Floor","Owner","Keerthi Kumar","8010000035","5",NULL,"2026-08-11 06:40:00.404","2026-08-11 06:40:00.404","E2004702A0000000000023","W2-D-000035","E2004702B0000000000023","W2-W-000035",12.89766800,77.59885200
3468,"7010000036","Zone A - Division 1 - Ward 2 - Block 1","Individual HHs","1-36","3rd Floor","Tenant","Lakshmi Kumar","8010000036","6",NULL,"2026-08-11 06:40:00.404","2026-08-11 06:40:00.404","E2004702A0000000000024","W2-D-000036","E2004702B0000000000024","W2-W-000036",12.89767000,77.59900200
3469,"7010000037","Zone A - Division 1 - Ward 2 - Block 1","Individual HHs","1-37","Ground floor","Owner","Deepa Kumar","8010000037","1",NULL,"2026-08-11 06:40:00.404","2026-08-11 06:40:00.404","E2004702A0000000000025","W2-D-000037","E2004702B0000000000025","W2-W-000037",12.89767200,77.59915200
3470,"7010000038","Zone A - Division 1 - Ward 2 - Block 1","Individual HHs","1-38","1st Floor","Tenant","Asha Kumar","8010000038","2",NULL,"2026-08-11 06:40:00.404","2026-08-11 06:40:00.404","E2004702A0000000000026","W2-D-000038","E2004702B0000000000026","W2-W-000038",12.89767400,77.59930200
3471,"7010000039","Zone A - Division 1 - Ward 2 - Block 1","Individual HHs","1-39","2nd Floor","Owner","Pallavi Kumar","8010000039","3",NULL,"2026-08-11 06:40:00.404","2026-08-11 06:40:00.404","E2004702A0000000000027","W2-D-000039","E2004702B0000000000027","W2-W-000039",12.89767600,77.59945200
3472,"7010000040","Zone A - Division 1 - Ward 2 - Block 1","Individual HHs","1-40","3rd Floor","Tenant","Bhavana Kumar","8010000040","4",NULL,"2026-08-11 06:40:00.404","2026-08-11 06:40:00.404","E2004702A0000000000028","W2-D-000040","E2004702B0000000000028","W2-W-000040",12.89767800,77.59960200
3473,"7010000041","Zone A - Division 1 - Ward 2 - Block 1","Individual HHs","1-41","Ground floor","Owner","Aarav Sharma","8010000041","5",NULL,"2026-08-11 06:40:00.404","2026-08-11 06:40:00.404","E2004702A0000000000029","W2-D-000041","E2004702B0000000000029","W2-W-000041",12.89768000,77.59975200
3474,"7010000042","Zone A - Division 1 - Ward 2 - Block 1","Individual HHs","1-42","1st Floor","Tenant","Vihaan Sharma","8010000042","6",NULL,"2026-08-11 06:40:00.404","2026-08-11 06:40:00.404","E2004702A000000000002A","W2-D-000042","E2004702B000000000002A","W2-W-000042",12.89768200,77.59990200
3475,"7010000043","Zone A - Division 1 - Ward 2 - Block 1","Individual HHs","1-43","2nd Floor","Owner","Aditya Sharma","8010000043","1",NULL,"2026-08-11 06:40:00.404","2026-08-11 06:40:00.404","E2004702A000000000002B","W2-D-000043","E2004702B000000000002B","W2-W-000043",12.89768400,77.60005200
3476,"7010000044","Zone A - Division 1 - Ward 2 - Block 1","Individual HHs","1-44","3rd Floor","Tenant","Arjun Sharma","8010000044","2",NULL,"2026-08-11 06:40:00.404","2026-08-11 06:40:00.404","E2004702A000000000002C","W2-D-000044","E2004702B000000000002C","W2-W-000044",12.89768600,77.60020200
3477,"7010000045","Zone A - Division 1 - Ward 2 - Block 1","Individual HHs","1-45","Ground floor","Owner","Rohan Sharma","8010000045","3",NULL,"2026-08-11 06:40:00.404","2026-08-11 06:40:00.404","E2004702A000000000002D","W2-D-000045","E2004702B000000000002D","W2-W-000045",12.89768800,77.60035200
3478,"7010000046","Zone A - Division 1 - Ward 2 - Block 1","Individual HHs","1-46","1st Floor","Tenant","Rahul Sharma","8010000046","4",NULL,"2026-08-11 06:40:00.404","2026-08-11 06:40:00.404","E2004702A000000000002E","W2-D-000046","E2004702B000000000002E","W2-W-000046",12.89769000,77.60050200
3479,"7010000047","Zone A - Division 1 - Ward 2 - Block 1","Individual HHs","1-47","2nd Floor","Owner","Karthik Sharma","8010000047","5",NULL,"2026-08-11 06:40:00.404","2026-08-11 06:40:00.404","E2004702A000000000002F","W2-D-000047","E2004702B000000000002F","W2-W-000047",12.89769200,77.60065200
3480,"7010000048","Zone A - Division 1 - Ward 2 - Block 1","Individual HHs","1-48","3rd Floor","Tenant","Vikram Sharma","8010000048","6",NULL,"2026-08-11 06:40:00.404","2026-08-11 06:40:00.404","E2004702A0000000000030","W2-D-000048","E2004702B0000000000030","W2-W-000048",12.89769400,77.60080200
3481,"7010000049","Zone A - Division 1 - Ward 2 - Block 1","Individual HHs","1-49","Ground floor","Owner","Akash Sharma","8010000049","1",NULL,"2026-08-11 06:40:00.404","2026-08-11 06:40:00.404","E2004702A0000000000031","W2-D-000049","E2004702B0000000000031","W2-W-000049",12.89769600,77.60095200
3482,"7010000050","Zone A - Division 1 - Ward 2 - Block 1","Individual HHs","1-50","1st Floor","Tenant","Siddharth Sharma","8010000050","2",NULL,"2026-08-11 06:40:00.404","2026-08-11 06:40:00.404","E2004702A0000000000032","W2-D-000050","E2004702B0000000000032","W2-W-000050",12.89769800,77.60110200
3483,"7010000051","Zone A - Division 1 - Ward 2 - Block 1","Individual HHs","2-01","2nd Floor","Owner","Ananya Sharma","8010000051","3",NULL,"2026-08-11 06:40:00.404","2026-08-11 06:40:00.404","E2004702A0000000000033","W2-D-000051","E2004702B0000000000033","W2-W-000051",12.89780000,77.59750400
3484,"7010000052","Zone A - Division 1 - Ward 2 - Block 1","Individual HHs","2-02","3rd Floor","Tenant","Aadhya Sharma","8010000052","4",NULL,"2026-08-11 06:40:00.404","2026-08-11 06:40:00.404","E2004702A0000000000034","W2-D-000052","E2004702B0000000000034","W2-W-000052",12.89780200,77.59765400
3485,"7010000053","Zone A - Division 1 - Ward 2 - Block 1","Individual HHs","2-03","Ground floor","Owner","Diya Sharma","8010000053","5",NULL,"2026-08-11 06:40:00.404","2026-08-11 06:40:00.404","E2004702A0000000000035","W2-D-000053","E2004702B0000000000035","W2-W-000053",12.89780400,77.59780400
3486,"7010000054","Zone A - Division 1 - Ward 2 - Block 1","Individual HHs","2-04","1st Floor","Tenant","Ishita Sharma","8010000054","6",NULL,"2026-08-11 06:40:00.404","2026-08-11 06:40:00.404","E2004702A0000000000036","W2-D-000054","E2004702B0000000000036","W2-W-000054",12.89780600,77.59795400
3487,"7010000055","Zone A - Division 1 - Ward 2 - Block 1","Individual HHs","2-05","2nd Floor","Owner","Kavya Sharma","8010000055","1",NULL,"2026-08-11 06:40:00.404","2026-08-11 06:40:00.404","E2004702A0000000000037","W2-D-000055","E2004702B0000000000037","W2-W-000055",12.89780800,77.59810400
3488,"7010000056","Zone A - Division 1 - Ward 2 - Block 1","Individual HHs","2-06","3rd Floor","Tenant","Meera Sharma","8010000056","2",NULL,"2026-08-11 06:40:00.404","2026-08-11 06:40:00.404","E2004702A0000000000038","W2-D-000056","E2004702B0000000000038","W2-W-000056",12.89781000,77.59825400
3489,"7010000057","Zone A - Division 1 - Ward 2 - Block 1","Individual HHs","2-07","Ground floor","Owner","Sneha Sharma","8010000057","3",NULL,"2026-08-11 06:40:00.404","2026-08-11 06:40:00.404","E2004702A0000000000039","W2-D-000057","E2004702B0000000000039","W2-W-000057",12.89781200,77.59840400
3490,"7010000058","Zone A - Division 1 - Ward 2 - Block 1","Individual HHs","2-08","1st Floor","Tenant","Pooja Sharma","8010000058","4",NULL,"2026-08-11 06:40:00.404","2026-08-11 06:40:00.404","E2004702A000000000003A","W2-D-000058","E2004702B000000000003A","W2-W-000058",12.89781400,77.59855400
3491,"7010000059","Zone A - Division 1 - Ward 2 - Block 1","Individual HHs","2-09","2nd Floor","Owner","Riya Sharma","8010000059","5",NULL,"2026-08-11 06:40:00.404","2026-08-11 06:40:00.404","E2004702A000000000003B","W2-D-000059","E2004702B000000000003B","W2-W-000059",12.89781600,77.59870400
3492,"7010000060","Zone A - Division 1 - Ward 2 - Block 1","Individual HHs","2-10","3rd Floor","Tenant","Nandini Sharma","8010000060","6",NULL,"2026-08-11 06:40:00.404","2026-08-11 06:40:00.404","E2004702A000000000003C","W2-D-000060","E2004702B000000000003C","W2-W-000060",12.89781800,77.59885400
3493,"7010000061","Zone A - Division 1 - Ward 2 - Block 1","Individual HHs","2-11","Ground floor","Owner","Sanjay Sharma","8010000061","1",NULL,"2026-08-11 06:40:00.404","2026-08-11 06:40:00.404","E2004702A000000000003D","W2-D-000061","E2004702B000000000003D","W2-W-000061",12.89782000,77.59900400
3494,"7010000062","Zone A - Division 1 - Ward 2 - Block 1","Individual HHs","2-12","1st Floor","Tenant","Manoj Sharma","8010000062","2",NULL,"2026-08-11 06:40:00.404","2026-08-11 06:40:00.404","E2004702A000000000003E","W2-D-000062","E2004702B000000000003E","W2-W-000062",12.89782200,77.59915400
3495,"7010000063","Zone A - Division 1 - Ward 2 - Block 1","Individual HHs","2-13","2nd Floor","Owner","Suresh Sharma","8010000063","3",NULL,"2026-08-11 06:40:00.404","2026-08-11 06:40:00.404","E2004702A000000000003F","W2-D-000063","E2004702B000000000003F","W2-W-000063",12.89782400,77.59930400
3496,"7010000064","Zone A - Division 1 - Ward 2 - Block 1","Individual HHs","2-14","3rd Floor","Tenant","Mahesh Sharma","8010000064","4",NULL,"2026-08-11 06:40:00.404","2026-08-11 06:40:00.404","E2004702A0000000000040","W2-D-000064","E2004702B0000000000040","W2-W-000064",12.89782600,77.59945400
3497,"7010000065","Zone A - Division 1 - Ward 2 - Block 1","Individual HHs","2-15","Ground floor","Owner","Prakash Sharma","8010000065","5",NULL,"2026-08-11 06:40:00.404","2026-08-11 06:40:00.404","E2004702A0000000000041","W2-D-000065","E2004702B0000000000041","W2-W-000065",12.89782800,77.59960400
3498,"7010000066","Zone A - Division 1 - Ward 2 - Block 1","Individual HHs","2-16","1st Floor","Tenant","Ramesh Sharma","8010000066","6",NULL,"2026-08-11 06:40:00.404","2026-08-11 06:40:00.404","E2004702A0000000000042","W2-D-000066","E2004702B0000000000042","W2-W-000066",12.89783000,77.59975400
3499,"7010000067","Zone A - Division 1 - Ward 2 - Block 1","Individual HHs","2-17","2nd Floor","Owner","Ganesh Sharma","8010000067","1",NULL,"2026-08-11 06:40:00.404","2026-08-11 06:40:00.404","E2004702A0000000000043","W2-D-000067","E2004702B0000000000043","W2-W-000067",12.89783200,77.59990400
3500,"7010000068","Zone A - Division 1 - Ward 2 - Block 1","Individual HHs","2-18","3rd Floor","Tenant","Dinesh Sharma","8010000068","2",NULL,"2026-08-11 06:40:00.404","2026-08-11 06:40:00.404","E2004702A0000000000044","W2-D-000068","E2004702B0000000000044","W2-W-000068",12.89783400,77.60005400
3501,"7010000069","Zone A - Division 1 - Ward 2 - Block 1","Individual HHs","2-19","Ground floor","Owner","Nikhil Sharma","8010000069","3",NULL,"2026-08-11 06:40:00.404","2026-08-11 06:40:00.404","E2004702A0000000000045","W2-D-000069","E2004702B0000000000045","W2-W-000069",12.89783600,77.60020400
3502,"7010000070","Zone A - Division 1 - Ward 2 - Block 1","Individual HHs","2-20","1st Floor","Tenant","Varun Sharma","8010000070","4",NULL,"2026-08-11 06:40:00.404","2026-08-11 06:40:00.404","E2004702A0000000000046","W2-D-000070","E2004702B0000000000046","W2-W-000070",12.89783800,77.60035400
3503,"7010000071","Zone A - Division 1 - Ward 2 - Block 1","Individual HHs","2-21","2nd Floor","Owner","Priya Sharma","8010000071","5",NULL,"2026-08-11 06:40:00.404","2026-08-11 06:40:00.404","E2004702A0000000000047","W2-D-000071","E2004702B0000000000047","W2-W-000071",12.89784000,77.60050400
3504,"7010000072","Zone A - Division 1 - Ward 2 - Block 1","Individual HHs","2-22","3rd Floor","Tenant","Divya Sharma","8010000072","6",NULL,"2026-08-11 06:40:00.404","2026-08-11 06:40:00.404","E2004702A0000000000048","W2-D-000072","E2004702B0000000000048","W2-W-000072",12.89784200,77.60065400
3505,"7010000073","Zone A - Division 1 - Ward 2 - Block 1","Individual HHs","2-23","Ground floor","Owner","Swathi Sharma","8010000073","1",NULL,"2026-08-11 06:40:00.404","2026-08-11 06:40:00.404","E2004702A0000000000049","W2-D-000073","E2004702B0000000000049","W2-W-000073",12.89784400,77.60080400
3506,"7010000074","Zone A - Division 1 - Ward 2 - Block 1","Individual HHs","2-24","1st Floor","Tenant","Shreya Sharma","8010000074","2",NULL,"2026-08-11 06:40:00.404","2026-08-11 06:40:00.404","E2004702A000000000004A","W2-D-000074","E2004702B000000000004A","W2-W-000074",12.89784600,77.60095400
3507,"7010000075","Zone A - Division 1 - Ward 2 - Block 1","Individual HHs","2-25","2nd Floor","Owner","Keerthi Sharma","8010000075","3",NULL,"2026-08-11 06:40:00.404","2026-08-11 06:40:00.404","E2004702A000000000004B","W2-D-000075","E2004702B000000000004B","W2-W-000075",12.89784800,77.60110400
3508,"7010000076","Zone A - Division 1 - Ward 2 - Block 1","Individual HHs","2-26","3rd Floor","Tenant","Lakshmi Sharma","8010000076","4",NULL,"2026-08-11 06:40:00.404","2026-08-11 06:40:00.404","E2004702A000000000004C","W2-D-000076","E2004702B000000000004C","W2-W-000076",12.89795000,77.59750600
3509,"7010000077","Zone A - Division 1 - Ward 2 - Block 1","Individual HHs","2-27","Ground floor","Owner","Deepa Sharma","8010000077","5",NULL,"2026-08-11 06:40:00.404","2026-08-11 06:40:00.404","E2004702A000000000004D","W2-D-000077","E2004702B000000000004D","W2-W-000077",12.89795200,77.59765600
3510,"7010000078","Zone A - Division 1 - Ward 2 - Block 1","Individual HHs","2-28","1st Floor","Tenant","Asha Sharma","8010000078","6",NULL,"2026-08-11 06:40:00.404","2026-08-11 06:40:00.404","E2004702A000000000004E","W2-D-000078","E2004702B000000000004E","W2-W-000078",12.89795400,77.59780600
3511,"7010000079","Zone A - Division 1 - Ward 2 - Block 1","Individual HHs","2-29","2nd Floor","Owner","Pallavi Sharma","8010000079","1",NULL,"2026-08-11 06:40:00.404","2026-08-11 06:40:00.404","E2004702A000000000004F","W2-D-000079","E2004702B000000000004F","W2-W-000079",12.89795600,77.59795600
3512,"7010000080","Zone A - Division 1 - Ward 2 - Block 1","Individual HHs","2-30","3rd Floor","Tenant","Bhavana Sharma","8010000080","2",NULL,"2026-08-11 06:40:00.404","2026-08-11 06:40:00.404","E2004702A0000000000050","W2-D-000080","E2004702B0000000000050","W2-W-000080",12.89795800,77.59810600
3513,"7010000081","Zone A - Division 1 - Ward 2 - Block 1","Individual HHs","2-31","Ground floor","Owner","Aarav Reddy","8010000081","3",NULL,"2026-08-11 06:40:00.404","2026-08-11 06:40:00.404","E2004702A0000000000051","W2-D-000081","E2004702B0000000000051","W2-W-000081",12.89796000,77.59825600
3514,"7010000082","Zone A - Division 1 - Ward 2 - Block 1","Individual HHs","2-32","1st Floor","Tenant","Vihaan Reddy","8010000082","4",NULL,"2026-08-11 06:40:00.404","2026-08-11 06:40:00.404","E2004702A0000000000052","W2-D-000082","E2004702B0000000000052","W2-W-000082",12.89796200,77.59840600
3515,"7010000083","Zone A - Division 1 - Ward 2 - Block 1","Individual HHs","2-33","2nd Floor","Owner","Aditya Reddy","8010000083","5",NULL,"2026-08-11 06:40:00.404","2026-08-11 06:40:00.404","E2004702A0000000000053","W2-D-000083","E2004702B0000000000053","W2-W-000083",12.89796400,77.59855600
3516,"7010000084","Zone A - Division 1 - Ward 2 - Block 1","Individual HHs","2-34","3rd Floor","Tenant","Arjun Reddy","8010000084","6",NULL,"2026-08-11 06:40:00.404","2026-08-11 06:40:00.404","E2004702A0000000000054","W2-D-000084","E2004702B0000000000054","W2-W-000084",12.89796600,77.59870600
3517,"7010000085","Zone A - Division 1 - Ward 2 - Block 1","Individual HHs","2-35","Ground floor","Owner","Rohan Reddy","8010000085","1",NULL,"2026-08-11 06:40:00.405","2026-08-11 06:40:00.405","E2004702A0000000000055","W2-D-000085","E2004702B0000000000055","W2-W-000085",12.89796800,77.59885600
3518,"7010000086","Zone A - Division 1 - Ward 2 - Block 1","Individual HHs","2-36","1st Floor","Tenant","Rahul Reddy","8010000086","2",NULL,"2026-08-11 06:40:00.405","2026-08-11 06:40:00.405","E2004702A0000000000056","W2-D-000086","E2004702B0000000000056","W2-W-000086",12.89797000,77.59900600
3519,"7010000087","Zone A - Division 1 - Ward 2 - Block 1","Individual HHs","2-37","2nd Floor","Owner","Karthik Reddy","8010000087","3",NULL,"2026-08-11 06:40:00.405","2026-08-11 06:40:00.405","E2004702A0000000000057","W2-D-000087","E2004702B0000000000057","W2-W-000087",12.89797200,77.59915600
3520,"7010000088","Zone A - Division 1 - Ward 2 - Block 1","Individual HHs","2-38","3rd Floor","Tenant","Vikram Reddy","8010000088","4",NULL,"2026-08-11 06:40:00.405","2026-08-11 06:40:00.405","E2004702A0000000000058","W2-D-000088","E2004702B0000000000058","W2-W-000088",12.89797400,77.59930600
3521,"7010000089","Zone A - Division 1 - Ward 2 - Block 1","Individual HHs","2-39","Ground floor","Owner","Akash Reddy","8010000089","5",NULL,"2026-08-11 06:40:00.405","2026-08-11 06:40:00.405","E2004702A0000000000059","W2-D-000089","E2004702B0000000000059","W2-W-000089",12.89797600,77.59945600
3522,"7010000090","Zone A - Division 1 - Ward 2 - Block 1","Individual HHs","2-40","1st Floor","Tenant","Siddharth Reddy","8010000090","6",NULL,"2026-08-11 06:40:00.405","2026-08-11 06:40:00.405","E2004702A000000000005A","W2-D-000090","E2004702B000000000005A","W2-W-000090",12.89797800,77.59960600
3523,"7010000091","Zone A - Division 1 - Ward 2 - Block 1","Individual HHs","2-41","2nd Floor","Owner","Ananya Reddy","8010000091","1",NULL,"2026-08-11 06:40:00.405","2026-08-11 06:40:00.405","E2004702A000000000005B","W2-D-000091","E2004702B000000000005B","W2-W-000091",12.89798000,77.59975600
3524,"7010000092","Zone A - Division 1 - Ward 2 - Block 1","Individual HHs","2-42","3rd Floor","Tenant","Aadhya Reddy","8010000092","2",NULL,"2026-08-11 06:40:00.405","2026-08-11 06:40:00.405","E2004702A000000000005C","W2-D-000092","E2004702B000000000005C","W2-W-000092",12.89798200,77.59990600
3525,"7010000093","Zone A - Division 1 - Ward 2 - Block 1","Individual HHs","2-43","Ground floor","Owner","Diya Reddy","8010000093","3",NULL,"2026-08-11 06:40:00.405","2026-08-11 06:40:00.405","E2004702A000000000005D","W2-D-000093","E2004702B000000000005D","W2-W-000093",12.89798400,77.60005600
3526,"7010000094","Zone A - Division 1 - Ward 2 - Block 1","Individual HHs","2-44","1st Floor","Tenant","Ishita Reddy","8010000094","4",NULL,"2026-08-11 06:40:00.405","2026-08-11 06:40:00.405","E2004702A000000000005E","W2-D-000094","E2004702B000000000005E","W2-W-000094",12.89798600,77.60020600
3527,"7010000095","Zone A - Division 1 - Ward 2 - Block 1","Individual HHs","2-45","2nd Floor","Owner","Kavya Reddy","8010000095","5",NULL,"2026-08-11 06:40:00.405","2026-08-11 06:40:00.405","E2004702A000000000005F","W2-D-000095","E2004702B000000000005F","W2-W-000095",12.89798800,77.60035600
3528,"7010000096","Zone A - Division 1 - Ward 2 - Block 1","Individual HHs","2-46","3rd Floor","Tenant","Meera Reddy","8010000096","6",NULL,"2026-08-11 06:40:00.405","2026-08-11 06:40:00.405","E2004702A0000000000060","W2-D-000096","E2004702B0000000000060","W2-W-000096",12.89799000,77.60050600
3529,"7010000097","Zone A - Division 1 - Ward 2 - Block 1","Individual HHs","2-47","Ground floor","Owner","Sneha Reddy","8010000097","1",NULL,"2026-08-11 06:40:00.405","2026-08-11 06:40:00.405","E2004702A0000000000061","W2-D-000097","E2004702B0000000000061","W2-W-000097",12.89799200,77.60065600
3530,"7010000098","Zone A - Division 1 - Ward 2 - Block 1","Individual HHs","2-48","1st Floor","Tenant","Pooja Reddy","8010000098","2",NULL,"2026-08-11 06:40:00.405","2026-08-11 06:40:00.405","E2004702A0000000000062","W2-D-000098","E2004702B0000000000062","W2-W-000098",12.89799400,77.60080600
3531,"7010000099","Zone A - Division 1 - Ward 2 - Block 1","Individual HHs","2-49","2nd Floor","Owner","Riya Reddy","8010000099","3",NULL,"2026-08-11 06:40:00.405","2026-08-11 06:40:00.405","E2004702A0000000000063","W2-D-000099","E2004702B0000000000063","W2-W-000099",12.89799600,77.60095600
3532,"7010000100","Zone A - Division 1 - Ward 2 - Block 1","Individual HHs","2-50","3rd Floor","Tenant","Nandini Reddy","8010000100","4",NULL,"2026-08-11 06:40:00.405","2026-08-11 06:40:00.405","E2004702A0000000000064","W2-D-000100","E2004702B0000000000064","W2-W-000100",12.89799800,77.60110600
3533,"7010000101","Zone A - Division 1 - Ward 2 - Block 2","Individual HHs","3-01","Ground floor","Owner","Sanjay Reddy","8010000101","5",NULL,"2026-08-11 06:40:00.405","2026-08-11 06:40:00.405","E2004702A0000000000065","W2-D-000101","E2004702B0000000000065","W2-W-000101",12.89810000,77.59750800
3534,"7010000102","Zone A - Division 1 - Ward 2 - Block 2","Individual HHs","3-02","1st Floor","Tenant","Manoj Reddy","8010000102","6",NULL,"2026-08-11 06:40:00.405","2026-08-11 06:40:00.405","E2004702A0000000000066","W2-D-000102","E2004702B0000000000066","W2-W-000102",12.89810200,77.59765800
3535,"7010000103","Zone A - Division 1 - Ward 2 - Block 2","Individual HHs","3-03","2nd Floor","Owner","Suresh Reddy","8010000103","1",NULL,"2026-08-11 06:40:00.405","2026-08-11 06:40:00.405","E2004702A0000000000067","W2-D-000103","E2004702B0000000000067","W2-W-000103",12.89810400,77.59780800
3536,"7010000104","Zone A - Division 1 - Ward 2 - Block 2","Individual HHs","3-04","3rd Floor","Tenant","Mahesh Reddy","8010000104","2",NULL,"2026-08-11 06:40:00.405","2026-08-11 06:40:00.405","E2004702A0000000000068","W2-D-000104","E2004702B0000000000068","W2-W-000104",12.89810600,77.59795800
3537,"7010000105","Zone A - Division 1 - Ward 2 - Block 2","Individual HHs","3-05","Ground floor","Owner","Prakash Reddy","8010000105","3",NULL,"2026-08-11 06:40:00.405","2026-08-11 06:40:00.405","E2004702A0000000000069","W2-D-000105","E2004702B0000000000069","W2-W-000105",12.89810800,77.59810800
3538,"7010000106","Zone A - Division 1 - Ward 2 - Block 2","Individual HHs","3-06","1st Floor","Tenant","Ramesh Reddy","8010000106","4",NULL,"2026-08-11 06:40:00.405","2026-08-11 06:40:00.405","E2004702A000000000006A","W2-D-000106","E2004702B000000000006A","W2-W-000106",12.89811000,77.59825800
3539,"7010000107","Zone A - Division 1 - Ward 2 - Block 2","Individual HHs","3-07","2nd Floor","Owner","Ganesh Reddy","8010000107","5",NULL,"2026-08-11 06:40:00.405","2026-08-11 06:40:00.405","E2004702A000000000006B","W2-D-000107","E2004702B000000000006B","W2-W-000107",12.89811200,77.59840800
3540,"7010000108","Zone A - Division 1 - Ward 2 - Block 2","Individual HHs","3-08","3rd Floor","Tenant","Dinesh Reddy","8010000108","6",NULL,"2026-08-11 06:40:00.405","2026-08-11 06:40:00.405","E2004702A000000000006C","W2-D-000108","E2004702B000000000006C","W2-W-000108",12.89811400,77.59855800
3541,"7010000109","Zone A - Division 1 - Ward 2 - Block 2","Individual HHs","3-09","Ground floor","Owner","Nikhil Reddy","8010000109","1",NULL,"2026-08-11 06:40:00.405","2026-08-11 06:40:00.405","E2004702A000000000006D","W2-D-000109","E2004702B000000000006D","W2-W-000109",12.89811600,77.59870800
3542,"7010000110","Zone A - Division 1 - Ward 2 - Block 2","Individual HHs","3-10","1st Floor","Tenant","Varun Reddy","8010000110","2",NULL,"2026-08-11 06:40:00.405","2026-08-11 06:40:00.405","E2004702A000000000006E","W2-D-000110","E2004702B000000000006E","W2-W-000110",12.89811800,77.59885800
3543,"7010000111","Zone A - Division 1 - Ward 2 - Block 2","Individual HHs","3-11","2nd Floor","Owner","Priya Reddy","8010000111","3",NULL,"2026-08-11 06:40:00.405","2026-08-11 06:40:00.405","E2004702A000000000006F","W2-D-000111","E2004702B000000000006F","W2-W-000111",12.89812000,77.59900800
3544,"7010000112","Zone A - Division 1 - Ward 2 - Block 2","Individual HHs","3-12","3rd Floor","Tenant","Divya Reddy","8010000112","4",NULL,"2026-08-11 06:40:00.405","2026-08-11 06:40:00.405","E2004702A0000000000070","W2-D-000112","E2004702B0000000000070","W2-W-000112",12.89812200,77.59915800
3545,"7010000113","Zone A - Division 1 - Ward 2 - Block 2","Individual HHs","3-13","Ground floor","Owner","Swathi Reddy","8010000113","5",NULL,"2026-08-11 06:40:00.405","2026-08-11 06:40:00.405","E2004702A0000000000071","W2-D-000113","E2004702B0000000000071","W2-W-000113",12.89812400,77.59930800
3546,"7010000114","Zone A - Division 1 - Ward 2 - Block 2","Individual HHs","3-14","1st Floor","Tenant","Shreya Reddy","8010000114","6",NULL,"2026-08-11 06:40:00.405","2026-08-11 06:40:00.405","E2004702A0000000000072","W2-D-000114","E2004702B0000000000072","W2-W-000114",12.89812600,77.59945800
3547,"7010000115","Zone A - Division 1 - Ward 2 - Block 2","Individual HHs","3-15","2nd Floor","Owner","Keerthi Reddy","8010000115","1",NULL,"2026-08-11 06:40:00.405","2026-08-11 06:40:00.405","E2004702A0000000000073","W2-D-000115","E2004702B0000000000073","W2-W-000115",12.89812800,77.59960800
3548,"7010000116","Zone A - Division 1 - Ward 2 - Block 2","Individual HHs","3-16","3rd Floor","Tenant","Lakshmi Reddy","8010000116","2",NULL,"2026-08-11 06:40:00.405","2026-08-11 06:40:00.405","E2004702A0000000000074","W2-D-000116","E2004702B0000000000074","W2-W-000116",12.89813000,77.59975800
3549,"7010000117","Zone A - Division 1 - Ward 2 - Block 2","Individual HHs","3-17","Ground floor","Owner","Deepa Reddy","8010000117","3",NULL,"2026-08-11 06:40:00.405","2026-08-11 06:40:00.405","E2004702A0000000000075","W2-D-000117","E2004702B0000000000075","W2-W-000117",12.89813200,77.59990800
3550,"7010000118","Zone A - Division 1 - Ward 2 - Block 2","Individual HHs","3-18","1st Floor","Tenant","Asha Reddy","8010000118","4",NULL,"2026-08-11 06:40:00.405","2026-08-11 06:40:00.405","E2004702A0000000000076","W2-D-000118","E2004702B0000000000076","W2-W-000118",12.89813400,77.60005800
3551,"7010000119","Zone A - Division 1 - Ward 2 - Block 2","Individual HHs","3-19","2nd Floor","Owner","Pallavi Reddy","8010000119","5",NULL,"2026-08-11 06:40:00.405","2026-08-11 06:40:00.405","E2004702A0000000000077","W2-D-000119","E2004702B0000000000077","W2-W-000119",12.89813600,77.60020800
3552,"7010000120","Zone A - Division 1 - Ward 2 - Block 2","Individual HHs","3-20","3rd Floor","Tenant","Bhavana Reddy","8010000120","6",NULL,"2026-08-11 06:40:00.405","2026-08-11 06:40:00.405","E2004702A0000000000078","W2-D-000120","E2004702B0000000000078","W2-W-000120",12.89813800,77.60035800
3553,"7010000121","Zone A - Division 1 - Ward 2 - Block 2","Individual HHs","3-21","Ground floor","Owner","Aarav Shetty","8010000121","1",NULL,"2026-08-11 06:40:00.405","2026-08-11 06:40:00.405","E2004702A0000000000079","W2-D-000121","E2004702B0000000000079","W2-W-000121",12.89814000,77.60050800
3554,"7010000122","Zone A - Division 1 - Ward 2 - Block 2","Individual HHs","3-22","1st Floor","Tenant","Vihaan Shetty","8010000122","2",NULL,"2026-08-11 06:40:00.405","2026-08-11 06:40:00.405","E2004702A000000000007A","W2-D-000122","E2004702B000000000007A","W2-W-000122",12.89814200,77.60065800
3555,"7010000123","Zone A - Division 1 - Ward 2 - Block 2","Individual HHs","3-23","2nd Floor","Owner","Aditya Shetty","8010000123","3",NULL,"2026-08-11 06:40:00.405","2026-08-11 06:40:00.405","E2004702A000000000007B","W2-D-000123","E2004702B000000000007B","W2-W-000123",12.89814400,77.60080800
3556,"7010000124","Zone A - Division 1 - Ward 2 - Block 2","Individual HHs","3-24","3rd Floor","Tenant","Arjun Shetty","8010000124","4",NULL,"2026-08-11 06:40:00.405","2026-08-11 06:40:00.405","E2004702A000000000007C","W2-D-000124","E2004702B000000000007C","W2-W-000124",12.89814600,77.60095800
3557,"7010000125","Zone A - Division 1 - Ward 2 - Block 2","Individual HHs","3-25","Ground floor","Owner","Rohan Shetty","8010000125","5",NULL,"2026-08-11 06:40:00.405","2026-08-11 06:40:00.405","E2004702A000000000007D","W2-D-000125","E2004702B000000000007D","W2-W-000125",12.89814800,77.60110800
3558,"7010000126","Zone A - Division 1 - Ward 2 - Block 2","Individual HHs","3-26","1st Floor","Tenant","Rahul Shetty","8010000126","6",NULL,"2026-08-11 06:40:00.405","2026-08-11 06:40:00.405","E2004702A000000000007E","W2-D-000126","E2004702B000000000007E","W2-W-000126",12.89825000,77.59751000
3559,"7010000127","Zone A - Division 1 - Ward 2 - Block 2","Individual HHs","3-27","2nd Floor","Owner","Karthik Shetty","8010000127","1",NULL,"2026-08-11 06:40:00.405","2026-08-11 06:40:00.405","E2004702A000000000007F","W2-D-000127","E2004702B000000000007F","W2-W-000127",12.89825200,77.59766000
3560,"7010000128","Zone A - Division 1 - Ward 2 - Block 2","Individual HHs","3-28","3rd Floor","Tenant","Vikram Shetty","8010000128","2",NULL,"2026-08-11 06:40:00.405","2026-08-11 06:40:00.405","E2004702A0000000000080","W2-D-000128","E2004702B0000000000080","W2-W-000128",12.89825400,77.59781000
3561,"7010000129","Zone A - Division 1 - Ward 2 - Block 2","Individual HHs","3-29","Ground floor","Owner","Akash Shetty","8010000129","3",NULL,"2026-08-11 06:40:00.405","2026-08-11 06:40:00.405","E2004702A0000000000081","W2-D-000129","E2004702B0000000000081","W2-W-000129",12.89825600,77.59796000
3562,"7010000130","Zone A - Division 1 - Ward 2 - Block 2","Individual HHs","3-30","1st Floor","Tenant","Siddharth Shetty","8010000130","4",NULL,"2026-08-11 06:40:00.405","2026-08-11 06:40:00.405","E2004702A0000000000082","W2-D-000130","E2004702B0000000000082","W2-W-000130",12.89825800,77.59811000
3563,"7010000131","Zone A - Division 1 - Ward 2 - Block 2","Individual HHs","3-31","2nd Floor","Owner","Ananya Shetty","8010000131","5",NULL,"2026-08-11 06:40:00.405","2026-08-11 06:40:00.405","E2004702A0000000000083","W2-D-000131","E2004702B0000000000083","W2-W-000131",12.89826000,77.59826000
3564,"7010000132","Zone A - Division 1 - Ward 2 - Block 2","Individual HHs","3-32","3rd Floor","Tenant","Aadhya Shetty","8010000132","6",NULL,"2026-08-11 06:40:00.405","2026-08-11 06:40:00.405","E2004702A0000000000084","W2-D-000132","E2004702B0000000000084","W2-W-000132",12.89826200,77.59841000
3565,"7010000133","Zone A - Division 1 - Ward 2 - Block 2","Individual HHs","3-33","Ground floor","Owner","Diya Shetty","8010000133","1",NULL,"2026-08-11 06:40:00.405","2026-08-11 06:40:00.405","E2004702A0000000000085","W2-D-000133","E2004702B0000000000085","W2-W-000133",12.89826400,77.59856000
3566,"7010000134","Zone A - Division 1 - Ward 2 - Block 2","Individual HHs","3-34","1st Floor","Tenant","Ishita Shetty","8010000134","2",NULL,"2026-08-11 06:40:00.405","2026-08-11 06:40:00.405","E2004702A0000000000086","W2-D-000134","E2004702B0000000000086","W2-W-000134",12.89826600,77.59871000
3567,"7010000135","Zone A - Division 1 - Ward 2 - Block 2","Individual HHs","3-35","2nd Floor","Owner","Kavya Shetty","8010000135","3",NULL,"2026-08-11 06:40:00.405","2026-08-11 06:40:00.405","E2004702A0000000000087","W2-D-000135","E2004702B0000000000087","W2-W-000135",12.89826800,77.59886000
3568,"7010000136","Zone A - Division 1 - Ward 2 - Block 2","Individual HHs","3-36","3rd Floor","Tenant","Meera Shetty","8010000136","4",NULL,"2026-08-11 06:40:00.405","2026-08-11 06:40:00.405","E2004702A0000000000088","W2-D-000136","E2004702B0000000000088","W2-W-000136",12.89827000,77.59901000
3569,"7010000137","Zone A - Division 1 - Ward 2 - Block 2","Individual HHs","3-37","Ground floor","Owner","Sneha Shetty","8010000137","5",NULL,"2026-08-11 06:40:00.405","2026-08-11 06:40:00.405","E2004702A0000000000089","W2-D-000137","E2004702B0000000000089","W2-W-000137",12.89827200,77.59916000
3570,"7010000138","Zone A - Division 1 - Ward 2 - Block 2","Individual HHs","3-38","1st Floor","Tenant","Pooja Shetty","8010000138","6",NULL,"2026-08-11 06:40:00.405","2026-08-11 06:40:00.405","E2004702A000000000008A","W2-D-000138","E2004702B000000000008A","W2-W-000138",12.89827400,77.59931000
3571,"7010000139","Zone A - Division 1 - Ward 2 - Block 2","Individual HHs","3-39","2nd Floor","Owner","Riya Shetty","8010000139","1",NULL,"2026-08-11 06:40:00.405","2026-08-11 06:40:00.405","E2004702A000000000008B","W2-D-000139","E2004702B000000000008B","W2-W-000139",12.89827600,77.59946000
3572,"7010000140","Zone A - Division 1 - Ward 2 - Block 2","Individual HHs","3-40","3rd Floor","Tenant","Nandini Shetty","8010000140","2",NULL,"2026-08-11 06:40:00.405","2026-08-11 06:40:00.405","E2004702A000000000008C","W2-D-000140","E2004702B000000000008C","W2-W-000140",12.89827800,77.59961000
3573,"7010000141","Zone A - Division 1 - Ward 2 - Block 2","Individual HHs","3-41","Ground floor","Owner","Sanjay Shetty","8010000141","3",NULL,"2026-08-11 06:40:00.405","2026-08-11 06:40:00.405","E2004702A000000000008D","W2-D-000141","E2004702B000000000008D","W2-W-000141",12.89828000,77.59976000
3574,"7010000142","Zone A - Division 1 - Ward 2 - Block 2","Individual HHs","3-42","1st Floor","Tenant","Manoj Shetty","8010000142","4",NULL,"2026-08-11 06:40:00.405","2026-08-11 06:40:00.405","E2004702A000000000008E","W2-D-000142","E2004702B000000000008E","W2-W-000142",12.89828200,77.59991000
3575,"7010000143","Zone A - Division 1 - Ward 2 - Block 2","Individual HHs","3-43","2nd Floor","Owner","Suresh Shetty","8010000143","5",NULL,"2026-08-11 06:40:00.405","2026-08-11 06:40:00.405","E2004702A000000000008F","W2-D-000143","E2004702B000000000008F","W2-W-000143",12.89828400,77.60006000
3576,"7010000144","Zone A - Division 1 - Ward 2 - Block 2","Individual HHs","3-44","3rd Floor","Tenant","Mahesh Shetty","8010000144","6",NULL,"2026-08-11 06:40:00.405","2026-08-11 06:40:00.405","E2004702A0000000000090","W2-D-000144","E2004702B0000000000090","W2-W-000144",12.89828600,77.60021000
3577,"7010000145","Zone A - Division 1 - Ward 2 - Block 2","Individual HHs","3-45","Ground floor","Owner","Prakash Shetty","8010000145","1",NULL,"2026-08-11 06:40:00.405","2026-08-11 06:40:00.405","E2004702A0000000000091","W2-D-000145","E2004702B0000000000091","W2-W-000145",12.89828800,77.60036000
3578,"7010000146","Zone A - Division 1 - Ward 2 - Block 2","Individual HHs","3-46","1st Floor","Tenant","Ramesh Shetty","8010000146","2",NULL,"2026-08-11 06:40:00.405","2026-08-11 06:40:00.405","E2004702A0000000000092","W2-D-000146","E2004702B0000000000092","W2-W-000146",12.89829000,77.60051000
3579,"7010000147","Zone A - Division 1 - Ward 2 - Block 2","Individual HHs","3-47","2nd Floor","Owner","Ganesh Shetty","8010000147","3",NULL,"2026-08-11 06:40:00.405","2026-08-11 06:40:00.405","E2004702A0000000000093","W2-D-000147","E2004702B0000000000093","W2-W-000147",12.89829200,77.60066000
3580,"7010000148","Zone A - Division 1 - Ward 2 - Block 2","Individual HHs","3-48","3rd Floor","Tenant","Dinesh Shetty","8010000148","4",NULL,"2026-08-11 06:40:00.405","2026-08-11 06:40:00.405","E2004702A0000000000094","W2-D-000148","E2004702B0000000000094","W2-W-000148",12.89829400,77.60081000
3581,"7010000149","Zone A - Division 1 - Ward 2 - Block 2","Individual HHs","3-49","Ground floor","Owner","Nikhil Shetty","8010000149","5",NULL,"2026-08-11 06:40:00.405","2026-08-11 06:40:00.405","E2004702A0000000000095","W2-D-000149","E2004702B0000000000095","W2-W-000149",12.89829600,77.60096000
3582,"7010000150","Zone A - Division 1 - Ward 2 - Block 2","Individual HHs","3-50","1st Floor","Tenant","Varun Shetty","8010000150","6",NULL,"2026-08-11 06:40:00.405","2026-08-11 06:40:00.405","E2004702A0000000000096","W2-D-000150","E2004702B0000000000096","W2-W-000150",12.89829800,77.60111000
3583,"7010000151","Zone A - Division 1 - Ward 2 - Block 2","Individual HHs","4-01","2nd Floor","Owner","Priya Shetty","8010000151","1",NULL,"2026-08-11 06:40:00.405","2026-08-11 06:40:00.405","E2004702A0000000000097","W2-D-000151","E2004702B0000000000097","W2-W-000151",12.89840000,77.59751200
3584,"7010000152","Zone A - Division 1 - Ward 2 - Block 2","Individual HHs","4-02","3rd Floor","Tenant","Divya Shetty","8010000152","2",NULL,"2026-08-11 06:40:00.405","2026-08-11 06:40:00.405","E2004702A0000000000098","W2-D-000152","E2004702B0000000000098","W2-W-000152",12.89840200,77.59766200
3585,"7010000153","Zone A - Division 1 - Ward 2 - Block 2","Individual HHs","4-03","Ground floor","Owner","Swathi Shetty","8010000153","3",NULL,"2026-08-11 06:40:00.405","2026-08-11 06:40:00.405","E2004702A0000000000099","W2-D-000153","E2004702B0000000000099","W2-W-000153",12.89840400,77.59781200
3586,"7010000154","Zone A - Division 1 - Ward 2 - Block 2","Individual HHs","4-04","1st Floor","Tenant","Shreya Shetty","8010000154","4",NULL,"2026-08-11 06:40:00.405","2026-08-11 06:40:00.405","E2004702A000000000009A","W2-D-000154","E2004702B000000000009A","W2-W-000154",12.89840600,77.59796200
3587,"7010000155","Zone A - Division 1 - Ward 2 - Block 2","Individual HHs","4-05","2nd Floor","Owner","Keerthi Shetty","8010000155","5",NULL,"2026-08-11 06:40:00.405","2026-08-11 06:40:00.405","E2004702A000000000009B","W2-D-000155","E2004702B000000000009B","W2-W-000155",12.89840800,77.59811200
3588,"7010000156","Zone A - Division 1 - Ward 2 - Block 2","Individual HHs","4-06","3rd Floor","Tenant","Lakshmi Shetty","8010000156","6",NULL,"2026-08-11 06:40:00.405","2026-08-11 06:40:00.405","E2004702A000000000009C","W2-D-000156","E2004702B000000000009C","W2-W-000156",12.89841000,77.59826200
3589,"7010000157","Zone A - Division 1 - Ward 2 - Block 2","Individual HHs","4-07","Ground floor","Owner","Deepa Shetty","8010000157","1",NULL,"2026-08-11 06:40:00.405","2026-08-11 06:40:00.405","E2004702A000000000009D","W2-D-000157","E2004702B000000000009D","W2-W-000157",12.89841200,77.59841200
3590,"7010000158","Zone A - Division 1 - Ward 2 - Block 2","Individual HHs","4-08","1st Floor","Tenant","Asha Shetty","8010000158","2",NULL,"2026-08-11 06:40:00.405","2026-08-11 06:40:00.405","E2004702A000000000009E","W2-D-000158","E2004702B000000000009E","W2-W-000158",12.89841400,77.59856200
3591,"7010000159","Zone A - Division 1 - Ward 2 - Block 2","Individual HHs","4-09","2nd Floor","Owner","Pallavi Shetty","8010000159","3",NULL,"2026-08-11 06:40:00.405","2026-08-11 06:40:00.405","E2004702A000000000009F","W2-D-000159","E2004702B000000000009F","W2-W-000159",12.89841600,77.59871200
3592,"7010000160","Zone A - Division 1 - Ward 2 - Block 2","Individual HHs","4-10","3rd Floor","Tenant","Bhavana Shetty","8010000160","4",NULL,"2026-08-11 06:40:00.405","2026-08-11 06:40:00.405","E2004702A00000000000A0","W2-D-000160","E2004702B00000000000A0","W2-W-000160",12.89841800,77.59886200
3593,"7010000161","Zone A - Division 1 - Ward 2 - Block 2","Individual HHs","4-11","Ground floor","Owner","Aarav Gowda","8010000161","5",NULL,"2026-08-11 06:40:00.405","2026-08-11 06:40:00.405","E2004702A00000000000A1","W2-D-000161","E2004702B00000000000A1","W2-W-000161",12.89842000,77.59901200
3594,"7010000162","Zone A - Division 1 - Ward 2 - Block 2","Individual HHs","4-12","1st Floor","Tenant","Vihaan Gowda","8010000162","6",NULL,"2026-08-11 06:40:00.405","2026-08-11 06:40:00.405","E2004702A00000000000A2","W2-D-000162","E2004702B00000000000A2","W2-W-000162",12.89842200,77.59916200
3595,"7010000163","Zone A - Division 1 - Ward 2 - Block 2","Individual HHs","4-13","2nd Floor","Owner","Aditya Gowda","8010000163","1",NULL,"2026-08-11 06:40:00.405","2026-08-11 06:40:00.405","E2004702A00000000000A3","W2-D-000163","E2004702B00000000000A3","W2-W-000163",12.89842400,77.59931200
3596,"7010000164","Zone A - Division 1 - Ward 2 - Block 2","Individual HHs","4-14","3rd Floor","Tenant","Arjun Gowda","8010000164","2",NULL,"2026-08-11 06:40:00.405","2026-08-11 06:40:00.405","E2004702A00000000000A4","W2-D-000164","E2004702B00000000000A4","W2-W-000164",12.89842600,77.59946200
3597,"7010000165","Zone A - Division 1 - Ward 2 - Block 2","Individual HHs","4-15","Ground floor","Owner","Rohan Gowda","8010000165","3",NULL,"2026-08-11 06:40:00.405","2026-08-11 06:40:00.405","E2004702A00000000000A5","W2-D-000165","E2004702B00000000000A5","W2-W-000165",12.89842800,77.59961200
3598,"7010000166","Zone A - Division 1 - Ward 2 - Block 2","Individual HHs","4-16","1st Floor","Tenant","Rahul Gowda","8010000166","4",NULL,"2026-08-11 06:40:00.405","2026-08-11 06:40:00.405","E2004702A00000000000A6","W2-D-000166","E2004702B00000000000A6","W2-W-000166",12.89843000,77.59976200
3599,"7010000167","Zone A - Division 1 - Ward 2 - Block 2","Individual HHs","4-17","2nd Floor","Owner","Karthik Gowda","8010000167","5",NULL,"2026-08-11 06:40:00.405","2026-08-11 06:40:00.405","E2004702A00000000000A7","W2-D-000167","E2004702B00000000000A7","W2-W-000167",12.89843200,77.59991200
3600,"7010000168","Zone A - Division 1 - Ward 2 - Block 2","Individual HHs","4-18","3rd Floor","Tenant","Vikram Gowda","8010000168","6",NULL,"2026-08-11 06:40:00.405","2026-08-11 06:40:00.405","E2004702A00000000000A8","W2-D-000168","E2004702B00000000000A8","W2-W-000168",12.89843400,77.60006200
3601,"7010000169","Zone A - Division 1 - Ward 2 - Block 2","Individual HHs","4-19","Ground floor","Owner","Akash Gowda","8010000169","1",NULL,"2026-08-11 06:40:00.405","2026-08-11 06:40:00.405","E2004702A00000000000A9","W2-D-000169","E2004702B00000000000A9","W2-W-000169",12.89843600,77.60021200
3602,"7010000170","Zone A - Division 1 - Ward 2 - Block 2","Individual HHs","4-20","1st Floor","Tenant","Siddharth Gowda","8010000170","2",NULL,"2026-08-11 06:40:00.405","2026-08-11 06:40:00.405","E2004702A00000000000AA","W2-D-000170","E2004702B00000000000AA","W2-W-000170",12.89843800,77.60036200
3603,"7010000171","Zone A - Division 1 - Ward 2 - Block 2","Individual HHs","4-21","2nd Floor","Owner","Ananya Gowda","8010000171","3",NULL,"2026-08-11 06:40:00.405","2026-08-11 06:40:00.405","E2004702A00000000000AB","W2-D-000171","E2004702B00000000000AB","W2-W-000171",12.89844000,77.60051200
3604,"7010000172","Zone A - Division 1 - Ward 2 - Block 2","Individual HHs","4-22","3rd Floor","Tenant","Aadhya Gowda","8010000172","4",NULL,"2026-08-11 06:40:00.405","2026-08-11 06:40:00.405","E2004702A00000000000AC","W2-D-000172","E2004702B00000000000AC","W2-W-000172",12.89844200,77.60066200
3605,"7010000173","Zone A - Division 1 - Ward 2 - Block 2","Individual HHs","4-23","Ground floor","Owner","Diya Gowda","8010000173","5",NULL,"2026-08-11 06:40:00.405","2026-08-11 06:40:00.405","E2004702A00000000000AD","W2-D-000173","E2004702B00000000000AD","W2-W-000173",12.89844400,77.60081200
3606,"7010000174","Zone A - Division 1 - Ward 2 - Block 2","Individual HHs","4-24","1st Floor","Tenant","Ishita Gowda","8010000174","6",NULL,"2026-08-11 06:40:00.405","2026-08-11 06:40:00.405","E2004702A00000000000AE","W2-D-000174","E2004702B00000000000AE","W2-W-000174",12.89844600,77.60096200
3607,"7010000175","Zone A - Division 1 - Ward 2 - Block 2","Individual HHs","4-25","2nd Floor","Owner","Kavya Gowda","8010000175","1",NULL,"2026-08-11 06:40:00.405","2026-08-11 06:40:00.405","E2004702A00000000000AF","W2-D-000175","E2004702B00000000000AF","W2-W-000175",12.89844800,77.60111200
3608,"7010000176","Zone A - Division 1 - Ward 2 - Block 2","Individual HHs","4-26","3rd Floor","Tenant","Meera Gowda","8010000176","2",NULL,"2026-08-11 06:40:00.405","2026-08-11 06:40:00.405","E2004702A00000000000B0","W2-D-000176","E2004702B00000000000B0","W2-W-000176",12.89855000,77.59751400
3609,"7010000177","Zone A - Division 1 - Ward 2 - Block 2","Individual HHs","4-27","Ground floor","Owner","Sneha Gowda","8010000177","3",NULL,"2026-08-11 06:40:00.405","2026-08-11 06:40:00.405","E2004702A00000000000B1","W2-D-000177","E2004702B00000000000B1","W2-W-000177",12.89855200,77.59766400
3610,"7010000178","Zone A - Division 1 - Ward 2 - Block 2","Individual HHs","4-28","1st Floor","Tenant","Pooja Gowda","8010000178","4",NULL,"2026-08-11 06:40:00.405","2026-08-11 06:40:00.405","E2004702A00000000000B2","W2-D-000178","E2004702B00000000000B2","W2-W-000178",12.89855400,77.59781400
3611,"7010000179","Zone A - Division 1 - Ward 2 - Block 2","Individual HHs","4-29","2nd Floor","Owner","Riya Gowda","8010000179","5",NULL,"2026-08-11 06:40:00.405","2026-08-11 06:40:00.405","E2004702A00000000000B3","W2-D-000179","E2004702B00000000000B3","W2-W-000179",12.89855600,77.59796400
3612,"7010000180","Zone A - Division 1 - Ward 2 - Block 2","Individual HHs","4-30","3rd Floor","Tenant","Nandini Gowda","8010000180","6",NULL,"2026-08-11 06:40:00.405","2026-08-11 06:40:00.405","E2004702A00000000000B4","W2-D-000180","E2004702B00000000000B4","W2-W-000180",12.89855800,77.59811400
3613,"7010000181","Zone A - Division 1 - Ward 2 - Block 2","Individual HHs","4-31","Ground floor","Owner","Sanjay Gowda","8010000181","1",NULL,"2026-08-11 06:40:00.405","2026-08-11 06:40:00.405","E2004702A00000000000B5","W2-D-000181","E2004702B00000000000B5","W2-W-000181",12.89856000,77.59826400
3614,"7010000182","Zone A - Division 1 - Ward 2 - Block 2","Individual HHs","4-32","1st Floor","Tenant","Manoj Gowda","8010000182","2",NULL,"2026-08-11 06:40:00.405","2026-08-11 06:40:00.405","E2004702A00000000000B6","W2-D-000182","E2004702B00000000000B6","W2-W-000182",12.89856200,77.59841400
3615,"7010000183","Zone A - Division 1 - Ward 2 - Block 2","Individual HHs","4-33","2nd Floor","Owner","Suresh Gowda","8010000183","3",NULL,"2026-08-11 06:40:00.405","2026-08-11 06:40:00.405","E2004702A00000000000B7","W2-D-000183","E2004702B00000000000B7","W2-W-000183",12.89856400,77.59856400
3616,"7010000184","Zone A - Division 1 - Ward 2 - Block 2","Individual HHs","4-34","3rd Floor","Tenant","Mahesh Gowda","8010000184","4",NULL,"2026-08-11 06:40:00.405","2026-08-11 06:40:00.405","E2004702A00000000000B8","W2-D-000184","E2004702B00000000000B8","W2-W-000184",12.89856600,77.59871400
3617,"7010000185","Zone A - Division 1 - Ward 2 - Block 2","Individual HHs","4-35","Ground floor","Owner","Prakash Gowda","8010000185","5",NULL,"2026-08-11 06:40:00.405","2026-08-11 06:40:00.405","E2004702A00000000000B9","W2-D-000185","E2004702B00000000000B9","W2-W-000185",12.89856800,77.59886400
3618,"7010000186","Zone A - Division 1 - Ward 2 - Block 2","Individual HHs","4-36","1st Floor","Tenant","Ramesh Gowda","8010000186","6",NULL,"2026-08-11 06:40:00.405","2026-08-11 06:40:00.405","E2004702A00000000000BA","W2-D-000186","E2004702B00000000000BA","W2-W-000186",12.89857000,77.59901400
3619,"7010000187","Zone A - Division 1 - Ward 2 - Block 2","Individual HHs","4-37","2nd Floor","Owner","Ganesh Gowda","8010000187","1",NULL,"2026-08-11 06:40:00.405","2026-08-11 06:40:00.405","E2004702A00000000000BB","W2-D-000187","E2004702B00000000000BB","W2-W-000187",12.89857200,77.59916400
3620,"7010000188","Zone A - Division 1 - Ward 2 - Block 2","Individual HHs","4-38","3rd Floor","Tenant","Dinesh Gowda","8010000188","2",NULL,"2026-08-11 06:40:00.405","2026-08-11 06:40:00.405","E2004702A00000000000BC","W2-D-000188","E2004702B00000000000BC","W2-W-000188",12.89857400,77.59931400
3621,"7010000189","Zone A - Division 1 - Ward 2 - Block 2","Individual HHs","4-39","Ground floor","Owner","Nikhil Gowda","8010000189","3",NULL,"2026-08-11 06:40:00.405","2026-08-11 06:40:00.405","E2004702A00000000000BD","W2-D-000189","E2004702B00000000000BD","W2-W-000189",12.89857600,77.59946400
3622,"7010000190","Zone A - Division 1 - Ward 2 - Block 2","Individual HHs","4-40","1st Floor","Tenant","Varun Gowda","8010000190","4",NULL,"2026-08-11 06:40:00.405","2026-08-11 06:40:00.405","E2004702A00000000000BE","W2-D-000190","E2004702B00000000000BE","W2-W-000190",12.89857800,77.59961400
3623,"7010000191","Zone A - Division 1 - Ward 2 - Block 2","Individual HHs","4-41","2nd Floor","Owner","Priya Gowda","8010000191","5",NULL,"2026-08-11 06:40:00.405","2026-08-11 06:40:00.405","E2004702A00000000000BF","W2-D-000191","E2004702B00000000000BF","W2-W-000191",12.89858000,77.59976400
3624,"7010000192","Zone A - Division 1 - Ward 2 - Block 2","Individual HHs","4-42","3rd Floor","Tenant","Divya Gowda","8010000192","6",NULL,"2026-08-11 06:40:00.405","2026-08-11 06:40:00.405","E2004702A00000000000C0","W2-D-000192","E2004702B00000000000C0","W2-W-000192",12.89858200,77.59991400
3625,"7010000193","Zone A - Division 1 - Ward 2 - Block 2","Individual HHs","4-43","Ground floor","Owner","Swathi Gowda","8010000193","1",NULL,"2026-08-11 06:40:00.405","2026-08-11 06:40:00.405","E2004702A00000000000C1","W2-D-000193","E2004702B00000000000C1","W2-W-000193",12.89858400,77.60006400
3626,"7010000194","Zone A - Division 1 - Ward 2 - Block 2","Individual HHs","4-44","1st Floor","Tenant","Shreya Gowda","8010000194","2",NULL,"2026-08-11 06:40:00.405","2026-08-11 06:40:00.405","E2004702A00000000000C2","W2-D-000194","E2004702B00000000000C2","W2-W-000194",12.89858600,77.60021400
3627,"7010000195","Zone A - Division 1 - Ward 2 - Block 2","Individual HHs","4-45","2nd Floor","Owner","Keerthi Gowda","8010000195","3",NULL,"2026-08-11 06:40:00.405","2026-08-11 06:40:00.405","E2004702A00000000000C3","W2-D-000195","E2004702B00000000000C3","W2-W-000195",12.89858800,77.60036400
3628,"7010000196","Zone A - Division 1 - Ward 2 - Block 2","Individual HHs","4-46","3rd Floor","Tenant","Lakshmi Gowda","8010000196","4",NULL,"2026-08-11 06:40:00.405","2026-08-11 06:40:00.405","E2004702A00000000000C4","W2-D-000196","E2004702B00000000000C4","W2-W-000196",12.89859000,77.60051400
3629,"7010000197","Zone A - Division 1 - Ward 2 - Block 2","Individual HHs","4-47","Ground floor","Owner","Deepa Gowda","8010000197","5",NULL,"2026-08-11 06:40:00.405","2026-08-11 06:40:00.405","E2004702A00000000000C5","W2-D-000197","E2004702B00000000000C5","W2-W-000197",12.89859200,77.60066400
3630,"7010000198","Zone A - Division 1 - Ward 2 - Block 2","Individual HHs","4-48","1st Floor","Tenant","Asha Gowda","8010000198","6",NULL,"2026-08-11 06:40:00.405","2026-08-11 06:40:00.405","E2004702A00000000000C6","W2-D-000198","E2004702B00000000000C6","W2-W-000198",12.89859400,77.60081400
3631,"7010000199","Zone A - Division 1 - Ward 2 - Block 2","Individual HHs","4-49","2nd Floor","Owner","Pallavi Gowda","8010000199","1",NULL,"2026-08-11 06:40:00.405","2026-08-11 06:40:00.405","E2004702A00000000000C7","W2-D-000199","E2004702B00000000000C7","W2-W-000199",12.89859600,77.60096400
3632,"7010000200","Zone A - Division 1 - Ward 2 - Block 2","Individual HHs","4-50","3rd Floor","Tenant","Bhavana Gowda","8010000200","2",NULL,"2026-08-11 06:40:00.405","2026-08-11 06:40:00.405","E2004702A00000000000C8","W2-D-000200","E2004702B00000000000C8","W2-W-000200",12.89859800,77.60111400
3633,"7010000201","Zone A - Division 1 - Ward 2 - Block 3","Individual HHs","5-01","Ground floor","Owner","Aarav Rao","8010000201","3",NULL,"2026-08-11 06:40:00.405","2026-08-11 06:40:00.405","E2004702A00000000000C9","W2-D-000201","E2004702B00000000000C9","W2-W-000201",12.89870000,77.59751600
3634,"7010000202","Zone A - Division 1 - Ward 2 - Block 3","Individual HHs","5-02","1st Floor","Tenant","Vihaan Rao","8010000202","4",NULL,"2026-08-11 06:40:00.405","2026-08-11 06:40:00.405","E2004702A00000000000CA","W2-D-000202","E2004702B00000000000CA","W2-W-000202",12.89870200,77.59766600
3635,"7010000203","Zone A - Division 1 - Ward 2 - Block 3","Individual HHs","5-03","2nd Floor","Owner","Aditya Rao","8010000203","5",NULL,"2026-08-11 06:40:00.405","2026-08-11 06:40:00.405","E2004702A00000000000CB","W2-D-000203","E2004702B00000000000CB","W2-W-000203",12.89870400,77.59781600
3636,"7010000204","Zone A - Division 1 - Ward 2 - Block 3","Individual HHs","5-04","3rd Floor","Tenant","Arjun Rao","8010000204","6",NULL,"2026-08-11 06:40:00.405","2026-08-11 06:40:00.405","E2004702A00000000000CC","W2-D-000204","E2004702B00000000000CC","W2-W-000204",12.89870600,77.59796600
3637,"7010000205","Zone A - Division 1 - Ward 2 - Block 3","Individual HHs","5-05","Ground floor","Owner","Rohan Rao","8010000205","1",NULL,"2026-08-11 06:40:00.405","2026-08-11 06:40:00.405","E2004702A00000000000CD","W2-D-000205","E2004702B00000000000CD","W2-W-000205",12.89870800,77.59811600
3638,"7010000206","Zone A - Division 1 - Ward 2 - Block 3","Individual HHs","5-06","1st Floor","Tenant","Rahul Rao","8010000206","2",NULL,"2026-08-11 06:40:00.405","2026-08-11 06:40:00.405","E2004702A00000000000CE","W2-D-000206","E2004702B00000000000CE","W2-W-000206",12.89871000,77.59826600
3639,"7010000207","Zone A - Division 1 - Ward 2 - Block 3","Individual HHs","5-07","2nd Floor","Owner","Karthik Rao","8010000207","3",NULL,"2026-08-11 06:40:00.405","2026-08-11 06:40:00.405","E2004702A00000000000CF","W2-D-000207","E2004702B00000000000CF","W2-W-000207",12.89871200,77.59841600
3640,"7010000208","Zone A - Division 1 - Ward 2 - Block 3","Individual HHs","5-08","3rd Floor","Tenant","Vikram Rao","8010000208","4",NULL,"2026-08-11 06:40:00.405","2026-08-11 06:40:00.405","E2004702A00000000000D0","W2-D-000208","E2004702B00000000000D0","W2-W-000208",12.89871400,77.59856600
3641,"7010000209","Zone A - Division 1 - Ward 2 - Block 3","Individual HHs","5-09","Ground floor","Owner","Akash Rao","8010000209","5",NULL,"2026-08-11 06:40:00.405","2026-08-11 06:40:00.405","E2004702A00000000000D1","W2-D-000209","E2004702B00000000000D1","W2-W-000209",12.89871600,77.59871600
3642,"7010000210","Zone A - Division 1 - Ward 2 - Block 3","Individual HHs","5-10","1st Floor","Tenant","Siddharth Rao","8010000210","6",NULL,"2026-08-11 06:40:00.405","2026-08-11 06:40:00.405","E2004702A00000000000D2","W2-D-000210","E2004702B00000000000D2","W2-W-000210",12.89871800,77.59886600
3643,"7010000211","Zone A - Division 1 - Ward 2 - Block 3","Individual HHs","5-11","2nd Floor","Owner","Ananya Rao","8010000211","1",NULL,"2026-08-11 06:40:00.405","2026-08-11 06:40:00.405","E2004702A00000000000D3","W2-D-000211","E2004702B00000000000D3","W2-W-000211",12.89872000,77.59901600
3644,"7010000212","Zone A - Division 1 - Ward 2 - Block 3","Individual HHs","5-12","3rd Floor","Tenant","Aadhya Rao","8010000212","2",NULL,"2026-08-11 06:40:00.405","2026-08-11 06:40:00.405","E2004702A00000000000D4","W2-D-000212","E2004702B00000000000D4","W2-W-000212",12.89872200,77.59916600
3645,"7010000213","Zone A - Division 1 - Ward 2 - Block 3","Individual HHs","5-13","Ground floor","Owner","Diya Rao","8010000213","3",NULL,"2026-08-11 06:40:00.405","2026-08-11 06:40:00.405","E2004702A00000000000D5","W2-D-000213","E2004702B00000000000D5","W2-W-000213",12.89872400,77.59931600
3646,"7010000214","Zone A - Division 1 - Ward 2 - Block 3","Individual HHs","5-14","1st Floor","Tenant","Ishita Rao","8010000214","4",NULL,"2026-08-11 06:40:00.405","2026-08-11 06:40:00.405","E2004702A00000000000D6","W2-D-000214","E2004702B00000000000D6","W2-W-000214",12.89872600,77.59946600
3647,"7010000215","Zone A - Division 1 - Ward 2 - Block 3","Individual HHs","5-15","2nd Floor","Owner","Kavya Rao","8010000215","5",NULL,"2026-08-11 06:40:00.405","2026-08-11 06:40:00.405","E2004702A00000000000D7","W2-D-000215","E2004702B00000000000D7","W2-W-000215",12.89872800,77.59961600
3648,"7010000216","Zone A - Division 1 - Ward 2 - Block 3","Individual HHs","5-16","3rd Floor","Tenant","Meera Rao","8010000216","6",NULL,"2026-08-11 06:40:00.405","2026-08-11 06:40:00.405","E2004702A00000000000D8","W2-D-000216","E2004702B00000000000D8","W2-W-000216",12.89873000,77.59976600
3649,"7010000217","Zone A - Division 1 - Ward 2 - Block 3","Individual HHs","5-17","Ground floor","Owner","Sneha Rao","8010000217","1",NULL,"2026-08-11 06:40:00.405","2026-08-11 06:40:00.405","E2004702A00000000000D9","W2-D-000217","E2004702B00000000000D9","W2-W-000217",12.89873200,77.59991600
3650,"7010000218","Zone A - Division 1 - Ward 2 - Block 3","Individual HHs","5-18","1st Floor","Tenant","Pooja Rao","8010000218","2",NULL,"2026-08-11 06:40:00.405","2026-08-11 06:40:00.405","E2004702A00000000000DA","W2-D-000218","E2004702B00000000000DA","W2-W-000218",12.89873400,77.60006600
3651,"7010000219","Zone A - Division 1 - Ward 2 - Block 3","Individual HHs","5-19","2nd Floor","Owner","Riya Rao","8010000219","3",NULL,"2026-08-11 06:40:00.405","2026-08-11 06:40:00.405","E2004702A00000000000DB","W2-D-000219","E2004702B00000000000DB","W2-W-000219",12.89873600,77.60021600
3652,"7010000220","Zone A - Division 1 - Ward 2 - Block 3","Individual HHs","5-20","3rd Floor","Tenant","Nandini Rao","8010000220","4",NULL,"2026-08-11 06:40:00.405","2026-08-11 06:40:00.405","E2004702A00000000000DC","W2-D-000220","E2004702B00000000000DC","W2-W-000220",12.89873800,77.60036600
3653,"7010000221","Zone A - Division 1 - Ward 2 - Block 3","Individual HHs","5-21","Ground floor","Owner","Sanjay Rao","8010000221","5",NULL,"2026-08-11 06:40:00.405","2026-08-11 06:40:00.405","E2004702A00000000000DD","W2-D-000221","E2004702B00000000000DD","W2-W-000221",12.89874000,77.60051600
3654,"7010000222","Zone A - Division 1 - Ward 2 - Block 3","Individual HHs","5-22","1st Floor","Tenant","Manoj Rao","8010000222","6",NULL,"2026-08-11 06:40:00.405","2026-08-11 06:40:00.405","E2004702A00000000000DE","W2-D-000222","E2004702B00000000000DE","W2-W-000222",12.89874200,77.60066600
3655,"7010000223","Zone A - Division 1 - Ward 2 - Block 3","Individual HHs","5-23","2nd Floor","Owner","Suresh Rao","8010000223","1",NULL,"2026-08-11 06:40:00.405","2026-08-11 06:40:00.405","E2004702A00000000000DF","W2-D-000223","E2004702B00000000000DF","W2-W-000223",12.89874400,77.60081600
3656,"7010000224","Zone A - Division 1 - Ward 2 - Block 3","Individual HHs","5-24","3rd Floor","Tenant","Mahesh Rao","8010000224","2",NULL,"2026-08-11 06:40:00.405","2026-08-11 06:40:00.405","E2004702A00000000000E0","W2-D-000224","E2004702B00000000000E0","W2-W-000224",12.89874600,77.60096600
3657,"7010000225","Zone A - Division 1 - Ward 2 - Block 3","Individual HHs","5-25","Ground floor","Owner","Prakash Rao","8010000225","3",NULL,"2026-08-11 06:40:00.405","2026-08-11 06:40:00.405","E2004702A00000000000E1","W2-D-000225","E2004702B00000000000E1","W2-W-000225",12.89874800,77.60111600
3658,"7010000226","Zone A - Division 1 - Ward 2 - Block 3","Individual HHs","5-26","1st Floor","Tenant","Ramesh Rao","8010000226","4",NULL,"2026-08-11 06:40:00.405","2026-08-11 06:40:00.405","E2004702A00000000000E2","W2-D-000226","E2004702B00000000000E2","W2-W-000226",12.89885000,77.59751800
3659,"7010000227","Zone A - Division 1 - Ward 2 - Block 3","Individual HHs","5-27","2nd Floor","Owner","Ganesh Rao","8010000227","5",NULL,"2026-08-11 06:40:00.405","2026-08-11 06:40:00.405","E2004702A00000000000E3","W2-D-000227","E2004702B00000000000E3","W2-W-000227",12.89885200,77.59766800
3660,"7010000228","Zone A - Division 1 - Ward 2 - Block 3","Individual HHs","5-28","3rd Floor","Tenant","Dinesh Rao","8010000228","6",NULL,"2026-08-11 06:40:00.405","2026-08-11 06:40:00.405","E2004702A00000000000E4","W2-D-000228","E2004702B00000000000E4","W2-W-000228",12.89885400,77.59781800
3661,"7010000229","Zone A - Division 1 - Ward 2 - Block 3","Individual HHs","5-29","Ground floor","Owner","Nikhil Rao","8010000229","1",NULL,"2026-08-11 06:40:00.405","2026-08-11 06:40:00.405","E2004702A00000000000E5","W2-D-000229","E2004702B00000000000E5","W2-W-000229",12.89885600,77.59796800
3662,"7010000230","Zone A - Division 1 - Ward 2 - Block 3","Individual HHs","5-30","1st Floor","Tenant","Varun Rao","8010000230","2",NULL,"2026-08-11 06:40:00.405","2026-08-11 06:40:00.405","E2004702A00000000000E6","W2-D-000230","E2004702B00000000000E6","W2-W-000230",12.89885800,77.59811800
3663,"7010000231","Zone A - Division 1 - Ward 2 - Block 3","Individual HHs","5-31","2nd Floor","Owner","Priya Rao","8010000231","3",NULL,"2026-08-11 06:40:00.405","2026-08-11 06:40:00.405","E2004702A00000000000E7","W2-D-000231","E2004702B00000000000E7","W2-W-000231",12.89886000,77.59826800
3664,"7010000232","Zone A - Division 1 - Ward 2 - Block 3","Individual HHs","5-32","3rd Floor","Tenant","Divya Rao","8010000232","4",NULL,"2026-08-11 06:40:00.405","2026-08-11 06:40:00.405","E2004702A00000000000E8","W2-D-000232","E2004702B00000000000E8","W2-W-000232",12.89886200,77.59841800
3665,"7010000233","Zone A - Division 1 - Ward 2 - Block 3","Individual HHs","5-33","Ground floor","Owner","Swathi Rao","8010000233","5",NULL,"2026-08-11 06:40:00.405","2026-08-11 06:40:00.405","E2004702A00000000000E9","W2-D-000233","E2004702B00000000000E9","W2-W-000233",12.89886400,77.59856800
3666,"7010000234","Zone A - Division 1 - Ward 2 - Block 3","Individual HHs","5-34","1st Floor","Tenant","Shreya Rao","8010000234","6",NULL,"2026-08-11 06:40:00.405","2026-08-11 06:40:00.405","E2004702A00000000000EA","W2-D-000234","E2004702B00000000000EA","W2-W-000234",12.89886600,77.59871800
3667,"7010000235","Zone A - Division 1 - Ward 2 - Block 3","Individual HHs","5-35","2nd Floor","Owner","Keerthi Rao","8010000235","1",NULL,"2026-08-11 06:40:00.405","2026-08-11 06:40:00.405","E2004702A00000000000EB","W2-D-000235","E2004702B00000000000EB","W2-W-000235",12.89886800,77.59886800
3668,"7010000236","Zone A - Division 1 - Ward 2 - Block 3","Individual HHs","5-36","3rd Floor","Tenant","Lakshmi Rao","8010000236","2",NULL,"2026-08-11 06:40:00.405","2026-08-11 06:40:00.405","E2004702A00000000000EC","W2-D-000236","E2004702B00000000000EC","W2-W-000236",12.89887000,77.59901800
3669,"7010000237","Zone A - Division 1 - Ward 2 - Block 3","Individual HHs","5-37","Ground floor","Owner","Deepa Rao","8010000237","3",NULL,"2026-08-11 06:40:00.405","2026-08-11 06:40:00.405","E2004702A00000000000ED","W2-D-000237","E2004702B00000000000ED","W2-W-000237",12.89887200,77.59916800
3670,"7010000238","Zone A - Division 1 - Ward 2 - Block 3","Individual HHs","5-38","1st Floor","Tenant","Asha Rao","8010000238","4",NULL,"2026-08-11 06:40:00.405","2026-08-11 06:40:00.405","E2004702A00000000000EE","W2-D-000238","E2004702B00000000000EE","W2-W-000238",12.89887400,77.59931800
3671,"7010000239","Zone A - Division 1 - Ward 2 - Block 3","Individual HHs","5-39","2nd Floor","Owner","Pallavi Rao","8010000239","5",NULL,"2026-08-11 06:40:00.405","2026-08-11 06:40:00.405","E2004702A00000000000EF","W2-D-000239","E2004702B00000000000EF","W2-W-000239",12.89887600,77.59946800
3672,"7010000240","Zone A - Division 1 - Ward 2 - Block 3","Individual HHs","5-40","3rd Floor","Tenant","Bhavana Rao","8010000240","6",NULL,"2026-08-11 06:40:00.405","2026-08-11 06:40:00.405","E2004702A00000000000F0","W2-D-000240","E2004702B00000000000F0","W2-W-000240",12.89887800,77.59961800
3673,"7010000241","Zone A - Division 1 - Ward 2 - Block 3","Individual HHs","5-41","Ground floor","Owner","Aarav Patil","8010000241","1",NULL,"2026-08-11 06:40:00.405","2026-08-11 06:40:00.405","E2004702A00000000000F1","W2-D-000241","E2004702B00000000000F1","W2-W-000241",12.89888000,77.59976800
3674,"7010000242","Zone A - Division 1 - Ward 2 - Block 3","Individual HHs","5-42","1st Floor","Tenant","Vihaan Patil","8010000242","2",NULL,"2026-08-11 06:40:00.405","2026-08-11 06:40:00.405","E2004702A00000000000F2","W2-D-000242","E2004702B00000000000F2","W2-W-000242",12.89888200,77.59991800
3675,"7010000243","Zone A - Division 1 - Ward 2 - Block 3","Individual HHs","5-43","2nd Floor","Owner","Aditya Patil","8010000243","3",NULL,"2026-08-11 06:40:00.405","2026-08-11 06:40:00.405","E2004702A00000000000F3","W2-D-000243","E2004702B00000000000F3","W2-W-000243",12.89888400,77.60006800
3676,"7010000244","Zone A - Division 1 - Ward 2 - Block 3","Individual HHs","5-44","3rd Floor","Tenant","Arjun Patil","8010000244","4",NULL,"2026-08-11 06:40:00.405","2026-08-11 06:40:00.405","E2004702A00000000000F4","W2-D-000244","E2004702B00000000000F4","W2-W-000244",12.89888600,77.60021800
3677,"7010000245","Zone A - Division 1 - Ward 2 - Block 3","Individual HHs","5-45","Ground floor","Owner","Rohan Patil","8010000245","5",NULL,"2026-08-11 06:40:00.405","2026-08-11 06:40:00.405","E2004702A00000000000F5","W2-D-000245","E2004702B00000000000F5","W2-W-000245",12.89888800,77.60036800
3678,"7010000246","Zone A - Division 1 - Ward 2 - Block 3","Individual HHs","5-46","1st Floor","Tenant","Rahul Patil","8010000246","6",NULL,"2026-08-11 06:40:00.405","2026-08-11 06:40:00.405","E2004702A00000000000F6","W2-D-000246","E2004702B00000000000F6","W2-W-000246",12.89889000,77.60051800
3679,"7010000247","Zone A - Division 1 - Ward 2 - Block 3","Individual HHs","5-47","2nd Floor","Owner","Karthik Patil","8010000247","1",NULL,"2026-08-11 06:40:00.405","2026-08-11 06:40:00.405","E2004702A00000000000F7","W2-D-000247","E2004702B00000000000F7","W2-W-000247",12.89889200,77.60066800
3680,"7010000248","Zone A - Division 1 - Ward 2 - Block 3","Individual HHs","5-48","3rd Floor","Tenant","Vikram Patil","8010000248","2",NULL,"2026-08-11 06:40:00.405","2026-08-11 06:40:00.405","E2004702A00000000000F8","W2-D-000248","E2004702B00000000000F8","W2-W-000248",12.89889400,77.60081800
3681,"7010000249","Zone A - Division 1 - Ward 2 - Block 3","Individual HHs","5-49","Ground floor","Owner","Akash Patil","8010000249","3",NULL,"2026-08-11 06:40:00.405","2026-08-11 06:40:00.405","E2004702A00000000000F9","W2-D-000249","E2004702B00000000000F9","W2-W-000249",12.89889600,77.60096800
3682,"7010000250","Zone A - Division 1 - Ward 2 - Block 3","Individual HHs","5-50","1st Floor","Tenant","Siddharth Patil","8010000250","4",NULL,"2026-08-11 06:40:00.405","2026-08-11 06:40:00.405","E2004702A00000000000FA","W2-D-000250","E2004702B00000000000FA","W2-W-000250",12.89889800,77.60111800
3683,"7010000251","Zone A - Division 1 - Ward 2 - Block 3","Individual HHs","6-01","2nd Floor","Owner","Ananya Patil","8010000251","5",NULL,"2026-08-11 06:40:00.405","2026-08-11 06:40:00.405","E2004702A00000000000FB","W2-D-000251","E2004702B00000000000FB","W2-W-000251",12.89900000,77.59752000
3684,"7010000252","Zone A - Division 1 - Ward 2 - Block 3","Individual HHs","6-02","3rd Floor","Tenant","Aadhya Patil","8010000252","6",NULL,"2026-08-11 06:40:00.405","2026-08-11 06:40:00.405","E2004702A00000000000FC","W2-D-000252","E2004702B00000000000FC","W2-W-000252",12.89900200,77.59767000
3685,"7010000253","Zone A - Division 1 - Ward 2 - Block 3","Individual HHs","6-03","Ground floor","Owner","Diya Patil","8010000253","1",NULL,"2026-08-11 06:40:00.405","2026-08-11 06:40:00.405","E2004702A00000000000FD","W2-D-000253","E2004702B00000000000FD","W2-W-000253",12.89900400,77.59782000
3686,"7010000254","Zone A - Division 1 - Ward 2 - Block 3","Individual HHs","6-04","1st Floor","Tenant","Ishita Patil","8010000254","2",NULL,"2026-08-11 06:40:00.405","2026-08-11 06:40:00.405","E2004702A00000000000FE","W2-D-000254","E2004702B00000000000FE","W2-W-000254",12.89900600,77.59797000
3687,"7010000255","Zone A - Division 1 - Ward 2 - Block 3","Individual HHs","6-05","2nd Floor","Owner","Kavya Patil","8010000255","3",NULL,"2026-08-11 06:40:00.405","2026-08-11 06:40:00.405","E2004702A00000000000FF","W2-D-000255","E2004702B00000000000FF","W2-W-000255",12.89900800,77.59812000
3688,"7010000256","Zone A - Division 1 - Ward 2 - Block 3","Individual HHs","6-06","3rd Floor","Tenant","Meera Patil","8010000256","4",NULL,"2026-08-11 06:40:00.405","2026-08-11 06:40:00.405","E2004702A0000000000100","W2-D-000256","E2004702B0000000000100","W2-W-000256",12.89901000,77.59827000
3689,"7010000257","Zone A - Division 1 - Ward 2 - Block 3","Individual HHs","6-07","Ground floor","Owner","Sneha Patil","8010000257","5",NULL,"2026-08-11 06:40:00.405","2026-08-11 06:40:00.405","E2004702A0000000000101","W2-D-000257","E2004702B0000000000101","W2-W-000257",12.89901200,77.59842000
3690,"7010000258","Zone A - Division 1 - Ward 2 - Block 3","Individual HHs","6-08","1st Floor","Tenant","Pooja Patil","8010000258","6",NULL,"2026-08-11 06:40:00.405","2026-08-11 06:40:00.405","E2004702A0000000000102","W2-D-000258","E2004702B0000000000102","W2-W-000258",12.89901400,77.59857000
3691,"7010000259","Zone A - Division 1 - Ward 2 - Block 3","Individual HHs","6-09","2nd Floor","Owner","Riya Patil","8010000259","1",NULL,"2026-08-11 06:40:00.405","2026-08-11 06:40:00.405","E2004702A0000000000103","W2-D-000259","E2004702B0000000000103","W2-W-000259",12.89901600,77.59872000
3692,"7010000260","Zone A - Division 1 - Ward 2 - Block 3","Individual HHs","6-10","3rd Floor","Tenant","Nandini Patil","8010000260","2",NULL,"2026-08-11 06:40:00.405","2026-08-11 06:40:00.405","E2004702A0000000000104","W2-D-000260","E2004702B0000000000104","W2-W-000260",12.89901800,77.59887000
3693,"7010000261","Zone A - Division 1 - Ward 2 - Block 3","Individual HHs","6-11","Ground floor","Owner","Sanjay Patil","8010000261","3",NULL,"2026-08-11 06:40:00.405","2026-08-11 06:40:00.405","E2004702A0000000000105","W2-D-000261","E2004702B0000000000105","W2-W-000261",12.89902000,77.59902000
3694,"7010000262","Zone A - Division 1 - Ward 2 - Block 3","Individual HHs","6-12","1st Floor","Tenant","Manoj Patil","8010000262","4",NULL,"2026-08-11 06:40:00.405","2026-08-11 06:40:00.405","E2004702A0000000000106","W2-D-000262","E2004702B0000000000106","W2-W-000262",12.89902200,77.59917000
3695,"7010000263","Zone A - Division 1 - Ward 2 - Block 3","Individual HHs","6-13","2nd Floor","Owner","Suresh Patil","8010000263","5",NULL,"2026-08-11 06:40:00.405","2026-08-11 06:40:00.405","E2004702A0000000000107","W2-D-000263","E2004702B0000000000107","W2-W-000263",12.89902400,77.59932000
3696,"7010000264","Zone A - Division 1 - Ward 2 - Block 3","Individual HHs","6-14","3rd Floor","Tenant","Mahesh Patil","8010000264","6",NULL,"2026-08-11 06:40:00.405","2026-08-11 06:40:00.405","E2004702A0000000000108","W2-D-000264","E2004702B0000000000108","W2-W-000264",12.89902600,77.59947000
3697,"7010000265","Zone A - Division 1 - Ward 2 - Block 3","Individual HHs","6-15","Ground floor","Owner","Prakash Patil","8010000265","1",NULL,"2026-08-11 06:40:00.405","2026-08-11 06:40:00.405","E2004702A0000000000109","W2-D-000265","E2004702B0000000000109","W2-W-000265",12.89902800,77.59962000
3698,"7010000266","Zone A - Division 1 - Ward 2 - Block 3","Individual HHs","6-16","1st Floor","Tenant","Ramesh Patil","8010000266","2",NULL,"2026-08-11 06:40:00.405","2026-08-11 06:40:00.405","E2004702A000000000010A","W2-D-000266","E2004702B000000000010A","W2-W-000266",12.89903000,77.59977000
3699,"7010000267","Zone A - Division 1 - Ward 2 - Block 3","Individual HHs","6-17","2nd Floor","Owner","Ganesh Patil","8010000267","3",NULL,"2026-08-11 06:40:00.405","2026-08-11 06:40:00.405","E2004702A000000000010B","W2-D-000267","E2004702B000000000010B","W2-W-000267",12.89903200,77.59992000
3700,"7010000268","Zone A - Division 1 - Ward 2 - Block 3","Individual HHs","6-18","3rd Floor","Tenant","Dinesh Patil","8010000268","4",NULL,"2026-08-11 06:40:00.405","2026-08-11 06:40:00.405","E2004702A000000000010C","W2-D-000268","E2004702B000000000010C","W2-W-000268",12.89903400,77.60007000
3701,"7010000269","Zone A - Division 1 - Ward 2 - Block 3","Individual HHs","6-19","Ground floor","Owner","Nikhil Patil","8010000269","5",NULL,"2026-08-11 06:40:00.405","2026-08-11 06:40:00.405","E2004702A000000000010D","W2-D-000269","E2004702B000000000010D","W2-W-000269",12.89903600,77.60022000
3702,"7010000270","Zone A - Division 1 - Ward 2 - Block 3","Individual HHs","6-20","1st Floor","Tenant","Varun Patil","8010000270","6",NULL,"2026-08-11 06:40:00.405","2026-08-11 06:40:00.405","E2004702A000000000010E","W2-D-000270","E2004702B000000000010E","W2-W-000270",12.89903800,77.60037000
3703,"7010000271","Zone A - Division 1 - Ward 2 - Block 3","Individual HHs","6-21","2nd Floor","Owner","Priya Patil","8010000271","1",NULL,"2026-08-11 06:40:00.405","2026-08-11 06:40:00.405","E2004702A000000000010F","W2-D-000271","E2004702B000000000010F","W2-W-000271",12.89904000,77.60052000
3704,"7010000272","Zone A - Division 1 - Ward 2 - Block 3","Individual HHs","6-22","3rd Floor","Tenant","Divya Patil","8010000272","2",NULL,"2026-08-11 06:40:00.405","2026-08-11 06:40:00.405","E2004702A0000000000110","W2-D-000272","E2004702B0000000000110","W2-W-000272",12.89904200,77.60067000
3705,"7010000273","Zone A - Division 1 - Ward 2 - Block 3","Individual HHs","6-23","Ground floor","Owner","Swathi Patil","8010000273","3",NULL,"2026-08-11 06:40:00.405","2026-08-11 06:40:00.405","E2004702A0000000000111","W2-D-000273","E2004702B0000000000111","W2-W-000273",12.89904400,77.60082000
3706,"7010000274","Zone A - Division 1 - Ward 2 - Block 3","Individual HHs","6-24","1st Floor","Tenant","Shreya Patil","8010000274","4",NULL,"2026-08-11 06:40:00.405","2026-08-11 06:40:00.405","E2004702A0000000000112","W2-D-000274","E2004702B0000000000112","W2-W-000274",12.89904600,77.60097000
3707,"7010000275","Zone A - Division 1 - Ward 2 - Block 3","Individual HHs","6-25","2nd Floor","Owner","Keerthi Patil","8010000275","5",NULL,"2026-08-11 06:40:00.405","2026-08-11 06:40:00.405","E2004702A0000000000113","W2-D-000275","E2004702B0000000000113","W2-W-000275",12.89904800,77.60112000
3708,"7010000276","Zone A - Division 1 - Ward 2 - Block 3","Individual HHs","6-26","3rd Floor","Tenant","Lakshmi Patil","8010000276","6",NULL,"2026-08-11 06:40:00.405","2026-08-11 06:40:00.405","E2004702A0000000000114","W2-D-000276","E2004702B0000000000114","W2-W-000276",12.89915000,77.59752200
3709,"7010000277","Zone A - Division 1 - Ward 2 - Block 3","Individual HHs","6-27","Ground floor","Owner","Deepa Patil","8010000277","1",NULL,"2026-08-11 06:40:00.405","2026-08-11 06:40:00.405","E2004702A0000000000115","W2-D-000277","E2004702B0000000000115","W2-W-000277",12.89915200,77.59767200
3710,"7010000278","Zone A - Division 1 - Ward 2 - Block 3","Individual HHs","6-28","1st Floor","Tenant","Asha Patil","8010000278","2",NULL,"2026-08-11 06:40:00.405","2026-08-11 06:40:00.405","E2004702A0000000000116","W2-D-000278","E2004702B0000000000116","W2-W-000278",12.89915400,77.59782200
3711,"7010000279","Zone A - Division 1 - Ward 2 - Block 3","Individual HHs","6-29","2nd Floor","Owner","Pallavi Patil","8010000279","3",NULL,"2026-08-11 06:40:00.405","2026-08-11 06:40:00.405","E2004702A0000000000117","W2-D-000279","E2004702B0000000000117","W2-W-000279",12.89915600,77.59797200
3712,"7010000280","Zone A - Division 1 - Ward 2 - Block 3","Individual HHs","6-30","3rd Floor","Tenant","Bhavana Patil","8010000280","4",NULL,"2026-08-11 06:40:00.405","2026-08-11 06:40:00.405","E2004702A0000000000118","W2-D-000280","E2004702B0000000000118","W2-W-000280",12.89915800,77.59812200
3713,"7010000281","Zone A - Division 1 - Ward 2 - Block 3","Individual HHs","6-31","Ground floor","Owner","Aarav Naik","8010000281","5",NULL,"2026-08-11 06:40:00.405","2026-08-11 06:40:00.405","E2004702A0000000000119","W2-D-000281","E2004702B0000000000119","W2-W-000281",12.89916000,77.59827200
3714,"7010000282","Zone A - Division 1 - Ward 2 - Block 3","Individual HHs","6-32","1st Floor","Tenant","Vihaan Naik","8010000282","6",NULL,"2026-08-11 06:40:00.405","2026-08-11 06:40:00.405","E2004702A000000000011A","W2-D-000282","E2004702B000000000011A","W2-W-000282",12.89916200,77.59842200
3715,"7010000283","Zone A - Division 1 - Ward 2 - Block 3","Individual HHs","6-33","2nd Floor","Owner","Aditya Naik","8010000283","1",NULL,"2026-08-11 06:40:00.405","2026-08-11 06:40:00.405","E2004702A000000000011B","W2-D-000283","E2004702B000000000011B","W2-W-000283",12.89916400,77.59857200
3716,"7010000284","Zone A - Division 1 - Ward 2 - Block 3","Individual HHs","6-34","3rd Floor","Tenant","Arjun Naik","8010000284","2",NULL,"2026-08-11 06:40:00.405","2026-08-11 06:40:00.405","E2004702A000000000011C","W2-D-000284","E2004702B000000000011C","W2-W-000284",12.89916600,77.59872200
3717,"7010000285","Zone A - Division 1 - Ward 2 - Block 3","Individual HHs","6-35","Ground floor","Owner","Rohan Naik","8010000285","3",NULL,"2026-08-11 06:40:00.405","2026-08-11 06:40:00.405","E2004702A000000000011D","W2-D-000285","E2004702B000000000011D","W2-W-000285",12.89916800,77.59887200
3718,"7010000286","Zone A - Division 1 - Ward 2 - Block 3","Individual HHs","6-36","1st Floor","Tenant","Rahul Naik","8010000286","4",NULL,"2026-08-11 06:40:00.405","2026-08-11 06:40:00.405","E2004702A000000000011E","W2-D-000286","E2004702B000000000011E","W2-W-000286",12.89917000,77.59902200
3719,"7010000287","Zone A - Division 1 - Ward 2 - Block 3","Individual HHs","6-37","2nd Floor","Owner","Karthik Naik","8010000287","5",NULL,"2026-08-11 06:40:00.405","2026-08-11 06:40:00.405","E2004702A000000000011F","W2-D-000287","E2004702B000000000011F","W2-W-000287",12.89917200,77.59917200
3720,"7010000288","Zone A - Division 1 - Ward 2 - Block 3","Individual HHs","6-38","3rd Floor","Tenant","Vikram Naik","8010000288","6",NULL,"2026-08-11 06:40:00.405","2026-08-11 06:40:00.405","E2004702A0000000000120","W2-D-000288","E2004702B0000000000120","W2-W-000288",12.89917400,77.59932200
3721,"7010000289","Zone A - Division 1 - Ward 2 - Block 3","Individual HHs","6-39","Ground floor","Owner","Akash Naik","8010000289","1",NULL,"2026-08-11 06:40:00.405","2026-08-11 06:40:00.405","E2004702A0000000000121","W2-D-000289","E2004702B0000000000121","W2-W-000289",12.89917600,77.59947200
3722,"7010000290","Zone A - Division 1 - Ward 2 - Block 3","Individual HHs","6-40","1st Floor","Tenant","Siddharth Naik","8010000290","2",NULL,"2026-08-11 06:40:00.405","2026-08-11 06:40:00.405","E2004702A0000000000122","W2-D-000290","E2004702B0000000000122","W2-W-000290",12.89917800,77.59962200
3723,"7010000291","Zone A - Division 1 - Ward 2 - Block 3","Individual HHs","6-41","2nd Floor","Owner","Ananya Naik","8010000291","3",NULL,"2026-08-11 06:40:00.405","2026-08-11 06:40:00.405","E2004702A0000000000123","W2-D-000291","E2004702B0000000000123","W2-W-000291",12.89918000,77.59977200
3724,"7010000292","Zone A - Division 1 - Ward 2 - Block 3","Individual HHs","6-42","3rd Floor","Tenant","Aadhya Naik","8010000292","4",NULL,"2026-08-11 06:40:00.405","2026-08-11 06:40:00.405","E2004702A0000000000124","W2-D-000292","E2004702B0000000000124","W2-W-000292",12.89918200,77.59992200
3725,"7010000293","Zone A - Division 1 - Ward 2 - Block 3","Individual HHs","6-43","Ground floor","Owner","Diya Naik","8010000293","5",NULL,"2026-08-11 06:40:00.405","2026-08-11 06:40:00.405","E2004702A0000000000125","W2-D-000293","E2004702B0000000000125","W2-W-000293",12.89918400,77.60007200
3726,"7010000294","Zone A - Division 1 - Ward 2 - Block 3","Individual HHs","6-44","1st Floor","Tenant","Ishita Naik","8010000294","6",NULL,"2026-08-11 06:40:00.405","2026-08-11 06:40:00.405","E2004702A0000000000126","W2-D-000294","E2004702B0000000000126","W2-W-000294",12.89918600,77.60022200
3727,"7010000295","Zone A - Division 1 - Ward 2 - Block 3","Individual HHs","6-45","2nd Floor","Owner","Kavya Naik","8010000295","1",NULL,"2026-08-11 06:40:00.405","2026-08-11 06:40:00.405","E2004702A0000000000127","W2-D-000295","E2004702B0000000000127","W2-W-000295",12.89918800,77.60037200
3728,"7010000296","Zone A - Division 1 - Ward 2 - Block 3","Individual HHs","6-46","3rd Floor","Tenant","Meera Naik","8010000296","2",NULL,"2026-08-11 06:40:00.405","2026-08-11 06:40:00.405","E2004702A0000000000128","W2-D-000296","E2004702B0000000000128","W2-W-000296",12.89919000,77.60052200
3729,"7010000297","Zone A - Division 1 - Ward 2 - Block 3","Individual HHs","6-47","Ground floor","Owner","Sneha Naik","8010000297","3",NULL,"2026-08-11 06:40:00.405","2026-08-11 06:40:00.405","E2004702A0000000000129","W2-D-000297","E2004702B0000000000129","W2-W-000297",12.89919200,77.60067200
3730,"7010000298","Zone A - Division 1 - Ward 2 - Block 3","Individual HHs","6-48","1st Floor","Tenant","Pooja Naik","8010000298","4",NULL,"2026-08-11 06:40:00.405","2026-08-11 06:40:00.405","E2004702A000000000012A","W2-D-000298","E2004702B000000000012A","W2-W-000298",12.89919400,77.60082200
3731,"7010000299","Zone A - Division 1 - Ward 2 - Block 3","Individual HHs","6-49","2nd Floor","Owner","Riya Naik","8010000299","5",NULL,"2026-08-11 06:40:00.405","2026-08-11 06:40:00.405","E2004702A000000000012B","W2-D-000299","E2004702B000000000012B","W2-W-000299",12.89919600,77.60097200
3732,"7010000300","Zone A - Division 1 - Ward 2 - Block 3","Individual HHs","6-50","3rd Floor","Tenant","Nandini Naik","8010000300","6",NULL,"2026-08-11 06:40:00.405","2026-08-11 06:40:00.405","E2004702A000000000012C","W2-D-000300","E2004702B000000000012C","W2-W-000300",12.89919800,77.60112200
3733,"7010000301","Zone A - Division 1 - Ward 2 - Block 4","Individual HHs","7-01","Ground floor","Owner","Sanjay Naik","8010000301","1",NULL,"2026-08-11 06:40:00.405","2026-08-11 06:40:00.405","E2004702A000000000012D","W2-D-000301","E2004702B000000000012D","W2-W-000301",12.89930000,77.59752400
3734,"7010000302","Zone A - Division 1 - Ward 2 - Block 4","Individual HHs","7-02","1st Floor","Tenant","Manoj Naik","8010000302","2",NULL,"2026-08-11 06:40:00.405","2026-08-11 06:40:00.405","E2004702A000000000012E","W2-D-000302","E2004702B000000000012E","W2-W-000302",12.89930200,77.59767400
3735,"7010000303","Zone A - Division 1 - Ward 2 - Block 4","Individual HHs","7-03","2nd Floor","Owner","Suresh Naik","8010000303","3",NULL,"2026-08-11 06:40:00.405","2026-08-11 06:40:00.405","E2004702A000000000012F","W2-D-000303","E2004702B000000000012F","W2-W-000303",12.89930400,77.59782400
3736,"7010000304","Zone A - Division 1 - Ward 2 - Block 4","Individual HHs","7-04","3rd Floor","Tenant","Mahesh Naik","8010000304","4",NULL,"2026-08-11 06:40:00.405","2026-08-11 06:40:00.405","E2004702A0000000000130","W2-D-000304","E2004702B0000000000130","W2-W-000304",12.89930600,77.59797400
3737,"7010000305","Zone A - Division 1 - Ward 2 - Block 4","Individual HHs","7-05","Ground floor","Owner","Prakash Naik","8010000305","5",NULL,"2026-08-11 06:40:00.405","2026-08-11 06:40:00.405","E2004702A0000000000131","W2-D-000305","E2004702B0000000000131","W2-W-000305",12.89930800,77.59812400
3738,"7010000306","Zone A - Division 1 - Ward 2 - Block 4","Individual HHs","7-06","1st Floor","Tenant","Ramesh Naik","8010000306","6",NULL,"2026-08-11 06:40:00.405","2026-08-11 06:40:00.405","E2004702A0000000000132","W2-D-000306","E2004702B0000000000132","W2-W-000306",12.89931000,77.59827400
3739,"7010000307","Zone A - Division 1 - Ward 2 - Block 4","Individual HHs","7-07","2nd Floor","Owner","Ganesh Naik","8010000307","1",NULL,"2026-08-11 06:40:00.405","2026-08-11 06:40:00.405","E2004702A0000000000133","W2-D-000307","E2004702B0000000000133","W2-W-000307",12.89931200,77.59842400
3740,"7010000308","Zone A - Division 1 - Ward 2 - Block 4","Individual HHs","7-08","3rd Floor","Tenant","Dinesh Naik","8010000308","2",NULL,"2026-08-11 06:40:00.405","2026-08-11 06:40:00.405","E2004702A0000000000134","W2-D-000308","E2004702B0000000000134","W2-W-000308",12.89931400,77.59857400
3741,"7010000309","Zone A - Division 1 - Ward 2 - Block 4","Individual HHs","7-09","Ground floor","Owner","Nikhil Naik","8010000309","3",NULL,"2026-08-11 06:40:00.405","2026-08-11 06:40:00.405","E2004702A0000000000135","W2-D-000309","E2004702B0000000000135","W2-W-000309",12.89931600,77.59872400
3742,"7010000310","Zone A - Division 1 - Ward 2 - Block 4","Individual HHs","7-10","1st Floor","Tenant","Varun Naik","8010000310","4",NULL,"2026-08-11 06:40:00.405","2026-08-11 06:40:00.405","E2004702A0000000000136","W2-D-000310","E2004702B0000000000136","W2-W-000310",12.89931800,77.59887400
3743,"7010000311","Zone A - Division 1 - Ward 2 - Block 4","Individual HHs","7-11","2nd Floor","Owner","Priya Naik","8010000311","5",NULL,"2026-08-11 06:40:00.405","2026-08-11 06:40:00.405","E2004702A0000000000137","W2-D-000311","E2004702B0000000000137","W2-W-000311",12.89932000,77.59902400
3744,"7010000312","Zone A - Division 1 - Ward 2 - Block 4","Individual HHs","7-12","3rd Floor","Tenant","Divya Naik","8010000312","6",NULL,"2026-08-11 06:40:00.405","2026-08-11 06:40:00.405","E2004702A0000000000138","W2-D-000312","E2004702B0000000000138","W2-W-000312",12.89932200,77.59917400
3745,"7010000313","Zone A - Division 1 - Ward 2 - Block 4","Individual HHs","7-13","Ground floor","Owner","Swathi Naik","8010000313","1",NULL,"2026-08-11 06:40:00.405","2026-08-11 06:40:00.405","E2004702A0000000000139","W2-D-000313","E2004702B0000000000139","W2-W-000313",12.89932400,77.59932400
3746,"7010000314","Zone A - Division 1 - Ward 2 - Block 4","Individual HHs","7-14","1st Floor","Tenant","Shreya Naik","8010000314","2",NULL,"2026-08-11 06:40:00.405","2026-08-11 06:40:00.405","E2004702A000000000013A","W2-D-000314","E2004702B000000000013A","W2-W-000314",12.89932600,77.59947400
3747,"7010000315","Zone A - Division 1 - Ward 2 - Block 4","Individual HHs","7-15","2nd Floor","Owner","Keerthi Naik","8010000315","3",NULL,"2026-08-11 06:40:00.405","2026-08-11 06:40:00.405","E2004702A000000000013B","W2-D-000315","E2004702B000000000013B","W2-W-000315",12.89932800,77.59962400
3748,"7010000316","Zone A - Division 1 - Ward 2 - Block 4","Individual HHs","7-16","3rd Floor","Tenant","Lakshmi Naik","8010000316","4",NULL,"2026-08-11 06:40:00.405","2026-08-11 06:40:00.405","E2004702A000000000013C","W2-D-000316","E2004702B000000000013C","W2-W-000316",12.89933000,77.59977400
3749,"7010000317","Zone A - Division 1 - Ward 2 - Block 4","Individual HHs","7-17","Ground floor","Owner","Deepa Naik","8010000317","5",NULL,"2026-08-11 06:40:00.405","2026-08-11 06:40:00.405","E2004702A000000000013D","W2-D-000317","E2004702B000000000013D","W2-W-000317",12.89933200,77.59992400
3750,"7010000318","Zone A - Division 1 - Ward 2 - Block 4","Individual HHs","7-18","1st Floor","Tenant","Asha Naik","8010000318","6",NULL,"2026-08-11 06:40:00.405","2026-08-11 06:40:00.405","E2004702A000000000013E","W2-D-000318","E2004702B000000000013E","W2-W-000318",12.89933400,77.60007400
3751,"7010000319","Zone A - Division 1 - Ward 2 - Block 4","Individual HHs","7-19","2nd Floor","Owner","Pallavi Naik","8010000319","1",NULL,"2026-08-11 06:40:00.405","2026-08-11 06:40:00.405","E2004702A000000000013F","W2-D-000319","E2004702B000000000013F","W2-W-000319",12.89933600,77.60022400
3752,"7010000320","Zone A - Division 1 - Ward 2 - Block 4","Individual HHs","7-20","3rd Floor","Tenant","Bhavana Naik","8010000320","2",NULL,"2026-08-11 06:40:00.405","2026-08-11 06:40:00.405","E2004702A0000000000140","W2-D-000320","E2004702B0000000000140","W2-W-000320",12.89933800,77.60037400
3753,"7010000321","Zone A - Division 1 - Ward 2 - Block 4","Individual HHs","7-21","Ground floor","Owner","Aarav Joshi","8010000321","3",NULL,"2026-08-11 06:40:00.405","2026-08-11 06:40:00.405","E2004702A0000000000141","W2-D-000321","E2004702B0000000000141","W2-W-000321",12.89934000,77.60052400
3754,"7010000322","Zone A - Division 1 - Ward 2 - Block 4","Individual HHs","7-22","1st Floor","Tenant","Vihaan Joshi","8010000322","4",NULL,"2026-08-11 06:40:00.405","2026-08-11 06:40:00.405","E2004702A0000000000142","W2-D-000322","E2004702B0000000000142","W2-W-000322",12.89934200,77.60067400
3755,"7010000323","Zone A - Division 1 - Ward 2 - Block 4","Individual HHs","7-23","2nd Floor","Owner","Aditya Joshi","8010000323","5",NULL,"2026-08-11 06:40:00.405","2026-08-11 06:40:00.405","E2004702A0000000000143","W2-D-000323","E2004702B0000000000143","W2-W-000323",12.89934400,77.60082400
3756,"7010000324","Zone A - Division 1 - Ward 2 - Block 4","Individual HHs","7-24","3rd Floor","Tenant","Arjun Joshi","8010000324","6",NULL,"2026-08-11 06:40:00.405","2026-08-11 06:40:00.405","E2004702A0000000000144","W2-D-000324","E2004702B0000000000144","W2-W-000324",12.89934600,77.60097400
3757,"7010000325","Zone A - Division 1 - Ward 2 - Block 4","Individual HHs","7-25","Ground floor","Owner","Rohan Joshi","8010000325","1",NULL,"2026-08-11 06:40:00.405","2026-08-11 06:40:00.405","E2004702A0000000000145","W2-D-000325","E2004702B0000000000145","W2-W-000325",12.89934800,77.60112400
3758,"7010000326","Zone A - Division 1 - Ward 2 - Block 4","Individual HHs","7-26","1st Floor","Tenant","Rahul Joshi","8010000326","2",NULL,"2026-08-11 06:40:00.405","2026-08-11 06:40:00.405","E2004702A0000000000146","W2-D-000326","E2004702B0000000000146","W2-W-000326",12.89945000,77.59752600
3759,"7010000327","Zone A - Division 1 - Ward 2 - Block 4","Individual HHs","7-27","2nd Floor","Owner","Karthik Joshi","8010000327","3",NULL,"2026-08-11 06:40:00.405","2026-08-11 06:40:00.405","E2004702A0000000000147","W2-D-000327","E2004702B0000000000147","W2-W-000327",12.89945200,77.59767600
3760,"7010000328","Zone A - Division 1 - Ward 2 - Block 4","Individual HHs","7-28","3rd Floor","Tenant","Vikram Joshi","8010000328","4",NULL,"2026-08-11 06:40:00.405","2026-08-11 06:40:00.405","E2004702A0000000000148","W2-D-000328","E2004702B0000000000148","W2-W-000328",12.89945400,77.59782600
3761,"7010000329","Zone A - Division 1 - Ward 2 - Block 4","Individual HHs","7-29","Ground floor","Owner","Akash Joshi","8010000329","5",NULL,"2026-08-11 06:40:00.405","2026-08-11 06:40:00.405","E2004702A0000000000149","W2-D-000329","E2004702B0000000000149","W2-W-000329",12.89945600,77.59797600
3762,"7010000330","Zone A - Division 1 - Ward 2 - Block 4","Individual HHs","7-30","1st Floor","Tenant","Siddharth Joshi","8010000330","6",NULL,"2026-08-11 06:40:00.405","2026-08-11 06:40:00.405","E2004702A000000000014A","W2-D-000330","E2004702B000000000014A","W2-W-000330",12.89945800,77.59812600
3763,"7010000331","Zone A - Division 1 - Ward 2 - Block 4","Individual HHs","7-31","2nd Floor","Owner","Ananya Joshi","8010000331","1",NULL,"2026-08-11 06:40:00.405","2026-08-11 06:40:00.405","E2004702A000000000014B","W2-D-000331","E2004702B000000000014B","W2-W-000331",12.89946000,77.59827600
3764,"7010000332","Zone A - Division 1 - Ward 2 - Block 4","Individual HHs","7-32","3rd Floor","Tenant","Aadhya Joshi","8010000332","2",NULL,"2026-08-11 06:40:00.405","2026-08-11 06:40:00.405","E2004702A000000000014C","W2-D-000332","E2004702B000000000014C","W2-W-000332",12.89946200,77.59842600
3765,"7010000333","Zone A - Division 1 - Ward 2 - Block 4","Individual HHs","7-33","Ground floor","Owner","Diya Joshi","8010000333","3",NULL,"2026-08-11 06:40:00.405","2026-08-11 06:40:00.405","E2004702A000000000014D","W2-D-000333","E2004702B000000000014D","W2-W-000333",12.89946400,77.59857600
3766,"7010000334","Zone A - Division 1 - Ward 2 - Block 4","Individual HHs","7-34","1st Floor","Tenant","Ishita Joshi","8010000334","4",NULL,"2026-08-11 06:40:00.405","2026-08-11 06:40:00.405","E2004702A000000000014E","W2-D-000334","E2004702B000000000014E","W2-W-000334",12.89946600,77.59872600
3767,"7010000335","Zone A - Division 1 - Ward 2 - Block 4","Individual HHs","7-35","2nd Floor","Owner","Kavya Joshi","8010000335","5",NULL,"2026-08-11 06:40:00.405","2026-08-11 06:40:00.405","E2004702A000000000014F","W2-D-000335","E2004702B000000000014F","W2-W-000335",12.89946800,77.59887600
3768,"7010000336","Zone A - Division 1 - Ward 2 - Block 4","Individual HHs","7-36","3rd Floor","Tenant","Meera Joshi","8010000336","6",NULL,"2026-08-11 06:40:00.405","2026-08-11 06:40:00.405","E2004702A0000000000150","W2-D-000336","E2004702B0000000000150","W2-W-000336",12.89947000,77.59902600
3769,"7010000337","Zone A - Division 1 - Ward 2 - Block 4","Individual HHs","7-37","Ground floor","Owner","Sneha Joshi","8010000337","1",NULL,"2026-08-11 06:40:00.405","2026-08-11 06:40:00.405","E2004702A0000000000151","W2-D-000337","E2004702B0000000000151","W2-W-000337",12.89947200,77.59917600
3770,"7010000338","Zone A - Division 1 - Ward 2 - Block 4","Individual HHs","7-38","1st Floor","Tenant","Pooja Joshi","8010000338","2",NULL,"2026-08-11 06:40:00.405","2026-08-11 06:40:00.405","E2004702A0000000000152","W2-D-000338","E2004702B0000000000152","W2-W-000338",12.89947400,77.59932600
3771,"7010000339","Zone A - Division 1 - Ward 2 - Block 4","Individual HHs","7-39","2nd Floor","Owner","Riya Joshi","8010000339","3",NULL,"2026-08-11 06:40:00.405","2026-08-11 06:40:00.405","E2004702A0000000000153","W2-D-000339","E2004702B0000000000153","W2-W-000339",12.89947600,77.59947600
3772,"7010000340","Zone A - Division 1 - Ward 2 - Block 4","Individual HHs","7-40","3rd Floor","Tenant","Nandini Joshi","8010000340","4",NULL,"2026-08-11 06:40:00.405","2026-08-11 06:40:00.405","E2004702A0000000000154","W2-D-000340","E2004702B0000000000154","W2-W-000340",12.89947800,77.59962600
3773,"7010000341","Zone A - Division 1 - Ward 2 - Block 4","Individual HHs","7-41","Ground floor","Owner","Sanjay Joshi","8010000341","5",NULL,"2026-08-11 06:40:00.405","2026-08-11 06:40:00.405","E2004702A0000000000155","W2-D-000341","E2004702B0000000000155","W2-W-000341",12.89948000,77.59977600
3774,"7010000342","Zone A - Division 1 - Ward 2 - Block 4","Individual HHs","7-42","1st Floor","Tenant","Manoj Joshi","8010000342","6",NULL,"2026-08-11 06:40:00.405","2026-08-11 06:40:00.405","E2004702A0000000000156","W2-D-000342","E2004702B0000000000156","W2-W-000342",12.89948200,77.59992600
3775,"7010000343","Zone A - Division 1 - Ward 2 - Block 4","Individual HHs","7-43","2nd Floor","Owner","Suresh Joshi","8010000343","1",NULL,"2026-08-11 06:40:00.405","2026-08-11 06:40:00.405","E2004702A0000000000157","W2-D-000343","E2004702B0000000000157","W2-W-000343",12.89948400,77.60007600
3776,"7010000344","Zone A - Division 1 - Ward 2 - Block 4","Individual HHs","7-44","3rd Floor","Tenant","Mahesh Joshi","8010000344","2",NULL,"2026-08-11 06:40:00.405","2026-08-11 06:40:00.405","E2004702A0000000000158","W2-D-000344","E2004702B0000000000158","W2-W-000344",12.89948600,77.60022600
3777,"7010000345","Zone A - Division 1 - Ward 2 - Block 4","Individual HHs","7-45","Ground floor","Owner","Prakash Joshi","8010000345","3",NULL,"2026-08-11 06:40:00.405","2026-08-11 06:40:00.405","E2004702A0000000000159","W2-D-000345","E2004702B0000000000159","W2-W-000345",12.89948800,77.60037600
3778,"7010000346","Zone A - Division 1 - Ward 2 - Block 4","Individual HHs","7-46","1st Floor","Tenant","Ramesh Joshi","8010000346","4",NULL,"2026-08-11 06:40:00.405","2026-08-11 06:40:00.405","E2004702A000000000015A","W2-D-000346","E2004702B000000000015A","W2-W-000346",12.89949000,77.60052600
3779,"7010000347","Zone A - Division 1 - Ward 2 - Block 4","Individual HHs","7-47","2nd Floor","Owner","Ganesh Joshi","8010000347","5",NULL,"2026-08-11 06:40:00.405","2026-08-11 06:40:00.405","E2004702A000000000015B","W2-D-000347","E2004702B000000000015B","W2-W-000347",12.89949200,77.60067600
3780,"7010000348","Zone A - Division 1 - Ward 2 - Block 4","Individual HHs","7-48","3rd Floor","Tenant","Dinesh Joshi","8010000348","6",NULL,"2026-08-11 06:40:00.405","2026-08-11 06:40:00.405","E2004702A000000000015C","W2-D-000348","E2004702B000000000015C","W2-W-000348",12.89949400,77.60082600
3781,"7010000349","Zone A - Division 1 - Ward 2 - Block 4","Individual HHs","7-49","Ground floor","Owner","Nikhil Joshi","8010000349","1",NULL,"2026-08-11 06:40:00.405","2026-08-11 06:40:00.405","E2004702A000000000015D","W2-D-000349","E2004702B000000000015D","W2-W-000349",12.89949600,77.60097600
3782,"7010000350","Zone A - Division 1 - Ward 2 - Block 4","Individual HHs","7-50","1st Floor","Tenant","Varun Joshi","8010000350","2",NULL,"2026-08-11 06:40:00.405","2026-08-11 06:40:00.405","E2004702A000000000015E","W2-D-000350","E2004702B000000000015E","W2-W-000350",12.89949800,77.60112600
3783,"7010000351","Zone A - Division 1 - Ward 2 - Block 4","Individual HHs","8-01","2nd Floor","Owner","Priya Joshi","8010000351","3",NULL,"2026-08-11 06:40:00.405","2026-08-11 06:40:00.405","E2004702A000000000015F","W2-D-000351","E2004702B000000000015F","W2-W-000351",12.89960000,77.59752800
3784,"7010000352","Zone A - Division 1 - Ward 2 - Block 4","Individual HHs","8-02","3rd Floor","Tenant","Divya Joshi","8010000352","4",NULL,"2026-08-11 06:40:00.405","2026-08-11 06:40:00.405","E2004702A0000000000160","W2-D-000352","E2004702B0000000000160","W2-W-000352",12.89960200,77.59767800
3785,"7010000353","Zone A - Division 1 - Ward 2 - Block 4","Individual HHs","8-03","Ground floor","Owner","Swathi Joshi","8010000353","5",NULL,"2026-08-11 06:40:00.405","2026-08-11 06:40:00.405","E2004702A0000000000161","W2-D-000353","E2004702B0000000000161","W2-W-000353",12.89960400,77.59782800
3786,"7010000354","Zone A - Division 1 - Ward 2 - Block 4","Individual HHs","8-04","1st Floor","Tenant","Shreya Joshi","8010000354","6",NULL,"2026-08-11 06:40:00.405","2026-08-11 06:40:00.405","E2004702A0000000000162","W2-D-000354","E2004702B0000000000162","W2-W-000354",12.89960600,77.59797800
3787,"7010000355","Zone A - Division 1 - Ward 2 - Block 4","Individual HHs","8-05","2nd Floor","Owner","Keerthi Joshi","8010000355","1",NULL,"2026-08-11 06:40:00.405","2026-08-11 06:40:00.405","E2004702A0000000000163","W2-D-000355","E2004702B0000000000163","W2-W-000355",12.89960800,77.59812800
3788,"7010000356","Zone A - Division 1 - Ward 2 - Block 4","Individual HHs","8-06","3rd Floor","Tenant","Lakshmi Joshi","8010000356","2",NULL,"2026-08-11 06:40:00.405","2026-08-11 06:40:00.405","E2004702A0000000000164","W2-D-000356","E2004702B0000000000164","W2-W-000356",12.89961000,77.59827800
3789,"7010000357","Zone A - Division 1 - Ward 2 - Block 4","Individual HHs","8-07","Ground floor","Owner","Deepa Joshi","8010000357","3",NULL,"2026-08-11 06:40:00.405","2026-08-11 06:40:00.405","E2004702A0000000000165","W2-D-000357","E2004702B0000000000165","W2-W-000357",12.89961200,77.59842800
3790,"7010000358","Zone A - Division 1 - Ward 2 - Block 4","Individual HHs","8-08","1st Floor","Tenant","Asha Joshi","8010000358","4",NULL,"2026-08-11 06:40:00.405","2026-08-11 06:40:00.405","E2004702A0000000000166","W2-D-000358","E2004702B0000000000166","W2-W-000358",12.89961400,77.59857800
3791,"7010000359","Zone A - Division 1 - Ward 2 - Block 4","Individual HHs","8-09","2nd Floor","Owner","Pallavi Joshi","8010000359","5",NULL,"2026-08-11 06:40:00.405","2026-08-11 06:40:00.405","E2004702A0000000000167","W2-D-000359","E2004702B0000000000167","W2-W-000359",12.89961600,77.59872800
3792,"7010000360","Zone A - Division 1 - Ward 2 - Block 4","Individual HHs","8-10","3rd Floor","Tenant","Bhavana Joshi","8010000360","6",NULL,"2026-08-11 06:40:00.405","2026-08-11 06:40:00.405","E2004702A0000000000168","W2-D-000360","E2004702B0000000000168","W2-W-000360",12.89961800,77.59887800
3793,"7010000361","Zone A - Division 1 - Ward 2 - Block 4","Individual HHs","8-11","Ground floor","Owner","Aarav Nair","8010000361","1",NULL,"2026-08-11 06:40:00.405","2026-08-11 06:40:00.405","E2004702A0000000000169","W2-D-000361","E2004702B0000000000169","W2-W-000361",12.89962000,77.59902800
3794,"7010000362","Zone A - Division 1 - Ward 2 - Block 4","Individual HHs","8-12","1st Floor","Tenant","Vihaan Nair","8010000362","2",NULL,"2026-08-11 06:40:00.405","2026-08-11 06:40:00.405","E2004702A000000000016A","W2-D-000362","E2004702B000000000016A","W2-W-000362",12.89962200,77.59917800
3795,"7010000363","Zone A - Division 1 - Ward 2 - Block 4","Individual HHs","8-13","2nd Floor","Owner","Aditya Nair","8010000363","3",NULL,"2026-08-11 06:40:00.405","2026-08-11 06:40:00.405","E2004702A000000000016B","W2-D-000363","E2004702B000000000016B","W2-W-000363",12.89962400,77.59932800
3796,"7010000364","Zone A - Division 1 - Ward 2 - Block 4","Individual HHs","8-14","3rd Floor","Tenant","Arjun Nair","8010000364","4",NULL,"2026-08-11 06:40:00.405","2026-08-11 06:40:00.405","E2004702A000000000016C","W2-D-000364","E2004702B000000000016C","W2-W-000364",12.89962600,77.59947800
3797,"7010000365","Zone A - Division 1 - Ward 2 - Block 4","Individual HHs","8-15","Ground floor","Owner","Rohan Nair","8010000365","5",NULL,"2026-08-11 06:40:00.405","2026-08-11 06:40:00.405","E2004702A000000000016D","W2-D-000365","E2004702B000000000016D","W2-W-000365",12.89962800,77.59962800
3798,"7010000366","Zone A - Division 1 - Ward 2 - Block 4","Individual HHs","8-16","1st Floor","Tenant","Rahul Nair","8010000366","6",NULL,"2026-08-11 06:40:00.405","2026-08-11 06:40:00.405","E2004702A000000000016E","W2-D-000366","E2004702B000000000016E","W2-W-000366",12.89963000,77.59977800
3799,"7010000367","Zone A - Division 1 - Ward 2 - Block 4","Individual HHs","8-17","2nd Floor","Owner","Karthik Nair","8010000367","1",NULL,"2026-08-11 06:40:00.405","2026-08-11 06:40:00.405","E2004702A000000000016F","W2-D-000367","E2004702B000000000016F","W2-W-000367",12.89963200,77.59992800
3800,"7010000368","Zone A - Division 1 - Ward 2 - Block 4","Individual HHs","8-18","3rd Floor","Tenant","Vikram Nair","8010000368","2",NULL,"2026-08-11 06:40:00.405","2026-08-11 06:40:00.405","E2004702A0000000000170","W2-D-000368","E2004702B0000000000170","W2-W-000368",12.89963400,77.60007800
3801,"7010000369","Zone A - Division 1 - Ward 2 - Block 4","Individual HHs","8-19","Ground floor","Owner","Akash Nair","8010000369","3",NULL,"2026-08-11 06:40:00.405","2026-08-11 06:40:00.405","E2004702A0000000000171","W2-D-000369","E2004702B0000000000171","W2-W-000369",12.89963600,77.60022800
3802,"7010000370","Zone A - Division 1 - Ward 2 - Block 4","Individual HHs","8-20","1st Floor","Tenant","Siddharth Nair","8010000370","4",NULL,"2026-08-11 06:40:00.405","2026-08-11 06:40:00.405","E2004702A0000000000172","W2-D-000370","E2004702B0000000000172","W2-W-000370",12.89963800,77.60037800
3803,"7010000371","Zone A - Division 1 - Ward 2 - Block 4","Individual HHs","8-21","2nd Floor","Owner","Ananya Nair","8010000371","5",NULL,"2026-08-11 06:40:00.405","2026-08-11 06:40:00.405","E2004702A0000000000173","W2-D-000371","E2004702B0000000000173","W2-W-000371",12.89964000,77.60052800
3804,"7010000372","Zone A - Division 1 - Ward 2 - Block 4","Individual HHs","8-22","3rd Floor","Tenant","Aadhya Nair","8010000372","6",NULL,"2026-08-11 06:40:00.405","2026-08-11 06:40:00.405","E2004702A0000000000174","W2-D-000372","E2004702B0000000000174","W2-W-000372",12.89964200,77.60067800
3805,"7010000373","Zone A - Division 1 - Ward 2 - Block 4","Individual HHs","8-23","Ground floor","Owner","Diya Nair","8010000373","1",NULL,"2026-08-11 06:40:00.405","2026-08-11 06:40:00.405","E2004702A0000000000175","W2-D-000373","E2004702B0000000000175","W2-W-000373",12.89964400,77.60082800
3806,"7010000374","Zone A - Division 1 - Ward 2 - Block 4","Individual HHs","8-24","1st Floor","Tenant","Ishita Nair","8010000374","2",NULL,"2026-08-11 06:40:00.405","2026-08-11 06:40:00.405","E2004702A0000000000176","W2-D-000374","E2004702B0000000000176","W2-W-000374",12.89964600,77.60097800
3807,"7010000375","Zone A - Division 1 - Ward 2 - Block 4","Individual HHs","8-25","2nd Floor","Owner","Kavya Nair","8010000375","3",NULL,"2026-08-11 06:40:00.405","2026-08-11 06:40:00.405","E2004702A0000000000177","W2-D-000375","E2004702B0000000000177","W2-W-000375",12.89964800,77.60112800
3808,"7010000376","Zone A - Division 1 - Ward 2 - Block 4","Individual HHs","8-26","3rd Floor","Tenant","Meera Nair","8010000376","4",NULL,"2026-08-11 06:40:00.405","2026-08-11 06:40:00.405","E2004702A0000000000178","W2-D-000376","E2004702B0000000000178","W2-W-000376",12.89975000,77.59753000
3809,"7010000377","Zone A - Division 1 - Ward 2 - Block 4","Individual HHs","8-27","Ground floor","Owner","Sneha Nair","8010000377","5",NULL,"2026-08-11 06:40:00.405","2026-08-11 06:40:00.405","E2004702A0000000000179","W2-D-000377","E2004702B0000000000179","W2-W-000377",12.89975200,77.59768000
3810,"7010000378","Zone A - Division 1 - Ward 2 - Block 4","Individual HHs","8-28","1st Floor","Tenant","Pooja Nair","8010000378","6",NULL,"2026-08-11 06:40:00.405","2026-08-11 06:40:00.405","E2004702A000000000017A","W2-D-000378","E2004702B000000000017A","W2-W-000378",12.89975400,77.59783000
3811,"7010000379","Zone A - Division 1 - Ward 2 - Block 4","Individual HHs","8-29","2nd Floor","Owner","Riya Nair","8010000379","1",NULL,"2026-08-11 06:40:00.405","2026-08-11 06:40:00.405","E2004702A000000000017B","W2-D-000379","E2004702B000000000017B","W2-W-000379",12.89975600,77.59798000
3812,"7010000380","Zone A - Division 1 - Ward 2 - Block 4","Individual HHs","8-30","3rd Floor","Tenant","Nandini Nair","8010000380","2",NULL,"2026-08-11 06:40:00.405","2026-08-11 06:40:00.405","E2004702A000000000017C","W2-D-000380","E2004702B000000000017C","W2-W-000380",12.89975800,77.59813000
3813,"7010000381","Zone A - Division 1 - Ward 2 - Block 4","Individual HHs","8-31","Ground floor","Owner","Sanjay Nair","8010000381","3",NULL,"2026-08-11 06:40:00.405","2026-08-11 06:40:00.405","E2004702A000000000017D","W2-D-000381","E2004702B000000000017D","W2-W-000381",12.89976000,77.59828000
3814,"7010000382","Zone A - Division 1 - Ward 2 - Block 4","Individual HHs","8-32","1st Floor","Tenant","Manoj Nair","8010000382","4",NULL,"2026-08-11 06:40:00.405","2026-08-11 06:40:00.405","E2004702A000000000017E","W2-D-000382","E2004702B000000000017E","W2-W-000382",12.89976200,77.59843000
3815,"7010000383","Zone A - Division 1 - Ward 2 - Block 4","Individual HHs","8-33","2nd Floor","Owner","Suresh Nair","8010000383","5",NULL,"2026-08-11 06:40:00.405","2026-08-11 06:40:00.405","E2004702A000000000017F","W2-D-000383","E2004702B000000000017F","W2-W-000383",12.89976400,77.59858000
3816,"7010000384","Zone A - Division 1 - Ward 2 - Block 4","Individual HHs","8-34","3rd Floor","Tenant","Mahesh Nair","8010000384","6",NULL,"2026-08-11 06:40:00.405","2026-08-11 06:40:00.405","E2004702A0000000000180","W2-D-000384","E2004702B0000000000180","W2-W-000384",12.89976600,77.59873000
3817,"7010000385","Zone A - Division 1 - Ward 2 - Block 4","Individual HHs","8-35","Ground floor","Owner","Prakash Nair","8010000385","1",NULL,"2026-08-11 06:40:00.405","2026-08-11 06:40:00.405","E2004702A0000000000181","W2-D-000385","E2004702B0000000000181","W2-W-000385",12.89976800,77.59888000
3818,"7010000386","Zone A - Division 1 - Ward 2 - Block 4","Individual HHs","8-36","1st Floor","Tenant","Ramesh Nair","8010000386","2",NULL,"2026-08-11 06:40:00.405","2026-08-11 06:40:00.405","E2004702A0000000000182","W2-D-000386","E2004702B0000000000182","W2-W-000386",12.89977000,77.59903000
3819,"7010000387","Zone A - Division 1 - Ward 2 - Block 4","Individual HHs","8-37","2nd Floor","Owner","Ganesh Nair","8010000387","3",NULL,"2026-08-11 06:40:00.405","2026-08-11 06:40:00.405","E2004702A0000000000183","W2-D-000387","E2004702B0000000000183","W2-W-000387",12.89977200,77.59918000
3820,"7010000388","Zone A - Division 1 - Ward 2 - Block 4","Individual HHs","8-38","3rd Floor","Tenant","Dinesh Nair","8010000388","4",NULL,"2026-08-11 06:40:00.405","2026-08-11 06:40:00.405","E2004702A0000000000184","W2-D-000388","E2004702B0000000000184","W2-W-000388",12.89977400,77.59933000
3821,"7010000389","Zone A - Division 1 - Ward 2 - Block 4","Individual HHs","8-39","Ground floor","Owner","Nikhil Nair","8010000389","5",NULL,"2026-08-11 06:40:00.405","2026-08-11 06:40:00.405","E2004702A0000000000185","W2-D-000389","E2004702B0000000000185","W2-W-000389",12.89977600,77.59948000
3822,"7010000390","Zone A - Division 1 - Ward 2 - Block 4","Individual HHs","8-40","1st Floor","Tenant","Varun Nair","8010000390","6",NULL,"2026-08-11 06:40:00.405","2026-08-11 06:40:00.405","E2004702A0000000000186","W2-D-000390","E2004702B0000000000186","W2-W-000390",12.89977800,77.59963000
3823,"7010000391","Zone A - Division 1 - Ward 2 - Block 4","Individual HHs","8-41","2nd Floor","Owner","Priya Nair","8010000391","1",NULL,"2026-08-11 06:40:00.405","2026-08-11 06:40:00.405","E2004702A0000000000187","W2-D-000391","E2004702B0000000000187","W2-W-000391",12.89978000,77.59978000
3824,"7010000392","Zone A - Division 1 - Ward 2 - Block 4","Individual HHs","8-42","3rd Floor","Tenant","Divya Nair","8010000392","2",NULL,"2026-08-11 06:40:00.405","2026-08-11 06:40:00.405","E2004702A0000000000188","W2-D-000392","E2004702B0000000000188","W2-W-000392",12.89978200,77.59993000
3825,"7010000393","Zone A - Division 1 - Ward 2 - Block 4","Individual HHs","8-43","Ground floor","Owner","Swathi Nair","8010000393","3",NULL,"2026-08-11 06:40:00.405","2026-08-11 06:40:00.405","E2004702A0000000000189","W2-D-000393","E2004702B0000000000189","W2-W-000393",12.89978400,77.60008000
3826,"7010000394","Zone A - Division 1 - Ward 2 - Block 4","Individual HHs","8-44","1st Floor","Tenant","Shreya Nair","8010000394","4",NULL,"2026-08-11 06:40:00.405","2026-08-11 06:40:00.405","E2004702A000000000018A","W2-D-000394","E2004702B000000000018A","W2-W-000394",12.89978600,77.60023000
3827,"7010000395","Zone A - Division 1 - Ward 2 - Block 4","Individual HHs","8-45","2nd Floor","Owner","Keerthi Nair","8010000395","5",NULL,"2026-08-11 06:40:00.405","2026-08-11 06:40:00.405","E2004702A000000000018B","W2-D-000395","E2004702B000000000018B","W2-W-000395",12.89978800,77.60038000
3828,"7010000396","Zone A - Division 1 - Ward 2 - Block 4","Individual HHs","8-46","3rd Floor","Tenant","Lakshmi Nair","8010000396","6",NULL,"2026-08-11 06:40:00.405","2026-08-11 06:40:00.405","E2004702A000000000018C","W2-D-000396","E2004702B000000000018C","W2-W-000396",12.89979000,77.60053000
3829,"7010000397","Zone A - Division 1 - Ward 2 - Block 4","Individual HHs","8-47","Ground floor","Owner","Deepa Nair","8010000397","1",NULL,"2026-08-11 06:40:00.405","2026-08-11 06:40:00.405","E2004702A000000000018D","W2-D-000397","E2004702B000000000018D","W2-W-000397",12.89979200,77.60068000
3830,"7010000398","Zone A - Division 1 - Ward 2 - Block 4","Individual HHs","8-48","1st Floor","Tenant","Asha Nair","8010000398","2",NULL,"2026-08-11 06:40:00.405","2026-08-11 06:40:00.405","E2004702A000000000018E","W2-D-000398","E2004702B000000000018E","W2-W-000398",12.89979400,77.60083000
3831,"7010000399","Zone A - Division 1 - Ward 2 - Block 4","Individual HHs","8-49","2nd Floor","Owner","Pallavi Nair","8010000399","3",NULL,"2026-08-11 06:40:00.405","2026-08-11 06:40:00.405","E2004702A000000000018F","W2-D-000399","E2004702B000000000018F","W2-W-000399",12.89979600,77.60098000
3832,"7010000400","Zone A - Division 1 - Ward 2 - Block 4","Individual HHs","8-50","3rd Floor","Tenant","Bhavana Nair","8010000400","4",NULL,"2026-08-11 06:40:00.405","2026-08-11 06:40:00.405","E2004702A0000000000190","W2-D-000400","E2004702B0000000000190","W2-W-000400",12.89979800,77.60113000
3833,"7010000401","Zone A - Division 1 - Ward 2 - Block 5","Individual HHs","9-01","Ground floor","Owner","Aarav Iyer","8010000401","5",NULL,"2026-08-11 06:40:00.405","2026-08-11 06:40:00.405","E2004702A0000000000191","W2-D-000401","E2004702B0000000000191","W2-W-000401",12.89990000,77.59753200
3834,"7010000402","Zone A - Division 1 - Ward 2 - Block 5","Individual HHs","9-02","1st Floor","Tenant","Vihaan Iyer","8010000402","6",NULL,"2026-08-11 06:40:00.405","2026-08-11 06:40:00.405","E2004702A0000000000192","W2-D-000402","E2004702B0000000000192","W2-W-000402",12.89990200,77.59768200
3835,"7010000403","Zone A - Division 1 - Ward 2 - Block 5","Individual HHs","9-03","2nd Floor","Owner","Aditya Iyer","8010000403","1",NULL,"2026-08-11 06:40:00.405","2026-08-11 06:40:00.405","E2004702A0000000000193","W2-D-000403","E2004702B0000000000193","W2-W-000403",12.89990400,77.59783200
3836,"7010000404","Zone A - Division 1 - Ward 2 - Block 5","Individual HHs","9-04","3rd Floor","Tenant","Arjun Iyer","8010000404","2",NULL,"2026-08-11 06:40:00.405","2026-08-11 06:40:00.405","E2004702A0000000000194","W2-D-000404","E2004702B0000000000194","W2-W-000404",12.89990600,77.59798200
3837,"7010000405","Zone A - Division 1 - Ward 2 - Block 5","Individual HHs","9-05","Ground floor","Owner","Rohan Iyer","8010000405","3",NULL,"2026-08-11 06:40:00.405","2026-08-11 06:40:00.405","E2004702A0000000000195","W2-D-000405","E2004702B0000000000195","W2-W-000405",12.89990800,77.59813200
3838,"7010000406","Zone A - Division 1 - Ward 2 - Block 5","Individual HHs","9-06","1st Floor","Tenant","Rahul Iyer","8010000406","4",NULL,"2026-08-11 06:40:00.405","2026-08-11 06:40:00.405","E2004702A0000000000196","W2-D-000406","E2004702B0000000000196","W2-W-000406",12.89991000,77.59828200
3839,"7010000407","Zone A - Division 1 - Ward 2 - Block 5","Individual HHs","9-07","2nd Floor","Owner","Karthik Iyer","8010000407","5",NULL,"2026-08-11 06:40:00.405","2026-08-11 06:40:00.405","E2004702A0000000000197","W2-D-000407","E2004702B0000000000197","W2-W-000407",12.89991200,77.59843200
3840,"7010000408","Zone A - Division 1 - Ward 2 - Block 5","Individual HHs","9-08","3rd Floor","Tenant","Vikram Iyer","8010000408","6",NULL,"2026-08-11 06:40:00.405","2026-08-11 06:40:00.405","E2004702A0000000000198","W2-D-000408","E2004702B0000000000198","W2-W-000408",12.89991400,77.59858200
3841,"7010000409","Zone A - Division 1 - Ward 2 - Block 5","Individual HHs","9-09","Ground floor","Owner","Akash Iyer","8010000409","1",NULL,"2026-08-11 06:40:00.405","2026-08-11 06:40:00.405","E2004702A0000000000199","W2-D-000409","E2004702B0000000000199","W2-W-000409",12.89991600,77.59873200
3842,"7010000410","Zone A - Division 1 - Ward 2 - Block 5","Individual HHs","9-10","1st Floor","Tenant","Siddharth Iyer","8010000410","2",NULL,"2026-08-11 06:40:00.405","2026-08-11 06:40:00.405","E2004702A000000000019A","W2-D-000410","E2004702B000000000019A","W2-W-000410",12.89991800,77.59888200
3843,"7010000411","Zone A - Division 1 - Ward 2 - Block 5","Individual HHs","9-11","2nd Floor","Owner","Ananya Iyer","8010000411","3",NULL,"2026-08-11 06:40:00.405","2026-08-11 06:40:00.405","E2004702A000000000019B","W2-D-000411","E2004702B000000000019B","W2-W-000411",12.89992000,77.59903200
3844,"7010000412","Zone A - Division 1 - Ward 2 - Block 5","Individual HHs","9-12","3rd Floor","Tenant","Aadhya Iyer","8010000412","4",NULL,"2026-08-11 06:40:00.405","2026-08-11 06:40:00.405","E2004702A000000000019C","W2-D-000412","E2004702B000000000019C","W2-W-000412",12.89992200,77.59918200
3845,"7010000413","Zone A - Division 1 - Ward 2 - Block 5","Individual HHs","9-13","Ground floor","Owner","Diya Iyer","8010000413","5",NULL,"2026-08-11 06:40:00.405","2026-08-11 06:40:00.405","E2004702A000000000019D","W2-D-000413","E2004702B000000000019D","W2-W-000413",12.89992400,77.59933200
3846,"7010000414","Zone A - Division 1 - Ward 2 - Block 5","Individual HHs","9-14","1st Floor","Tenant","Ishita Iyer","8010000414","6",NULL,"2026-08-11 06:40:00.405","2026-08-11 06:40:00.405","E2004702A000000000019E","W2-D-000414","E2004702B000000000019E","W2-W-000414",12.89992600,77.59948200
3847,"7010000415","Zone A - Division 1 - Ward 2 - Block 5","Individual HHs","9-15","2nd Floor","Owner","Kavya Iyer","8010000415","1",NULL,"2026-08-11 06:40:00.405","2026-08-11 06:40:00.405","E2004702A000000000019F","W2-D-000415","E2004702B000000000019F","W2-W-000415",12.89992800,77.59963200
3848,"7010000416","Zone A - Division 1 - Ward 2 - Block 5","Individual HHs","9-16","3rd Floor","Tenant","Meera Iyer","8010000416","2",NULL,"2026-08-11 06:40:00.405","2026-08-11 06:40:00.405","E2004702A00000000001A0","W2-D-000416","E2004702B00000000001A0","W2-W-000416",12.89993000,77.59978200
3849,"7010000417","Zone A - Division 1 - Ward 2 - Block 5","Individual HHs","9-17","Ground floor","Owner","Sneha Iyer","8010000417","3",NULL,"2026-08-11 06:40:00.405","2026-08-11 06:40:00.405","E2004702A00000000001A1","W2-D-000417","E2004702B00000000001A1","W2-W-000417",12.89993200,77.59993200
3850,"7010000418","Zone A - Division 1 - Ward 2 - Block 5","Individual HHs","9-18","1st Floor","Tenant","Pooja Iyer","8010000418","4",NULL,"2026-08-11 06:40:00.405","2026-08-11 06:40:00.405","E2004702A00000000001A2","W2-D-000418","E2004702B00000000001A2","W2-W-000418",12.89993400,77.60008200
3851,"7010000419","Zone A - Division 1 - Ward 2 - Block 5","Individual HHs","9-19","2nd Floor","Owner","Riya Iyer","8010000419","5",NULL,"2026-08-11 06:40:00.405","2026-08-11 06:40:00.405","E2004702A00000000001A3","W2-D-000419","E2004702B00000000001A3","W2-W-000419",12.89993600,77.60023200
3852,"7010000420","Zone A - Division 1 - Ward 2 - Block 5","Individual HHs","9-20","3rd Floor","Tenant","Nandini Iyer","8010000420","6",NULL,"2026-08-11 06:40:00.405","2026-08-11 06:40:00.405","E2004702A00000000001A4","W2-D-000420","E2004702B00000000001A4","W2-W-000420",12.89993800,77.60038200
3853,"7010000421","Zone A - Division 1 - Ward 2 - Block 5","Individual HHs","9-21","Ground floor","Owner","Sanjay Iyer","8010000421","1",NULL,"2026-08-11 06:40:00.405","2026-08-11 06:40:00.405","E2004702A00000000001A5","W2-D-000421","E2004702B00000000001A5","W2-W-000421",12.89994000,77.60053200
3854,"7010000422","Zone A - Division 1 - Ward 2 - Block 5","Individual HHs","9-22","1st Floor","Tenant","Manoj Iyer","8010000422","2",NULL,"2026-08-11 06:40:00.405","2026-08-11 06:40:00.405","E2004702A00000000001A6","W2-D-000422","E2004702B00000000001A6","W2-W-000422",12.89994200,77.60068200
3855,"7010000423","Zone A - Division 1 - Ward 2 - Block 5","Individual HHs","9-23","2nd Floor","Owner","Suresh Iyer","8010000423","3",NULL,"2026-08-11 06:40:00.405","2026-08-11 06:40:00.405","E2004702A00000000001A7","W2-D-000423","E2004702B00000000001A7","W2-W-000423",12.89994400,77.60083200
3856,"7010000424","Zone A - Division 1 - Ward 2 - Block 5","Individual HHs","9-24","3rd Floor","Tenant","Mahesh Iyer","8010000424","4",NULL,"2026-08-11 06:40:00.405","2026-08-11 06:40:00.405","E2004702A00000000001A8","W2-D-000424","E2004702B00000000001A8","W2-W-000424",12.89994600,77.60098200
3857,"7010000425","Zone A - Division 1 - Ward 2 - Block 5","Individual HHs","9-25","Ground floor","Owner","Prakash Iyer","8010000425","5",NULL,"2026-08-11 06:40:00.405","2026-08-11 06:40:00.405","E2004702A00000000001A9","W2-D-000425","E2004702B00000000001A9","W2-W-000425",12.89994800,77.60113200
3858,"7010000426","Zone A - Division 1 - Ward 2 - Block 5","Individual HHs","9-26","1st Floor","Tenant","Ramesh Iyer","8010000426","6",NULL,"2026-08-11 06:40:00.405","2026-08-11 06:40:00.405","E2004702A00000000001AA","W2-D-000426","E2004702B00000000001AA","W2-W-000426",12.90005000,77.59753400
3859,"7010000427","Zone A - Division 1 - Ward 2 - Block 5","Individual HHs","9-27","2nd Floor","Owner","Ganesh Iyer","8010000427","1",NULL,"2026-08-11 06:40:00.405","2026-08-11 06:40:00.405","E2004702A00000000001AB","W2-D-000427","E2004702B00000000001AB","W2-W-000427",12.90005200,77.59768400
3860,"7010000428","Zone A - Division 1 - Ward 2 - Block 5","Individual HHs","9-28","3rd Floor","Tenant","Dinesh Iyer","8010000428","2",NULL,"2026-08-11 06:40:00.405","2026-08-11 06:40:00.405","E2004702A00000000001AC","W2-D-000428","E2004702B00000000001AC","W2-W-000428",12.90005400,77.59783400
3861,"7010000429","Zone A - Division 1 - Ward 2 - Block 5","Individual HHs","9-29","Ground floor","Owner","Nikhil Iyer","8010000429","3",NULL,"2026-08-11 06:40:00.405","2026-08-11 06:40:00.405","E2004702A00000000001AD","W2-D-000429","E2004702B00000000001AD","W2-W-000429",12.90005600,77.59798400
3862,"7010000430","Zone A - Division 1 - Ward 2 - Block 5","Individual HHs","9-30","1st Floor","Tenant","Varun Iyer","8010000430","4",NULL,"2026-08-11 06:40:00.405","2026-08-11 06:40:00.405","E2004702A00000000001AE","W2-D-000430","E2004702B00000000001AE","W2-W-000430",12.90005800,77.59813400
3863,"7010000431","Zone A - Division 1 - Ward 2 - Block 5","Individual HHs","9-31","2nd Floor","Owner","Priya Iyer","8010000431","5",NULL,"2026-08-11 06:40:00.405","2026-08-11 06:40:00.405","E2004702A00000000001AF","W2-D-000431","E2004702B00000000001AF","W2-W-000431",12.90006000,77.59828400
3864,"7010000432","Zone A - Division 1 - Ward 2 - Block 5","Individual HHs","9-32","3rd Floor","Tenant","Divya Iyer","8010000432","6",NULL,"2026-08-11 06:40:00.405","2026-08-11 06:40:00.405","E2004702A00000000001B0","W2-D-000432","E2004702B00000000001B0","W2-W-000432",12.90006200,77.59843400
3865,"7010000433","Zone A - Division 1 - Ward 2 - Block 5","Individual HHs","9-33","Ground floor","Owner","Swathi Iyer","8010000433","1",NULL,"2026-08-11 06:40:00.405","2026-08-11 06:40:00.405","E2004702A00000000001B1","W2-D-000433","E2004702B00000000001B1","W2-W-000433",12.90006400,77.59858400
3866,"7010000434","Zone A - Division 1 - Ward 2 - Block 5","Individual HHs","9-34","1st Floor","Tenant","Shreya Iyer","8010000434","2",NULL,"2026-08-11 06:40:00.405","2026-08-11 06:40:00.405","E2004702A00000000001B2","W2-D-000434","E2004702B00000000001B2","W2-W-000434",12.90006600,77.59873400
3867,"7010000435","Zone A - Division 1 - Ward 2 - Block 5","Individual HHs","9-35","2nd Floor","Owner","Keerthi Iyer","8010000435","3",NULL,"2026-08-11 06:40:00.405","2026-08-11 06:40:00.405","E2004702A00000000001B3","W2-D-000435","E2004702B00000000001B3","W2-W-000435",12.90006800,77.59888400
3868,"7010000436","Zone A - Division 1 - Ward 2 - Block 5","Individual HHs","9-36","3rd Floor","Tenant","Lakshmi Iyer","8010000436","4",NULL,"2026-08-11 06:40:00.405","2026-08-11 06:40:00.405","E2004702A00000000001B4","W2-D-000436","E2004702B00000000001B4","W2-W-000436",12.90007000,77.59903400
3869,"7010000437","Zone A - Division 1 - Ward 2 - Block 5","Individual HHs","9-37","Ground floor","Owner","Deepa Iyer","8010000437","5",NULL,"2026-08-11 06:40:00.405","2026-08-11 06:40:00.405","E2004702A00000000001B5","W2-D-000437","E2004702B00000000001B5","W2-W-000437",12.90007200,77.59918400
3870,"7010000438","Zone A - Division 1 - Ward 2 - Block 5","Individual HHs","9-38","1st Floor","Tenant","Asha Iyer","8010000438","6",NULL,"2026-08-11 06:40:00.405","2026-08-11 06:40:00.405","E2004702A00000000001B6","W2-D-000438","E2004702B00000000001B6","W2-W-000438",12.90007400,77.59933400
3871,"7010000439","Zone A - Division 1 - Ward 2 - Block 5","Individual HHs","9-39","2nd Floor","Owner","Pallavi Iyer","8010000439","1",NULL,"2026-08-11 06:40:00.405","2026-08-11 06:40:00.405","E2004702A00000000001B7","W2-D-000439","E2004702B00000000001B7","W2-W-000439",12.90007600,77.59948400
3872,"7010000440","Zone A - Division 1 - Ward 2 - Block 5","Individual HHs","9-40","3rd Floor","Tenant","Bhavana Iyer","8010000440","2",NULL,"2026-08-11 06:40:00.405","2026-08-11 06:40:00.405","E2004702A00000000001B8","W2-D-000440","E2004702B00000000001B8","W2-W-000440",12.90007800,77.59963400
3873,"7010000441","Zone A - Division 1 - Ward 2 - Block 5","Individual HHs","9-41","Ground floor","Owner","Aarav Menon","8010000441","3",NULL,"2026-08-11 06:40:00.405","2026-08-11 06:40:00.405","E2004702A00000000001B9","W2-D-000441","E2004702B00000000001B9","W2-W-000441",12.90008000,77.59978400
3874,"7010000442","Zone A - Division 1 - Ward 2 - Block 5","Individual HHs","9-42","1st Floor","Tenant","Vihaan Menon","8010000442","4",NULL,"2026-08-11 06:40:00.405","2026-08-11 06:40:00.405","E2004702A00000000001BA","W2-D-000442","E2004702B00000000001BA","W2-W-000442",12.90008200,77.59993400
3875,"7010000443","Zone A - Division 1 - Ward 2 - Block 5","Individual HHs","9-43","2nd Floor","Owner","Aditya Menon","8010000443","5",NULL,"2026-08-11 06:40:00.405","2026-08-11 06:40:00.405","E2004702A00000000001BB","W2-D-000443","E2004702B00000000001BB","W2-W-000443",12.90008400,77.60008400
3876,"7010000444","Zone A - Division 1 - Ward 2 - Block 5","Individual HHs","9-44","3rd Floor","Tenant","Arjun Menon","8010000444","6",NULL,"2026-08-11 06:40:00.405","2026-08-11 06:40:00.405","E2004702A00000000001BC","W2-D-000444","E2004702B00000000001BC","W2-W-000444",12.90008600,77.60023400
3877,"7010000445","Zone A - Division 1 - Ward 2 - Block 5","Individual HHs","9-45","Ground floor","Owner","Rohan Menon","8010000445","1",NULL,"2026-08-11 06:40:00.405","2026-08-11 06:40:00.405","E2004702A00000000001BD","W2-D-000445","E2004702B00000000001BD","W2-W-000445",12.90008800,77.60038400
3878,"7010000446","Zone A - Division 1 - Ward 2 - Block 5","Individual HHs","9-46","1st Floor","Tenant","Rahul Menon","8010000446","2",NULL,"2026-08-11 06:40:00.405","2026-08-11 06:40:00.405","E2004702A00000000001BE","W2-D-000446","E2004702B00000000001BE","W2-W-000446",12.90009000,77.60053400
3879,"7010000447","Zone A - Division 1 - Ward 2 - Block 5","Individual HHs","9-47","2nd Floor","Owner","Karthik Menon","8010000447","3",NULL,"2026-08-11 06:40:00.405","2026-08-11 06:40:00.405","E2004702A00000000001BF","W2-D-000447","E2004702B00000000001BF","W2-W-000447",12.90009200,77.60068400
3880,"7010000448","Zone A - Division 1 - Ward 2 - Block 5","Individual HHs","9-48","3rd Floor","Tenant","Vikram Menon","8010000448","4",NULL,"2026-08-11 06:40:00.405","2026-08-11 06:40:00.405","E2004702A00000000001C0","W2-D-000448","E2004702B00000000001C0","W2-W-000448",12.90009400,77.60083400
3881,"7010000449","Zone A - Division 1 - Ward 2 - Block 5","Individual HHs","9-49","Ground floor","Owner","Akash Menon","8010000449","5",NULL,"2026-08-11 06:40:00.405","2026-08-11 06:40:00.405","E2004702A00000000001C1","W2-D-000449","E2004702B00000000001C1","W2-W-000449",12.90009600,77.60098400
3882,"7010000450","Zone A - Division 1 - Ward 2 - Block 5","Individual HHs","9-50","1st Floor","Tenant","Siddharth Menon","8010000450","6",NULL,"2026-08-11 06:40:00.405","2026-08-11 06:40:00.405","E2004702A00000000001C2","W2-D-000450","E2004702B00000000001C2","W2-W-000450",12.90009800,77.60113400
3883,"7010000451","Zone A - Division 1 - Ward 2 - Block 5","Individual HHs","10-01","2nd Floor","Owner","Ananya Menon","8010000451","1",NULL,"2026-08-11 06:40:00.405","2026-08-11 06:40:00.405","E2004702A00000000001C3","W2-D-000451","E2004702B00000000001C3","W2-W-000451",12.90020000,77.59753600
3884,"7010000452","Zone A - Division 1 - Ward 2 - Block 5","Individual HHs","10-02","3rd Floor","Tenant","Aadhya Menon","8010000452","2",NULL,"2026-08-11 06:40:00.405","2026-08-11 06:40:00.405","E2004702A00000000001C4","W2-D-000452","E2004702B00000000001C4","W2-W-000452",12.90020200,77.59768600
3885,"7010000453","Zone A - Division 1 - Ward 2 - Block 5","Individual HHs","10-03","Ground floor","Owner","Diya Menon","8010000453","3",NULL,"2026-08-11 06:40:00.405","2026-08-11 06:40:00.405","E2004702A00000000001C5","W2-D-000453","E2004702B00000000001C5","W2-W-000453",12.90020400,77.59783600
3886,"7010000454","Zone A - Division 1 - Ward 2 - Block 5","Individual HHs","10-04","1st Floor","Tenant","Ishita Menon","8010000454","4",NULL,"2026-08-11 06:40:00.405","2026-08-11 06:40:00.405","E2004702A00000000001C6","W2-D-000454","E2004702B00000000001C6","W2-W-000454",12.90020600,77.59798600
3887,"7010000455","Zone A - Division 1 - Ward 2 - Block 5","Individual HHs","10-05","2nd Floor","Owner","Kavya Menon","8010000455","5",NULL,"2026-08-11 06:40:00.405","2026-08-11 06:40:00.405","E2004702A00000000001C7","W2-D-000455","E2004702B00000000001C7","W2-W-000455",12.90020800,77.59813600
3888,"7010000456","Zone A - Division 1 - Ward 2 - Block 5","Individual HHs","10-06","3rd Floor","Tenant","Meera Menon","8010000456","6",NULL,"2026-08-11 06:40:00.405","2026-08-11 06:40:00.405","E2004702A00000000001C8","W2-D-000456","E2004702B00000000001C8","W2-W-000456",12.90021000,77.59828600
3889,"7010000457","Zone A - Division 1 - Ward 2 - Block 5","Individual HHs","10-07","Ground floor","Owner","Sneha Menon","8010000457","1",NULL,"2026-08-11 06:40:00.405","2026-08-11 06:40:00.405","E2004702A00000000001C9","W2-D-000457","E2004702B00000000001C9","W2-W-000457",12.90021200,77.59843600
3890,"7010000458","Zone A - Division 1 - Ward 2 - Block 5","Individual HHs","10-08","1st Floor","Tenant","Pooja Menon","8010000458","2",NULL,"2026-08-11 06:40:00.405","2026-08-11 06:40:00.405","E2004702A00000000001CA","W2-D-000458","E2004702B00000000001CA","W2-W-000458",12.90021400,77.59858600
3891,"7010000459","Zone A - Division 1 - Ward 2 - Block 5","Individual HHs","10-09","2nd Floor","Owner","Riya Menon","8010000459","3",NULL,"2026-08-11 06:40:00.405","2026-08-11 06:40:00.405","E2004702A00000000001CB","W2-D-000459","E2004702B00000000001CB","W2-W-000459",12.90021600,77.59873600
3892,"7010000460","Zone A - Division 1 - Ward 2 - Block 5","Individual HHs","10-10","3rd Floor","Tenant","Nandini Menon","8010000460","4",NULL,"2026-08-11 06:40:00.405","2026-08-11 06:40:00.405","E2004702A00000000001CC","W2-D-000460","E2004702B00000000001CC","W2-W-000460",12.90021800,77.59888600
3893,"7010000461","Zone A - Division 1 - Ward 2 - Block 5","Individual HHs","10-11","Ground floor","Owner","Sanjay Menon","8010000461","5",NULL,"2026-08-11 06:40:00.405","2026-08-11 06:40:00.405","E2004702A00000000001CD","W2-D-000461","E2004702B00000000001CD","W2-W-000461",12.90022000,77.59903600
3894,"7010000462","Zone A - Division 1 - Ward 2 - Block 5","Individual HHs","10-12","1st Floor","Tenant","Manoj Menon","8010000462","6",NULL,"2026-08-11 06:40:00.405","2026-08-11 06:40:00.405","E2004702A00000000001CE","W2-D-000462","E2004702B00000000001CE","W2-W-000462",12.90022200,77.59918600
3895,"7010000463","Zone A - Division 1 - Ward 2 - Block 5","Individual HHs","10-13","2nd Floor","Owner","Suresh Menon","8010000463","1",NULL,"2026-08-11 06:40:00.405","2026-08-11 06:40:00.405","E2004702A00000000001CF","W2-D-000463","E2004702B00000000001CF","W2-W-000463",12.90022400,77.59933600
3896,"7010000464","Zone A - Division 1 - Ward 2 - Block 5","Individual HHs","10-14","3rd Floor","Tenant","Mahesh Menon","8010000464","2",NULL,"2026-08-11 06:40:00.405","2026-08-11 06:40:00.405","E2004702A00000000001D0","W2-D-000464","E2004702B00000000001D0","W2-W-000464",12.90022600,77.59948600
3897,"7010000465","Zone A - Division 1 - Ward 2 - Block 5","Individual HHs","10-15","Ground floor","Owner","Prakash Menon","8010000465","3",NULL,"2026-08-11 06:40:00.405","2026-08-11 06:40:00.405","E2004702A00000000001D1","W2-D-000465","E2004702B00000000001D1","W2-W-000465",12.90022800,77.59963600
3898,"7010000466","Zone A - Division 1 - Ward 2 - Block 5","Individual HHs","10-16","1st Floor","Tenant","Ramesh Menon","8010000466","4",NULL,"2026-08-11 06:40:00.405","2026-08-11 06:40:00.405","E2004702A00000000001D2","W2-D-000466","E2004702B00000000001D2","W2-W-000466",12.90023000,77.59978600
3899,"7010000467","Zone A - Division 1 - Ward 2 - Block 5","Individual HHs","10-17","2nd Floor","Owner","Ganesh Menon","8010000467","5",NULL,"2026-08-11 06:40:00.405","2026-08-11 06:40:00.405","E2004702A00000000001D3","W2-D-000467","E2004702B00000000001D3","W2-W-000467",12.90023200,77.59993600
3900,"7010000468","Zone A - Division 1 - Ward 2 - Block 5","Individual HHs","10-18","3rd Floor","Tenant","Dinesh Menon","8010000468","6",NULL,"2026-08-11 06:40:00.405","2026-08-11 06:40:00.405","E2004702A00000000001D4","W2-D-000468","E2004702B00000000001D4","W2-W-000468",12.90023400,77.60008600
3901,"7010000469","Zone A - Division 1 - Ward 2 - Block 5","Individual HHs","10-19","Ground floor","Owner","Nikhil Menon","8010000469","1",NULL,"2026-08-11 06:40:00.405","2026-08-11 06:40:00.405","E2004702A00000000001D5","W2-D-000469","E2004702B00000000001D5","W2-W-000469",12.90023600,77.60023600
3902,"7010000470","Zone A - Division 1 - Ward 2 - Block 5","Individual HHs","10-20","1st Floor","Tenant","Varun Menon","8010000470","2",NULL,"2026-08-11 06:40:00.405","2026-08-11 06:40:00.405","E2004702A00000000001D6","W2-D-000470","E2004702B00000000001D6","W2-W-000470",12.90023800,77.60038600
3903,"7010000471","Zone A - Division 1 - Ward 2 - Block 5","Individual HHs","10-21","2nd Floor","Owner","Priya Menon","8010000471","3",NULL,"2026-08-11 06:40:00.405","2026-08-11 06:40:00.405","E2004702A00000000001D7","W2-D-000471","E2004702B00000000001D7","W2-W-000471",12.90024000,77.60053600
3904,"7010000472","Zone A - Division 1 - Ward 2 - Block 5","Individual HHs","10-22","3rd Floor","Tenant","Divya Menon","8010000472","4",NULL,"2026-08-11 06:40:00.405","2026-08-11 06:40:00.405","E2004702A00000000001D8","W2-D-000472","E2004702B00000000001D8","W2-W-000472",12.90024200,77.60068600
3905,"7010000473","Zone A - Division 1 - Ward 2 - Block 5","Individual HHs","10-23","Ground floor","Owner","Swathi Menon","8010000473","5",NULL,"2026-08-11 06:40:00.405","2026-08-11 06:40:00.405","E2004702A00000000001D9","W2-D-000473","E2004702B00000000001D9","W2-W-000473",12.90024400,77.60083600
3906,"7010000474","Zone A - Division 1 - Ward 2 - Block 5","Individual HHs","10-24","1st Floor","Tenant","Shreya Menon","8010000474","6",NULL,"2026-08-11 06:40:00.405","2026-08-11 06:40:00.405","E2004702A00000000001DA","W2-D-000474","E2004702B00000000001DA","W2-W-000474",12.90024600,77.60098600
3907,"7010000475","Zone A - Division 1 - Ward 2 - Block 5","Individual HHs","10-25","2nd Floor","Owner","Keerthi Menon","8010000475","1",NULL,"2026-08-11 06:40:00.405","2026-08-11 06:40:00.405","E2004702A00000000001DB","W2-D-000475","E2004702B00000000001DB","W2-W-000475",12.90024800,77.60113600
3908,"7010000476","Zone A - Division 1 - Ward 2 - Block 5","Individual HHs","10-26","3rd Floor","Tenant","Lakshmi Menon","8010000476","2",NULL,"2026-08-11 06:40:00.405","2026-08-11 06:40:00.405","E2004702A00000000001DC","W2-D-000476","E2004702B00000000001DC","W2-W-000476",12.90035000,77.59753800
3909,"7010000477","Zone A - Division 1 - Ward 2 - Block 5","Individual HHs","10-27","Ground floor","Owner","Deepa Menon","8010000477","3",NULL,"2026-08-11 06:40:00.405","2026-08-11 06:40:00.405","E2004702A00000000001DD","W2-D-000477","E2004702B00000000001DD","W2-W-000477",12.90035200,77.59768800
3910,"7010000478","Zone A - Division 1 - Ward 2 - Block 5","Individual HHs","10-28","1st Floor","Tenant","Asha Menon","8010000478","4",NULL,"2026-08-11 06:40:00.405","2026-08-11 06:40:00.405","E2004702A00000000001DE","W2-D-000478","E2004702B00000000001DE","W2-W-000478",12.90035400,77.59783800
3911,"7010000479","Zone A - Division 1 - Ward 2 - Block 5","Individual HHs","10-29","2nd Floor","Owner","Pallavi Menon","8010000479","5",NULL,"2026-08-11 06:40:00.405","2026-08-11 06:40:00.405","E2004702A00000000001DF","W2-D-000479","E2004702B00000000001DF","W2-W-000479",12.90035600,77.59798800
3912,"7010000480","Zone A - Division 1 - Ward 2 - Block 5","Individual HHs","10-30","3rd Floor","Tenant","Bhavana Menon","8010000480","6",NULL,"2026-08-11 06:40:00.405","2026-08-11 06:40:00.405","E2004702A00000000001E0","W2-D-000480","E2004702B00000000001E0","W2-W-000480",12.90035800,77.59813800
3913,"7010000481","Zone A - Division 1 - Ward 2 - Block 5","Individual HHs","10-31","Ground floor","Owner","Aarav Pillai","8010000481","1",NULL,"2026-08-11 06:40:00.405","2026-08-11 06:40:00.405","E2004702A00000000001E1","W2-D-000481","E2004702B00000000001E1","W2-W-000481",12.90036000,77.59828800
3914,"7010000482","Zone A - Division 1 - Ward 2 - Block 5","Individual HHs","10-32","1st Floor","Tenant","Vihaan Pillai","8010000482","2",NULL,"2026-08-11 06:40:00.405","2026-08-11 06:40:00.405","E2004702A00000000001E2","W2-D-000482","E2004702B00000000001E2","W2-W-000482",12.90036200,77.59843800
3915,"7010000483","Zone A - Division 1 - Ward 2 - Block 5","Individual HHs","10-33","2nd Floor","Owner","Aditya Pillai","8010000483","3",NULL,"2026-08-11 06:40:00.405","2026-08-11 06:40:00.405","E2004702A00000000001E3","W2-D-000483","E2004702B00000000001E3","W2-W-000483",12.90036400,77.59858800
3916,"7010000484","Zone A - Division 1 - Ward 2 - Block 5","Individual HHs","10-34","3rd Floor","Tenant","Arjun Pillai","8010000484","4",NULL,"2026-08-11 06:40:00.405","2026-08-11 06:40:00.405","E2004702A00000000001E4","W2-D-000484","E2004702B00000000001E4","W2-W-000484",12.90036600,77.59873800
3917,"7010000485","Zone A - Division 1 - Ward 2 - Block 5","Individual HHs","10-35","Ground floor","Owner","Rohan Pillai","8010000485","5",NULL,"2026-08-11 06:40:00.405","2026-08-11 06:40:00.405","E2004702A00000000001E5","W2-D-000485","E2004702B00000000001E5","W2-W-000485",12.90036800,77.59888800
3918,"7010000486","Zone A - Division 1 - Ward 2 - Block 5","Individual HHs","10-36","1st Floor","Tenant","Rahul Pillai","8010000486","6",NULL,"2026-08-11 06:40:00.405","2026-08-11 06:40:00.405","E2004702A00000000001E6","W2-D-000486","E2004702B00000000001E6","W2-W-000486",12.90037000,77.59903800
3919,"7010000487","Zone A - Division 1 - Ward 2 - Block 5","Individual HHs","10-37","2nd Floor","Owner","Karthik Pillai","8010000487","1",NULL,"2026-08-11 06:40:00.405","2026-08-11 06:40:00.405","E2004702A00000000001E7","W2-D-000487","E2004702B00000000001E7","W2-W-000487",12.90037200,77.59918800
3920,"7010000488","Zone A - Division 1 - Ward 2 - Block 5","Individual HHs","10-38","3rd Floor","Tenant","Vikram Pillai","8010000488","2",NULL,"2026-08-11 06:40:00.405","2026-08-11 06:40:00.405","E2004702A00000000001E8","W2-D-000488","E2004702B00000000001E8","W2-W-000488",12.90037400,77.59933800
3921,"7010000489","Zone A - Division 1 - Ward 2 - Block 5","Individual HHs","10-39","Ground floor","Owner","Akash Pillai","8010000489","3",NULL,"2026-08-11 06:40:00.405","2026-08-11 06:40:00.405","E2004702A00000000001E9","W2-D-000489","E2004702B00000000001E9","W2-W-000489",12.90037600,77.59948800
3922,"7010000490","Zone A - Division 1 - Ward 2 - Block 5","Individual HHs","10-40","1st Floor","Tenant","Siddharth Pillai","8010000490","4",NULL,"2026-08-11 06:40:00.405","2026-08-11 06:40:00.405","E2004702A00000000001EA","W2-D-000490","E2004702B00000000001EA","W2-W-000490",12.90037800,77.59963800
3923,"7010000491","Zone A - Division 1 - Ward 2 - Block 5","Individual HHs","10-41","2nd Floor","Owner","Ananya Pillai","8010000491","5",NULL,"2026-08-11 06:40:00.405","2026-08-11 06:40:00.405","E2004702A00000000001EB","W2-D-000491","E2004702B00000000001EB","W2-W-000491",12.90038000,77.59978800
3924,"7010000492","Zone A - Division 1 - Ward 2 - Block 5","Individual HHs","10-42","3rd Floor","Tenant","Aadhya Pillai","8010000492","6",NULL,"2026-08-11 06:40:00.405","2026-08-11 06:40:00.405","E2004702A00000000001EC","W2-D-000492","E2004702B00000000001EC","W2-W-000492",12.90038200,77.59993800
3925,"7010000493","Zone A - Division 1 - Ward 2 - Block 5","Individual HHs","10-43","Ground floor","Owner","Diya Pillai","8010000493","1",NULL,"2026-08-11 06:40:00.405","2026-08-11 06:40:00.405","E2004702A00000000001ED","W2-D-000493","E2004702B00000000001ED","W2-W-000493",12.90038400,77.60008800
3926,"7010000494","Zone A - Division 1 - Ward 2 - Block 5","Individual HHs","10-44","1st Floor","Tenant","Ishita Pillai","8010000494","2",NULL,"2026-08-11 06:40:00.405","2026-08-11 06:40:00.405","E2004702A00000000001EE","W2-D-000494","E2004702B00000000001EE","W2-W-000494",12.90038600,77.60023800
3927,"7010000495","Zone A - Division 1 - Ward 2 - Block 5","Individual HHs","10-45","2nd Floor","Owner","Kavya Pillai","8010000495","3",NULL,"2026-08-11 06:40:00.405","2026-08-11 06:40:00.405","E2004702A00000000001EF","W2-D-000495","E2004702B00000000001EF","W2-W-000495",12.90038800,77.60038800
3928,"7010000496","Zone A - Division 1 - Ward 2 - Block 5","Individual HHs","10-46","3rd Floor","Tenant","Meera Pillai","8010000496","4",NULL,"2026-08-11 06:40:00.405","2026-08-11 06:40:00.405","E2004702A00000000001F0","W2-D-000496","E2004702B00000000001F0","W2-W-000496",12.90039000,77.60053800
3929,"7010000497","Zone A - Division 1 - Ward 2 - Block 5","Individual HHs","10-47","Ground floor","Owner","Sneha Pillai","8010000497","5",NULL,"2026-08-11 06:40:00.405","2026-08-11 06:40:00.405","E2004702A00000000001F1","W2-D-000497","E2004702B00000000001F1","W2-W-000497",12.90039200,77.60068800
3930,"7010000498","Zone A - Division 1 - Ward 2 - Block 5","Individual HHs","10-48","1st Floor","Tenant","Pooja Pillai","8010000498","6",NULL,"2026-08-11 06:40:00.405","2026-08-11 06:40:00.405","E2004702A00000000001F2","W2-D-000498","E2004702B00000000001F2","W2-W-000498",12.90039400,77.60083800
3931,"7010000499","Zone A - Division 1 - Ward 2 - Block 5","Individual HHs","10-49","2nd Floor","Owner","Riya Pillai","8010000499","1",NULL,"2026-08-11 06:40:00.405","2026-08-11 06:40:00.405","E2004702A00000000001F3","W2-D-000499","E2004702B00000000001F3","W2-W-000499",12.90039600,77.60098800
3932,"7010000500","Zone A - Division 1 - Ward 2 - Block 5","Individual HHs","10-50","3rd Floor","Tenant","Nandini Pillai","8010000500","2",NULL,"2026-08-11 06:40:00.405","2026-08-11 06:40:00.405","E2004702A00000000001F4","W2-D-000500","E2004702B00000000001F4","W2-W-000500",12.90039800,77.60113800
3933,"7010000501","Zone A - Division 1 - Ward 2 - Block 6","Individual HHs","11-01","Ground floor","Owner","Sanjay Pillai","8010000501","3",NULL,"2026-08-11 06:40:00.405","2026-08-11 06:40:00.405","E2004702A00000000001F5","W2-D-000501","E2004702B00000000001F5","W2-W-000501",12.90050000,77.59754000
3934,"7010000502","Zone A - Division 1 - Ward 2 - Block 6","Individual HHs","11-02","1st Floor","Tenant","Manoj Pillai","8010000502","4",NULL,"2026-08-11 06:40:00.405","2026-08-11 06:40:00.405","E2004702A00000000001F6","W2-D-000502","E2004702B00000000001F6","W2-W-000502",12.90050200,77.59769000
3935,"7010000503","Zone A - Division 1 - Ward 2 - Block 6","Individual HHs","11-03","2nd Floor","Owner","Suresh Pillai","8010000503","5",NULL,"2026-08-11 06:40:00.405","2026-08-11 06:40:00.405","E2004702A00000000001F7","W2-D-000503","E2004702B00000000001F7","W2-W-000503",12.90050400,77.59784000
3936,"7010000504","Zone A - Division 1 - Ward 2 - Block 6","Individual HHs","11-04","3rd Floor","Tenant","Mahesh Pillai","8010000504","6",NULL,"2026-08-11 06:40:00.405","2026-08-11 06:40:00.405","E2004702A00000000001F8","W2-D-000504","E2004702B00000000001F8","W2-W-000504",12.90050600,77.59799000
3937,"7010000505","Zone A - Division 1 - Ward 2 - Block 6","Individual HHs","11-05","Ground floor","Owner","Prakash Pillai","8010000505","1",NULL,"2026-08-11 06:40:00.405","2026-08-11 06:40:00.405","E2004702A00000000001F9","W2-D-000505","E2004702B00000000001F9","W2-W-000505",12.90050800,77.59814000
3938,"7010000506","Zone A - Division 1 - Ward 2 - Block 6","Individual HHs","11-06","1st Floor","Tenant","Ramesh Pillai","8010000506","2",NULL,"2026-08-11 06:40:00.405","2026-08-11 06:40:00.405","E2004702A00000000001FA","W2-D-000506","E2004702B00000000001FA","W2-W-000506",12.90051000,77.59829000
3939,"7010000507","Zone A - Division 1 - Ward 2 - Block 6","Individual HHs","11-07","2nd Floor","Owner","Ganesh Pillai","8010000507","3",NULL,"2026-08-11 06:40:00.405","2026-08-11 06:40:00.405","E2004702A00000000001FB","W2-D-000507","E2004702B00000000001FB","W2-W-000507",12.90051200,77.59844000
3940,"7010000508","Zone A - Division 1 - Ward 2 - Block 6","Individual HHs","11-08","3rd Floor","Tenant","Dinesh Pillai","8010000508","4",NULL,"2026-08-11 06:40:00.405","2026-08-11 06:40:00.405","E2004702A00000000001FC","W2-D-000508","E2004702B00000000001FC","W2-W-000508",12.90051400,77.59859000
3941,"7010000509","Zone A - Division 1 - Ward 2 - Block 6","Individual HHs","11-09","Ground floor","Owner","Nikhil Pillai","8010000509","5",NULL,"2026-08-11 06:40:00.405","2026-08-11 06:40:00.405","E2004702A00000000001FD","W2-D-000509","E2004702B00000000001FD","W2-W-000509",12.90051600,77.59874000
3942,"7010000510","Zone A - Division 1 - Ward 2 - Block 6","Individual HHs","11-10","1st Floor","Tenant","Varun Pillai","8010000510","6",NULL,"2026-08-11 06:40:00.405","2026-08-11 06:40:00.405","E2004702A00000000001FE","W2-D-000510","E2004702B00000000001FE","W2-W-000510",12.90051800,77.59889000
3943,"7010000511","Zone A - Division 1 - Ward 2 - Block 6","Individual HHs","11-11","2nd Floor","Owner","Priya Pillai","8010000511","1",NULL,"2026-08-11 06:40:00.405","2026-08-11 06:40:00.405","E2004702A00000000001FF","W2-D-000511","E2004702B00000000001FF","W2-W-000511",12.90052000,77.59904000
3944,"7010000512","Zone A - Division 1 - Ward 2 - Block 6","Individual HHs","11-12","3rd Floor","Tenant","Divya Pillai","8010000512","2",NULL,"2026-08-11 06:40:00.406","2026-08-11 06:40:00.406","E2004702A0000000000200","W2-D-000512","E2004702B0000000000200","W2-W-000512",12.90052200,77.59919000
3945,"7010000513","Zone A - Division 1 - Ward 2 - Block 6","Individual HHs","11-13","Ground floor","Owner","Swathi Pillai","8010000513","3",NULL,"2026-08-11 06:40:00.406","2026-08-11 06:40:00.406","E2004702A0000000000201","W2-D-000513","E2004702B0000000000201","W2-W-000513",12.90052400,77.59934000
3946,"7010000514","Zone A - Division 1 - Ward 2 - Block 6","Individual HHs","11-14","1st Floor","Tenant","Shreya Pillai","8010000514","4",NULL,"2026-08-11 06:40:00.406","2026-08-11 06:40:00.406","E2004702A0000000000202","W2-D-000514","E2004702B0000000000202","W2-W-000514",12.90052600,77.59949000
3947,"7010000515","Zone A - Division 1 - Ward 2 - Block 6","Individual HHs","11-15","2nd Floor","Owner","Keerthi Pillai","8010000515","5",NULL,"2026-08-11 06:40:00.406","2026-08-11 06:40:00.406","E2004702A0000000000203","W2-D-000515","E2004702B0000000000203","W2-W-000515",12.90052800,77.59964000
3948,"7010000516","Zone A - Division 1 - Ward 2 - Block 6","Individual HHs","11-16","3rd Floor","Tenant","Lakshmi Pillai","8010000516","6",NULL,"2026-08-11 06:40:00.406","2026-08-11 06:40:00.406","E2004702A0000000000204","W2-D-000516","E2004702B0000000000204","W2-W-000516",12.90053000,77.59979000
3949,"7010000517","Zone A - Division 1 - Ward 2 - Block 6","Individual HHs","11-17","Ground floor","Owner","Deepa Pillai","8010000517","1",NULL,"2026-08-11 06:40:00.406","2026-08-11 06:40:00.406","E2004702A0000000000205","W2-D-000517","E2004702B0000000000205","W2-W-000517",12.90053200,77.59994000
3950,"7010000518","Zone A - Division 1 - Ward 2 - Block 6","Individual HHs","11-18","1st Floor","Tenant","Asha Pillai","8010000518","2",NULL,"2026-08-11 06:40:00.406","2026-08-11 06:40:00.406","E2004702A0000000000206","W2-D-000518","E2004702B0000000000206","W2-W-000518",12.90053400,77.60009000
3951,"7010000519","Zone A - Division 1 - Ward 2 - Block 6","Individual HHs","11-19","2nd Floor","Owner","Pallavi Pillai","8010000519","3",NULL,"2026-08-11 06:40:00.406","2026-08-11 06:40:00.406","E2004702A0000000000207","W2-D-000519","E2004702B0000000000207","W2-W-000519",12.90053600,77.60024000
3952,"7010000520","Zone A - Division 1 - Ward 2 - Block 6","Individual HHs","11-20","3rd Floor","Tenant","Bhavana Pillai","8010000520","4",NULL,"2026-08-11 06:40:00.406","2026-08-11 06:40:00.406","E2004702A0000000000208","W2-D-000520","E2004702B0000000000208","W2-W-000520",12.90053800,77.60039000
3953,"7010000521","Zone A - Division 1 - Ward 2 - Block 6","Individual HHs","11-21","Ground floor","Owner","Aarav Bhat","8010000521","5",NULL,"2026-08-11 06:40:00.406","2026-08-11 06:40:00.406","E2004702A0000000000209","W2-D-000521","E2004702B0000000000209","W2-W-000521",12.90054000,77.60054000
3954,"7010000522","Zone A - Division 1 - Ward 2 - Block 6","Individual HHs","11-22","1st Floor","Tenant","Vihaan Bhat","8010000522","6",NULL,"2026-08-11 06:40:00.406","2026-08-11 06:40:00.406","E2004702A000000000020A","W2-D-000522","E2004702B000000000020A","W2-W-000522",12.90054200,77.60069000
3955,"7010000523","Zone A - Division 1 - Ward 2 - Block 6","Individual HHs","11-23","2nd Floor","Owner","Aditya Bhat","8010000523","1",NULL,"2026-08-11 06:40:00.406","2026-08-11 06:40:00.406","E2004702A000000000020B","W2-D-000523","E2004702B000000000020B","W2-W-000523",12.90054400,77.60084000
3956,"7010000524","Zone A - Division 1 - Ward 2 - Block 6","Individual HHs","11-24","3rd Floor","Tenant","Arjun Bhat","8010000524","2",NULL,"2026-08-11 06:40:00.406","2026-08-11 06:40:00.406","E2004702A000000000020C","W2-D-000524","E2004702B000000000020C","W2-W-000524",12.90054600,77.60099000
3957,"7010000525","Zone A - Division 1 - Ward 2 - Block 6","Individual HHs","11-25","Ground floor","Owner","Rohan Bhat","8010000525","3",NULL,"2026-08-11 06:40:00.406","2026-08-11 06:40:00.406","E2004702A000000000020D","W2-D-000525","E2004702B000000000020D","W2-W-000525",12.90054800,77.60114000
3958,"7010000526","Zone A - Division 1 - Ward 2 - Block 6","Individual HHs","11-26","1st Floor","Tenant","Rahul Bhat","8010000526","4",NULL,"2026-08-11 06:40:00.406","2026-08-11 06:40:00.406","E2004702A000000000020E","W2-D-000526","E2004702B000000000020E","W2-W-000526",12.90065000,77.59754200
3959,"7010000527","Zone A - Division 1 - Ward 2 - Block 6","Individual HHs","11-27","2nd Floor","Owner","Karthik Bhat","8010000527","5",NULL,"2026-08-11 06:40:00.406","2026-08-11 06:40:00.406","E2004702A000000000020F","W2-D-000527","E2004702B000000000020F","W2-W-000527",12.90065200,77.59769200
3960,"7010000528","Zone A - Division 1 - Ward 2 - Block 6","Individual HHs","11-28","3rd Floor","Tenant","Vikram Bhat","8010000528","6",NULL,"2026-08-11 06:40:00.406","2026-08-11 06:40:00.406","E2004702A0000000000210","W2-D-000528","E2004702B0000000000210","W2-W-000528",12.90065400,77.59784200
3961,"7010000529","Zone A - Division 1 - Ward 2 - Block 6","Individual HHs","11-29","Ground floor","Owner","Akash Bhat","8010000529","1",NULL,"2026-08-11 06:40:00.406","2026-08-11 06:40:00.406","E2004702A0000000000211","W2-D-000529","E2004702B0000000000211","W2-W-000529",12.90065600,77.59799200
3962,"7010000530","Zone A - Division 1 - Ward 2 - Block 6","Individual HHs","11-30","1st Floor","Tenant","Siddharth Bhat","8010000530","2",NULL,"2026-08-11 06:40:00.406","2026-08-11 06:40:00.406","E2004702A0000000000212","W2-D-000530","E2004702B0000000000212","W2-W-000530",12.90065800,77.59814200
3963,"7010000531","Zone A - Division 1 - Ward 2 - Block 6","Individual HHs","11-31","2nd Floor","Owner","Ananya Bhat","8010000531","3",NULL,"2026-08-11 06:40:00.406","2026-08-11 06:40:00.406","E2004702A0000000000213","W2-D-000531","E2004702B0000000000213","W2-W-000531",12.90066000,77.59829200
3964,"7010000532","Zone A - Division 1 - Ward 2 - Block 6","Individual HHs","11-32","3rd Floor","Tenant","Aadhya Bhat","8010000532","4",NULL,"2026-08-11 06:40:00.406","2026-08-11 06:40:00.406","E2004702A0000000000214","W2-D-000532","E2004702B0000000000214","W2-W-000532",12.90066200,77.59844200
3965,"7010000533","Zone A - Division 1 - Ward 2 - Block 6","Individual HHs","11-33","Ground floor","Owner","Diya Bhat","8010000533","5",NULL,"2026-08-11 06:40:00.406","2026-08-11 06:40:00.406","E2004702A0000000000215","W2-D-000533","E2004702B0000000000215","W2-W-000533",12.90066400,77.59859200
3966,"7010000534","Zone A - Division 1 - Ward 2 - Block 6","Individual HHs","11-34","1st Floor","Tenant","Ishita Bhat","8010000534","6",NULL,"2026-08-11 06:40:00.406","2026-08-11 06:40:00.406","E2004702A0000000000216","W2-D-000534","E2004702B0000000000216","W2-W-000534",12.90066600,77.59874200
3967,"7010000535","Zone A - Division 1 - Ward 2 - Block 6","Individual HHs","11-35","2nd Floor","Owner","Kavya Bhat","8010000535","1",NULL,"2026-08-11 06:40:00.406","2026-08-11 06:40:00.406","E2004702A0000000000217","W2-D-000535","E2004702B0000000000217","W2-W-000535",12.90066800,77.59889200
3968,"7010000536","Zone A - Division 1 - Ward 2 - Block 6","Individual HHs","11-36","3rd Floor","Tenant","Meera Bhat","8010000536","2",NULL,"2026-08-11 06:40:00.406","2026-08-11 06:40:00.406","E2004702A0000000000218","W2-D-000536","E2004702B0000000000218","W2-W-000536",12.90067000,77.59904200
3969,"7010000537","Zone A - Division 1 - Ward 2 - Block 6","Individual HHs","11-37","Ground floor","Owner","Sneha Bhat","8010000537","3",NULL,"2026-08-11 06:40:00.406","2026-08-11 06:40:00.406","E2004702A0000000000219","W2-D-000537","E2004702B0000000000219","W2-W-000537",12.90067200,77.59919200
3970,"7010000538","Zone A - Division 1 - Ward 2 - Block 6","Individual HHs","11-38","1st Floor","Tenant","Pooja Bhat","8010000538","4",NULL,"2026-08-11 06:40:00.406","2026-08-11 06:40:00.406","E2004702A000000000021A","W2-D-000538","E2004702B000000000021A","W2-W-000538",12.90067400,77.59934200
3971,"7010000539","Zone A - Division 1 - Ward 2 - Block 6","Individual HHs","11-39","2nd Floor","Owner","Riya Bhat","8010000539","5",NULL,"2026-08-11 06:40:00.406","2026-08-11 06:40:00.406","E2004702A000000000021B","W2-D-000539","E2004702B000000000021B","W2-W-000539",12.90067600,77.59949200
3972,"7010000540","Zone A - Division 1 - Ward 2 - Block 6","Individual HHs","11-40","3rd Floor","Tenant","Nandini Bhat","8010000540","6",NULL,"2026-08-11 06:40:00.406","2026-08-11 06:40:00.406","E2004702A000000000021C","W2-D-000540","E2004702B000000000021C","W2-W-000540",12.90067800,77.59964200
3973,"7010000541","Zone A - Division 1 - Ward 2 - Block 6","Individual HHs","11-41","Ground floor","Owner","Sanjay Bhat","8010000541","1",NULL,"2026-08-11 06:40:00.406","2026-08-11 06:40:00.406","E2004702A000000000021D","W2-D-000541","E2004702B000000000021D","W2-W-000541",12.90068000,77.59979200
3974,"7010000542","Zone A - Division 1 - Ward 2 - Block 6","Individual HHs","11-42","1st Floor","Tenant","Manoj Bhat","8010000542","2",NULL,"2026-08-11 06:40:00.406","2026-08-11 06:40:00.406","E2004702A000000000021E","W2-D-000542","E2004702B000000000021E","W2-W-000542",12.90068200,77.59994200
3975,"7010000543","Zone A - Division 1 - Ward 2 - Block 6","Individual HHs","11-43","2nd Floor","Owner","Suresh Bhat","8010000543","3",NULL,"2026-08-11 06:40:00.406","2026-08-11 06:40:00.406","E2004702A000000000021F","W2-D-000543","E2004702B000000000021F","W2-W-000543",12.90068400,77.60009200
3976,"7010000544","Zone A - Division 1 - Ward 2 - Block 6","Individual HHs","11-44","3rd Floor","Tenant","Mahesh Bhat","8010000544","4",NULL,"2026-08-11 06:40:00.406","2026-08-11 06:40:00.406","E2004702A0000000000220","W2-D-000544","E2004702B0000000000220","W2-W-000544",12.90068600,77.60024200
3977,"7010000545","Zone A - Division 1 - Ward 2 - Block 6","Individual HHs","11-45","Ground floor","Owner","Prakash Bhat","8010000545","5",NULL,"2026-08-11 06:40:00.406","2026-08-11 06:40:00.406","E2004702A0000000000221","W2-D-000545","E2004702B0000000000221","W2-W-000545",12.90068800,77.60039200
3978,"7010000546","Zone A - Division 1 - Ward 2 - Block 6","Individual HHs","11-46","1st Floor","Tenant","Ramesh Bhat","8010000546","6",NULL,"2026-08-11 06:40:00.406","2026-08-11 06:40:00.406","E2004702A0000000000222","W2-D-000546","E2004702B0000000000222","W2-W-000546",12.90069000,77.60054200
3979,"7010000547","Zone A - Division 1 - Ward 2 - Block 6","Individual HHs","11-47","2nd Floor","Owner","Ganesh Bhat","8010000547","1",NULL,"2026-08-11 06:40:00.406","2026-08-11 06:40:00.406","E2004702A0000000000223","W2-D-000547","E2004702B0000000000223","W2-W-000547",12.90069200,77.60069200
3980,"7010000548","Zone A - Division 1 - Ward 2 - Block 6","Individual HHs","11-48","3rd Floor","Tenant","Dinesh Bhat","8010000548","2",NULL,"2026-08-11 06:40:00.406","2026-08-11 06:40:00.406","E2004702A0000000000224","W2-D-000548","E2004702B0000000000224","W2-W-000548",12.90069400,77.60084200
3981,"7010000549","Zone A - Division 1 - Ward 2 - Block 6","Individual HHs","11-49","Ground floor","Owner","Nikhil Bhat","8010000549","3",NULL,"2026-08-11 06:40:00.406","2026-08-11 06:40:00.406","E2004702A0000000000225","W2-D-000549","E2004702B0000000000225","W2-W-000549",12.90069600,77.60099200
3982,"7010000550","Zone A - Division 1 - Ward 2 - Block 6","Individual HHs","11-50","1st Floor","Tenant","Varun Bhat","8010000550","4",NULL,"2026-08-11 06:40:00.406","2026-08-11 06:40:00.406","E2004702A0000000000226","W2-D-000550","E2004702B0000000000226","W2-W-000550",12.90069800,77.60114200
3983,"7010000551","Zone A - Division 1 - Ward 2 - Block 6","Individual HHs","12-01","2nd Floor","Owner","Priya Bhat","8010000551","5",NULL,"2026-08-11 06:40:00.406","2026-08-11 06:40:00.406","E2004702A0000000000227","W2-D-000551","E2004702B0000000000227","W2-W-000551",12.90080000,77.59754400
3984,"7010000552","Zone A - Division 1 - Ward 2 - Block 6","Individual HHs","12-02","3rd Floor","Tenant","Divya Bhat","8010000552","6",NULL,"2026-08-11 06:40:00.406","2026-08-11 06:40:00.406","E2004702A0000000000228","W2-D-000552","E2004702B0000000000228","W2-W-000552",12.90080200,77.59769400
3985,"7010000553","Zone A - Division 1 - Ward 2 - Block 6","Individual HHs","12-03","Ground floor","Owner","Swathi Bhat","8010000553","1",NULL,"2026-08-11 06:40:00.406","2026-08-11 06:40:00.406","E2004702A0000000000229","W2-D-000553","E2004702B0000000000229","W2-W-000553",12.90080400,77.59784400
3986,"7010000554","Zone A - Division 1 - Ward 2 - Block 6","Individual HHs","12-04","1st Floor","Tenant","Shreya Bhat","8010000554","2",NULL,"2026-08-11 06:40:00.406","2026-08-11 06:40:00.406","E2004702A000000000022A","W2-D-000554","E2004702B000000000022A","W2-W-000554",12.90080600,77.59799400
3987,"7010000555","Zone A - Division 1 - Ward 2 - Block 6","Individual HHs","12-05","2nd Floor","Owner","Keerthi Bhat","8010000555","3",NULL,"2026-08-11 06:40:00.406","2026-08-11 06:40:00.406","E2004702A000000000022B","W2-D-000555","E2004702B000000000022B","W2-W-000555",12.90080800,77.59814400
3988,"7010000556","Zone A - Division 1 - Ward 2 - Block 6","Individual HHs","12-06","3rd Floor","Tenant","Lakshmi Bhat","8010000556","4",NULL,"2026-08-11 06:40:00.406","2026-08-11 06:40:00.406","E2004702A000000000022C","W2-D-000556","E2004702B000000000022C","W2-W-000556",12.90081000,77.59829400
3989,"7010000557","Zone A - Division 1 - Ward 2 - Block 6","Individual HHs","12-07","Ground floor","Owner","Deepa Bhat","8010000557","5",NULL,"2026-08-11 06:40:00.406","2026-08-11 06:40:00.406","E2004702A000000000022D","W2-D-000557","E2004702B000000000022D","W2-W-000557",12.90081200,77.59844400
3990,"7010000558","Zone A - Division 1 - Ward 2 - Block 6","Individual HHs","12-08","1st Floor","Tenant","Asha Bhat","8010000558","6",NULL,"2026-08-11 06:40:00.406","2026-08-11 06:40:00.406","E2004702A000000000022E","W2-D-000558","E2004702B000000000022E","W2-W-000558",12.90081400,77.59859400
3991,"7010000559","Zone A - Division 1 - Ward 2 - Block 6","Individual HHs","12-09","2nd Floor","Owner","Pallavi Bhat","8010000559","1",NULL,"2026-08-11 06:40:00.406","2026-08-11 06:40:00.406","E2004702A000000000022F","W2-D-000559","E2004702B000000000022F","W2-W-000559",12.90081600,77.59874400
3992,"7010000560","Zone A - Division 1 - Ward 2 - Block 6","Individual HHs","12-10","3rd Floor","Tenant","Bhavana Bhat","8010000560","2",NULL,"2026-08-11 06:40:00.406","2026-08-11 06:40:00.406","E2004702A0000000000230","W2-D-000560","E2004702B0000000000230","W2-W-000560",12.90081800,77.59889400
3993,"7010000561","Zone A - Division 1 - Ward 2 - Block 6","Individual HHs","12-11","Ground floor","Owner","Aarav Hegde","8010000561","3",NULL,"2026-08-11 06:40:00.406","2026-08-11 06:40:00.406","E2004702A0000000000231","W2-D-000561","E2004702B0000000000231","W2-W-000561",12.90082000,77.59904400
3994,"7010000562","Zone A - Division 1 - Ward 2 - Block 6","Individual HHs","12-12","1st Floor","Tenant","Vihaan Hegde","8010000562","4",NULL,"2026-08-11 06:40:00.406","2026-08-11 06:40:00.406","E2004702A0000000000232","W2-D-000562","E2004702B0000000000232","W2-W-000562",12.90082200,77.59919400
3995,"7010000563","Zone A - Division 1 - Ward 2 - Block 6","Individual HHs","12-13","2nd Floor","Owner","Aditya Hegde","8010000563","5",NULL,"2026-08-11 06:40:00.406","2026-08-11 06:40:00.406","E2004702A0000000000233","W2-D-000563","E2004702B0000000000233","W2-W-000563",12.90082400,77.59934400
3996,"7010000564","Zone A - Division 1 - Ward 2 - Block 6","Individual HHs","12-14","3rd Floor","Tenant","Arjun Hegde","8010000564","6",NULL,"2026-08-11 06:40:00.406","2026-08-11 06:40:00.406","E2004702A0000000000234","W2-D-000564","E2004702B0000000000234","W2-W-000564",12.90082600,77.59949400
3997,"7010000565","Zone A - Division 1 - Ward 2 - Block 6","Individual HHs","12-15","Ground floor","Owner","Rohan Hegde","8010000565","1",NULL,"2026-08-11 06:40:00.406","2026-08-11 06:40:00.406","E2004702A0000000000235","W2-D-000565","E2004702B0000000000235","W2-W-000565",12.90082800,77.59964400
3998,"7010000566","Zone A - Division 1 - Ward 2 - Block 6","Individual HHs","12-16","1st Floor","Tenant","Rahul Hegde","8010000566","2",NULL,"2026-08-11 06:40:00.406","2026-08-11 06:40:00.406","E2004702A0000000000236","W2-D-000566","E2004702B0000000000236","W2-W-000566",12.90083000,77.59979400
3999,"7010000567","Zone A - Division 1 - Ward 2 - Block 6","Individual HHs","12-17","2nd Floor","Owner","Karthik Hegde","8010000567","3",NULL,"2026-08-11 06:40:00.406","2026-08-11 06:40:00.406","E2004702A0000000000237","W2-D-000567","E2004702B0000000000237","W2-W-000567",12.90083200,77.59994400
4000,"7010000568","Zone A - Division 1 - Ward 2 - Block 6","Individual HHs","12-18","3rd Floor","Tenant","Vikram Hegde","8010000568","4",NULL,"2026-08-11 06:40:00.406","2026-08-11 06:40:00.406","E2004702A0000000000238","W2-D-000568","E2004702B0000000000238","W2-W-000568",12.90083400,77.60009400
4001,"7010000569","Zone A - Division 1 - Ward 2 - Block 6","Individual HHs","12-19","Ground floor","Owner","Akash Hegde","8010000569","5",NULL,"2026-08-11 06:40:00.406","2026-08-11 06:40:00.406","E2004702A0000000000239","W2-D-000569","E2004702B0000000000239","W2-W-000569",12.90083600,77.60024400
4002,"7010000570","Zone A - Division 1 - Ward 2 - Block 6","Individual HHs","12-20","1st Floor","Tenant","Siddharth Hegde","8010000570","6",NULL,"2026-08-11 06:40:00.406","2026-08-11 06:40:00.406","E2004702A000000000023A","W2-D-000570","E2004702B000000000023A","W2-W-000570",12.90083800,77.60039400
4003,"7010000571","Zone A - Division 1 - Ward 2 - Block 6","Individual HHs","12-21","2nd Floor","Owner","Ananya Hegde","8010000571","1",NULL,"2026-08-11 06:40:00.406","2026-08-11 06:40:00.406","E2004702A000000000023B","W2-D-000571","E2004702B000000000023B","W2-W-000571",12.90084000,77.60054400
4004,"7010000572","Zone A - Division 1 - Ward 2 - Block 6","Individual HHs","12-22","3rd Floor","Tenant","Aadhya Hegde","8010000572","2",NULL,"2026-08-11 06:40:00.406","2026-08-11 06:40:00.406","E2004702A000000000023C","W2-D-000572","E2004702B000000000023C","W2-W-000572",12.90084200,77.60069400
4005,"7010000573","Zone A - Division 1 - Ward 2 - Block 6","Individual HHs","12-23","Ground floor","Owner","Diya Hegde","8010000573","3",NULL,"2026-08-11 06:40:00.406","2026-08-11 06:40:00.406","E2004702A000000000023D","W2-D-000573","E2004702B000000000023D","W2-W-000573",12.90084400,77.60084400
4006,"7010000574","Zone A - Division 1 - Ward 2 - Block 6","Individual HHs","12-24","1st Floor","Tenant","Ishita Hegde","8010000574","4",NULL,"2026-08-11 06:40:00.406","2026-08-11 06:40:00.406","E2004702A000000000023E","W2-D-000574","E2004702B000000000023E","W2-W-000574",12.90084600,77.60099400
4007,"7010000575","Zone A - Division 1 - Ward 2 - Block 6","Individual HHs","12-25","2nd Floor","Owner","Kavya Hegde","8010000575","5",NULL,"2026-08-11 06:40:00.406","2026-08-11 06:40:00.406","E2004702A000000000023F","W2-D-000575","E2004702B000000000023F","W2-W-000575",12.90084800,77.60114400
4008,"7010000576","Zone A - Division 1 - Ward 2 - Block 6","Individual HHs","12-26","3rd Floor","Tenant","Meera Hegde","8010000576","6",NULL,"2026-08-11 06:40:00.406","2026-08-11 06:40:00.406","E2004702A0000000000240","W2-D-000576","E2004702B0000000000240","W2-W-000576",12.90095000,77.59754600
4009,"7010000577","Zone A - Division 1 - Ward 2 - Block 6","Individual HHs","12-27","Ground floor","Owner","Sneha Hegde","8010000577","1",NULL,"2026-08-11 06:40:00.406","2026-08-11 06:40:00.406","E2004702A0000000000241","W2-D-000577","E2004702B0000000000241","W2-W-000577",12.90095200,77.59769600
4010,"7010000578","Zone A - Division 1 - Ward 2 - Block 6","Individual HHs","12-28","1st Floor","Tenant","Pooja Hegde","8010000578","2",NULL,"2026-08-11 06:40:00.406","2026-08-11 06:40:00.406","E2004702A0000000000242","W2-D-000578","E2004702B0000000000242","W2-W-000578",12.90095400,77.59784600
4011,"7010000579","Zone A - Division 1 - Ward 2 - Block 6","Individual HHs","12-29","2nd Floor","Owner","Riya Hegde","8010000579","3",NULL,"2026-08-11 06:40:00.406","2026-08-11 06:40:00.406","E2004702A0000000000243","W2-D-000579","E2004702B0000000000243","W2-W-000579",12.90095600,77.59799600
4012,"7010000580","Zone A - Division 1 - Ward 2 - Block 6","Individual HHs","12-30","3rd Floor","Tenant","Nandini Hegde","8010000580","4",NULL,"2026-08-11 06:40:00.406","2026-08-11 06:40:00.406","E2004702A0000000000244","W2-D-000580","E2004702B0000000000244","W2-W-000580",12.90095800,77.59814600
4013,"7010000581","Zone A - Division 1 - Ward 2 - Block 6","Individual HHs","12-31","Ground floor","Owner","Sanjay Hegde","8010000581","5",NULL,"2026-08-11 06:40:00.406","2026-08-11 06:40:00.406","E2004702A0000000000245","W2-D-000581","E2004702B0000000000245","W2-W-000581",12.90096000,77.59829600
4014,"7010000582","Zone A - Division 1 - Ward 2 - Block 6","Individual HHs","12-32","1st Floor","Tenant","Manoj Hegde","8010000582","6",NULL,"2026-08-11 06:40:00.406","2026-08-11 06:40:00.406","E2004702A0000000000246","W2-D-000582","E2004702B0000000000246","W2-W-000582",12.90096200,77.59844600
4015,"7010000583","Zone A - Division 1 - Ward 2 - Block 6","Individual HHs","12-33","2nd Floor","Owner","Suresh Hegde","8010000583","1",NULL,"2026-08-11 06:40:00.406","2026-08-11 06:40:00.406","E2004702A0000000000247","W2-D-000583","E2004702B0000000000247","W2-W-000583",12.90096400,77.59859600
4016,"7010000584","Zone A - Division 1 - Ward 2 - Block 6","Individual HHs","12-34","3rd Floor","Tenant","Mahesh Hegde","8010000584","2",NULL,"2026-08-11 06:40:00.406","2026-08-11 06:40:00.406","E2004702A0000000000248","W2-D-000584","E2004702B0000000000248","W2-W-000584",12.90096600,77.59874600
4017,"7010000585","Zone A - Division 1 - Ward 2 - Block 6","Individual HHs","12-35","Ground floor","Owner","Prakash Hegde","8010000585","3",NULL,"2026-08-11 06:40:00.406","2026-08-11 06:40:00.406","E2004702A0000000000249","W2-D-000585","E2004702B0000000000249","W2-W-000585",12.90096800,77.59889600
4018,"7010000586","Zone A - Division 1 - Ward 2 - Block 6","Individual HHs","12-36","1st Floor","Tenant","Ramesh Hegde","8010000586","4",NULL,"2026-08-11 06:40:00.406","2026-08-11 06:40:00.406","E2004702A000000000024A","W2-D-000586","E2004702B000000000024A","W2-W-000586",12.90097000,77.59904600
4019,"7010000587","Zone A - Division 1 - Ward 2 - Block 6","Individual HHs","12-37","2nd Floor","Owner","Ganesh Hegde","8010000587","5",NULL,"2026-08-11 06:40:00.406","2026-08-11 06:40:00.406","E2004702A000000000024B","W2-D-000587","E2004702B000000000024B","W2-W-000587",12.90097200,77.59919600
4020,"7010000588","Zone A - Division 1 - Ward 2 - Block 6","Individual HHs","12-38","3rd Floor","Tenant","Dinesh Hegde","8010000588","6",NULL,"2026-08-11 06:40:00.406","2026-08-11 06:40:00.406","E2004702A000000000024C","W2-D-000588","E2004702B000000000024C","W2-W-000588",12.90097400,77.59934600
4021,"7010000589","Zone A - Division 1 - Ward 2 - Block 6","Individual HHs","12-39","Ground floor","Owner","Nikhil Hegde","8010000589","1",NULL,"2026-08-11 06:40:00.406","2026-08-11 06:40:00.406","E2004702A000000000024D","W2-D-000589","E2004702B000000000024D","W2-W-000589",12.90097600,77.59949600
4022,"7010000590","Zone A - Division 1 - Ward 2 - Block 6","Individual HHs","12-40","1st Floor","Tenant","Varun Hegde","8010000590","2",NULL,"2026-08-11 06:40:00.406","2026-08-11 06:40:00.406","E2004702A000000000024E","W2-D-000590","E2004702B000000000024E","W2-W-000590",12.90097800,77.59964600
4023,"7010000591","Zone A - Division 1 - Ward 2 - Block 6","Individual HHs","12-41","2nd Floor","Owner","Priya Hegde","8010000591","3",NULL,"2026-08-11 06:40:00.406","2026-08-11 06:40:00.406","E2004702A000000000024F","W2-D-000591","E2004702B000000000024F","W2-W-000591",12.90098000,77.59979600
4024,"7010000592","Zone A - Division 1 - Ward 2 - Block 6","Individual HHs","12-42","3rd Floor","Tenant","Divya Hegde","8010000592","4",NULL,"2026-08-11 06:40:00.406","2026-08-11 06:40:00.406","E2004702A0000000000250","W2-D-000592","E2004702B0000000000250","W2-W-000592",12.90098200,77.59994600
4025,"7010000593","Zone A - Division 1 - Ward 2 - Block 6","Individual HHs","12-43","Ground floor","Owner","Swathi Hegde","8010000593","5",NULL,"2026-08-11 06:40:00.406","2026-08-11 06:40:00.406","E2004702A0000000000251","W2-D-000593","E2004702B0000000000251","W2-W-000593",12.90098400,77.60009600
4026,"7010000594","Zone A - Division 1 - Ward 2 - Block 6","Individual HHs","12-44","1st Floor","Tenant","Shreya Hegde","8010000594","6",NULL,"2026-08-11 06:40:00.406","2026-08-11 06:40:00.406","E2004702A0000000000252","W2-D-000594","E2004702B0000000000252","W2-W-000594",12.90098600,77.60024600
4027,"7010000595","Zone A - Division 1 - Ward 2 - Block 6","Individual HHs","12-45","2nd Floor","Owner","Keerthi Hegde","8010000595","1",NULL,"2026-08-11 06:40:00.406","2026-08-11 06:40:00.406","E2004702A0000000000253","W2-D-000595","E2004702B0000000000253","W2-W-000595",12.90098800,77.60039600
4028,"7010000596","Zone A - Division 1 - Ward 2 - Block 6","Individual HHs","12-46","3rd Floor","Tenant","Lakshmi Hegde","8010000596","2",NULL,"2026-08-11 06:40:00.406","2026-08-11 06:40:00.406","E2004702A0000000000254","W2-D-000596","E2004702B0000000000254","W2-W-000596",12.90099000,77.60054600
4029,"7010000597","Zone A - Division 1 - Ward 2 - Block 6","Individual HHs","12-47","Ground floor","Owner","Deepa Hegde","8010000597","3",NULL,"2026-08-11 06:40:00.406","2026-08-11 06:40:00.406","E2004702A0000000000255","W2-D-000597","E2004702B0000000000255","W2-W-000597",12.90099200,77.60069600
4030,"7010000598","Zone A - Division 1 - Ward 2 - Block 6","Individual HHs","12-48","1st Floor","Tenant","Asha Hegde","8010000598","4",NULL,"2026-08-11 06:40:00.406","2026-08-11 06:40:00.406","E2004702A0000000000256","W2-D-000598","E2004702B0000000000256","W2-W-000598",12.90099400,77.60084600
4031,"7010000599","Zone A - Division 1 - Ward 2 - Block 6","Individual HHs","12-49","2nd Floor","Owner","Pallavi Hegde","8010000599","5",NULL,"2026-08-11 06:40:00.406","2026-08-11 06:40:00.406","E2004702A0000000000257","W2-D-000599","E2004702B0000000000257","W2-W-000599",12.90099600,77.60099600
4032,"7010000600","Zone A - Division 1 - Ward 2 - Block 6","Individual HHs","12-50","3rd Floor","Tenant","Bhavana Hegde","8010000600","6",NULL,"2026-08-11 06:40:00.406","2026-08-11 06:40:00.406","E2004702A0000000000258","W2-D-000600","E2004702B0000000000258","W2-W-000600",12.90099800,77.60114600
4033,"7010000601","Zone A - Division 1 - Ward 2 - Block 7","Individual HHs","13-01","Ground floor","Owner","Aarav Desai","8010000601","1",NULL,"2026-08-11 06:40:00.406","2026-08-11 06:40:00.406","E2004702A0000000000259","W2-D-000601","E2004702B0000000000259","W2-W-000601",12.90110000,77.59754800
4034,"7010000602","Zone A - Division 1 - Ward 2 - Block 7","Individual HHs","13-02","1st Floor","Tenant","Vihaan Desai","8010000602","2",NULL,"2026-08-11 06:40:00.406","2026-08-11 06:40:00.406","E2004702A000000000025A","W2-D-000602","E2004702B000000000025A","W2-W-000602",12.90110200,77.59769800
4035,"7010000603","Zone A - Division 1 - Ward 2 - Block 7","Individual HHs","13-03","2nd Floor","Owner","Aditya Desai","8010000603","3",NULL,"2026-08-11 06:40:00.406","2026-08-11 06:40:00.406","E2004702A000000000025B","W2-D-000603","E2004702B000000000025B","W2-W-000603",12.90110400,77.59784800
4036,"7010000604","Zone A - Division 1 - Ward 2 - Block 7","Individual HHs","13-04","3rd Floor","Tenant","Arjun Desai","8010000604","4",NULL,"2026-08-11 06:40:00.406","2026-08-11 06:40:00.406","E2004702A000000000025C","W2-D-000604","E2004702B000000000025C","W2-W-000604",12.90110600,77.59799800
4037,"7010000605","Zone A - Division 1 - Ward 2 - Block 7","Individual HHs","13-05","Ground floor","Owner","Rohan Desai","8010000605","5",NULL,"2026-08-11 06:40:00.406","2026-08-11 06:40:00.406","E2004702A000000000025D","W2-D-000605","E2004702B000000000025D","W2-W-000605",12.90110800,77.59814800
4038,"7010000606","Zone A - Division 1 - Ward 2 - Block 7","Individual HHs","13-06","1st Floor","Tenant","Rahul Desai","8010000606","6",NULL,"2026-08-11 06:40:00.406","2026-08-11 06:40:00.406","E2004702A000000000025E","W2-D-000606","E2004702B000000000025E","W2-W-000606",12.90111000,77.59829800
4039,"7010000607","Zone A - Division 1 - Ward 2 - Block 7","Individual HHs","13-07","2nd Floor","Owner","Karthik Desai","8010000607","1",NULL,"2026-08-11 06:40:00.406","2026-08-11 06:40:00.406","E2004702A000000000025F","W2-D-000607","E2004702B000000000025F","W2-W-000607",12.90111200,77.59844800
4040,"7010000608","Zone A - Division 1 - Ward 2 - Block 7","Individual HHs","13-08","3rd Floor","Tenant","Vikram Desai","8010000608","2",NULL,"2026-08-11 06:40:00.406","2026-08-11 06:40:00.406","E2004702A0000000000260","W2-D-000608","E2004702B0000000000260","W2-W-000608",12.90111400,77.59859800
4041,"7010000609","Zone A - Division 1 - Ward 2 - Block 7","Individual HHs","13-09","Ground floor","Owner","Akash Desai","8010000609","3",NULL,"2026-08-11 06:40:00.406","2026-08-11 06:40:00.406","E2004702A0000000000261","W2-D-000609","E2004702B0000000000261","W2-W-000609",12.90111600,77.59874800
4042,"7010000610","Zone A - Division 1 - Ward 2 - Block 7","Individual HHs","13-10","1st Floor","Tenant","Siddharth Desai","8010000610","4",NULL,"2026-08-11 06:40:00.406","2026-08-11 06:40:00.406","E2004702A0000000000262","W2-D-000610","E2004702B0000000000262","W2-W-000610",12.90111800,77.59889800
4043,"7010000611","Zone A - Division 1 - Ward 2 - Block 7","Individual HHs","13-11","2nd Floor","Owner","Ananya Desai","8010000611","5",NULL,"2026-08-11 06:40:00.406","2026-08-11 06:40:00.406","E2004702A0000000000263","W2-D-000611","E2004702B0000000000263","W2-W-000611",12.90112000,77.59904800
4044,"7010000612","Zone A - Division 1 - Ward 2 - Block 7","Individual HHs","13-12","3rd Floor","Tenant","Aadhya Desai","8010000612","6",NULL,"2026-08-11 06:40:00.406","2026-08-11 06:40:00.406","E2004702A0000000000264","W2-D-000612","E2004702B0000000000264","W2-W-000612",12.90112200,77.59919800
4045,"7010000613","Zone A - Division 1 - Ward 2 - Block 7","Individual HHs","13-13","Ground floor","Owner","Diya Desai","8010000613","1",NULL,"2026-08-11 06:40:00.406","2026-08-11 06:40:00.406","E2004702A0000000000265","W2-D-000613","E2004702B0000000000265","W2-W-000613",12.90112400,77.59934800
4046,"7010000614","Zone A - Division 1 - Ward 2 - Block 7","Individual HHs","13-14","1st Floor","Tenant","Ishita Desai","8010000614","2",NULL,"2026-08-11 06:40:00.406","2026-08-11 06:40:00.406","E2004702A0000000000266","W2-D-000614","E2004702B0000000000266","W2-W-000614",12.90112600,77.59949800
4047,"7010000615","Zone A - Division 1 - Ward 2 - Block 7","Individual HHs","13-15","2nd Floor","Owner","Kavya Desai","8010000615","3",NULL,"2026-08-11 06:40:00.406","2026-08-11 06:40:00.406","E2004702A0000000000267","W2-D-000615","E2004702B0000000000267","W2-W-000615",12.90112800,77.59964800
4048,"7010000616","Zone A - Division 1 - Ward 2 - Block 7","Individual HHs","13-16","3rd Floor","Tenant","Meera Desai","8010000616","4",NULL,"2026-08-11 06:40:00.406","2026-08-11 06:40:00.406","E2004702A0000000000268","W2-D-000616","E2004702B0000000000268","W2-W-000616",12.90113000,77.59979800
4049,"7010000617","Zone A - Division 1 - Ward 2 - Block 7","Individual HHs","13-17","Ground floor","Owner","Sneha Desai","8010000617","5",NULL,"2026-08-11 06:40:00.406","2026-08-11 06:40:00.406","E2004702A0000000000269","W2-D-000617","E2004702B0000000000269","W2-W-000617",12.90113200,77.59994800
4050,"7010000618","Zone A - Division 1 - Ward 2 - Block 7","Individual HHs","13-18","1st Floor","Tenant","Pooja Desai","8010000618","6",NULL,"2026-08-11 06:40:00.406","2026-08-11 06:40:00.406","E2004702A000000000026A","W2-D-000618","E2004702B000000000026A","W2-W-000618",12.90113400,77.60009800
4051,"7010000619","Zone A - Division 1 - Ward 2 - Block 7","Individual HHs","13-19","2nd Floor","Owner","Riya Desai","8010000619","1",NULL,"2026-08-11 06:40:00.406","2026-08-11 06:40:00.406","E2004702A000000000026B","W2-D-000619","E2004702B000000000026B","W2-W-000619",12.90113600,77.60024800
4052,"7010000620","Zone A - Division 1 - Ward 2 - Block 7","Individual HHs","13-20","3rd Floor","Tenant","Nandini Desai","8010000620","2",NULL,"2026-08-11 06:40:00.406","2026-08-11 06:40:00.406","E2004702A000000000026C","W2-D-000620","E2004702B000000000026C","W2-W-000620",12.90113800,77.60039800
4053,"7010000621","Zone A - Division 1 - Ward 2 - Block 7","Individual HHs","13-21","Ground floor","Owner","Sanjay Desai","8010000621","3",NULL,"2026-08-11 06:40:00.406","2026-08-11 06:40:00.406","E2004702A000000000026D","W2-D-000621","E2004702B000000000026D","W2-W-000621",12.90114000,77.60054800
4054,"7010000622","Zone A - Division 1 - Ward 2 - Block 7","Individual HHs","13-22","1st Floor","Tenant","Manoj Desai","8010000622","4",NULL,"2026-08-11 06:40:00.406","2026-08-11 06:40:00.406","E2004702A000000000026E","W2-D-000622","E2004702B000000000026E","W2-W-000622",12.90114200,77.60069800
4055,"7010000623","Zone A - Division 1 - Ward 2 - Block 7","Individual HHs","13-23","2nd Floor","Owner","Suresh Desai","8010000623","5",NULL,"2026-08-11 06:40:00.406","2026-08-11 06:40:00.406","E2004702A000000000026F","W2-D-000623","E2004702B000000000026F","W2-W-000623",12.90114400,77.60084800
4056,"7010000624","Zone A - Division 1 - Ward 2 - Block 7","Individual HHs","13-24","3rd Floor","Tenant","Mahesh Desai","8010000624","6",NULL,"2026-08-11 06:40:00.406","2026-08-11 06:40:00.406","E2004702A0000000000270","W2-D-000624","E2004702B0000000000270","W2-W-000624",12.90114600,77.60099800
4057,"7010000625","Zone A - Division 1 - Ward 2 - Block 7","Individual HHs","13-25","Ground floor","Owner","Prakash Desai","8010000625","1",NULL,"2026-08-11 06:40:00.406","2026-08-11 06:40:00.406","E2004702A0000000000271","W2-D-000625","E2004702B0000000000271","W2-W-000625",12.90114800,77.60114800
4058,"7010000626","Zone A - Division 1 - Ward 2 - Block 7","Individual HHs","13-26","1st Floor","Tenant","Ramesh Desai","8010000626","2",NULL,"2026-08-11 06:40:00.406","2026-08-11 06:40:00.406","E2004702A0000000000272","W2-D-000626","E2004702B0000000000272","W2-W-000626",12.90125000,77.59755000
4059,"7010000627","Zone A - Division 1 - Ward 2 - Block 7","Individual HHs","13-27","2nd Floor","Owner","Ganesh Desai","8010000627","3",NULL,"2026-08-11 06:40:00.406","2026-08-11 06:40:00.406","E2004702A0000000000273","W2-D-000627","E2004702B0000000000273","W2-W-000627",12.90125200,77.59770000
4060,"7010000628","Zone A - Division 1 - Ward 2 - Block 7","Individual HHs","13-28","3rd Floor","Tenant","Dinesh Desai","8010000628","4",NULL,"2026-08-11 06:40:00.406","2026-08-11 06:40:00.406","E2004702A0000000000274","W2-D-000628","E2004702B0000000000274","W2-W-000628",12.90125400,77.59785000
4061,"7010000629","Zone A - Division 1 - Ward 2 - Block 7","Individual HHs","13-29","Ground floor","Owner","Nikhil Desai","8010000629","5",NULL,"2026-08-11 06:40:00.406","2026-08-11 06:40:00.406","E2004702A0000000000275","W2-D-000629","E2004702B0000000000275","W2-W-000629",12.90125600,77.59800000
4062,"7010000630","Zone A - Division 1 - Ward 2 - Block 7","Individual HHs","13-30","1st Floor","Tenant","Varun Desai","8010000630","6",NULL,"2026-08-11 06:40:00.406","2026-08-11 06:40:00.406","E2004702A0000000000276","W2-D-000630","E2004702B0000000000276","W2-W-000630",12.90125800,77.59815000
4063,"7010000631","Zone A - Division 1 - Ward 2 - Block 7","Individual HHs","13-31","2nd Floor","Owner","Priya Desai","8010000631","1",NULL,"2026-08-11 06:40:00.406","2026-08-11 06:40:00.406","E2004702A0000000000277","W2-D-000631","E2004702B0000000000277","W2-W-000631",12.90126000,77.59830000
4064,"7010000632","Zone A - Division 1 - Ward 2 - Block 7","Individual HHs","13-32","3rd Floor","Tenant","Divya Desai","8010000632","2",NULL,"2026-08-11 06:40:00.406","2026-08-11 06:40:00.406","E2004702A0000000000278","W2-D-000632","E2004702B0000000000278","W2-W-000632",12.90126200,77.59845000
4065,"7010000633","Zone A - Division 1 - Ward 2 - Block 7","Individual HHs","13-33","Ground floor","Owner","Swathi Desai","8010000633","3",NULL,"2026-08-11 06:40:00.406","2026-08-11 06:40:00.406","E2004702A0000000000279","W2-D-000633","E2004702B0000000000279","W2-W-000633",12.90126400,77.59860000
4066,"7010000634","Zone A - Division 1 - Ward 2 - Block 7","Individual HHs","13-34","1st Floor","Tenant","Shreya Desai","8010000634","4",NULL,"2026-08-11 06:40:00.406","2026-08-11 06:40:00.406","E2004702A000000000027A","W2-D-000634","E2004702B000000000027A","W2-W-000634",12.90126600,77.59875000
4067,"7010000635","Zone A - Division 1 - Ward 2 - Block 7","Individual HHs","13-35","2nd Floor","Owner","Keerthi Desai","8010000635","5",NULL,"2026-08-11 06:40:00.406","2026-08-11 06:40:00.406","E2004702A000000000027B","W2-D-000635","E2004702B000000000027B","W2-W-000635",12.90126800,77.59890000
4068,"7010000636","Zone A - Division 1 - Ward 2 - Block 7","Individual HHs","13-36","3rd Floor","Tenant","Lakshmi Desai","8010000636","6",NULL,"2026-08-11 06:40:00.406","2026-08-11 06:40:00.406","E2004702A000000000027C","W2-D-000636","E2004702B000000000027C","W2-W-000636",12.90127000,77.59905000
4069,"7010000637","Zone A - Division 1 - Ward 2 - Block 7","Individual HHs","13-37","Ground floor","Owner","Deepa Desai","8010000637","1",NULL,"2026-08-11 06:40:00.406","2026-08-11 06:40:00.406","E2004702A000000000027D","W2-D-000637","E2004702B000000000027D","W2-W-000637",12.90127200,77.59920000
4070,"7010000638","Zone A - Division 1 - Ward 2 - Block 7","Individual HHs","13-38","1st Floor","Tenant","Asha Desai","8010000638","2",NULL,"2026-08-11 06:40:00.406","2026-08-11 06:40:00.406","E2004702A000000000027E","W2-D-000638","E2004702B000000000027E","W2-W-000638",12.90127400,77.59935000
4071,"7010000639","Zone A - Division 1 - Ward 2 - Block 7","Individual HHs","13-39","2nd Floor","Owner","Pallavi Desai","8010000639","3",NULL,"2026-08-11 06:40:00.406","2026-08-11 06:40:00.406","E2004702A000000000027F","W2-D-000639","E2004702B000000000027F","W2-W-000639",12.90127600,77.59950000
4072,"7010000640","Zone A - Division 1 - Ward 2 - Block 7","Individual HHs","13-40","3rd Floor","Tenant","Bhavana Desai","8010000640","4",NULL,"2026-08-11 06:40:00.406","2026-08-11 06:40:00.406","E2004702A0000000000280","W2-D-000640","E2004702B0000000000280","W2-W-000640",12.90127800,77.59965000
4073,"7010000641","Zone A - Division 1 - Ward 2 - Block 7","Individual HHs","13-41","Ground floor","Owner","Aarav Kulkarni","8010000641","5",NULL,"2026-08-11 06:40:00.406","2026-08-11 06:40:00.406","E2004702A0000000000281","W2-D-000641","E2004702B0000000000281","W2-W-000641",12.90128000,77.59980000
4074,"7010000642","Zone A - Division 1 - Ward 2 - Block 7","Individual HHs","13-42","1st Floor","Tenant","Vihaan Kulkarni","8010000642","6",NULL,"2026-08-11 06:40:00.406","2026-08-11 06:40:00.406","E2004702A0000000000282","W2-D-000642","E2004702B0000000000282","W2-W-000642",12.90128200,77.59995000
4075,"7010000643","Zone A - Division 1 - Ward 2 - Block 7","Individual HHs","13-43","2nd Floor","Owner","Aditya Kulkarni","8010000643","1",NULL,"2026-08-11 06:40:00.406","2026-08-11 06:40:00.406","E2004702A0000000000283","W2-D-000643","E2004702B0000000000283","W2-W-000643",12.90128400,77.60010000
4076,"7010000644","Zone A - Division 1 - Ward 2 - Block 7","Individual HHs","13-44","3rd Floor","Tenant","Arjun Kulkarni","8010000644","2",NULL,"2026-08-11 06:40:00.406","2026-08-11 06:40:00.406","E2004702A0000000000284","W2-D-000644","E2004702B0000000000284","W2-W-000644",12.90128600,77.60025000
4077,"7010000645","Zone A - Division 1 - Ward 2 - Block 7","Individual HHs","13-45","Ground floor","Owner","Rohan Kulkarni","8010000645","3",NULL,"2026-08-11 06:40:00.406","2026-08-11 06:40:00.406","E2004702A0000000000285","W2-D-000645","E2004702B0000000000285","W2-W-000645",12.90128800,77.60040000
4078,"7010000646","Zone A - Division 1 - Ward 2 - Block 7","Individual HHs","13-46","1st Floor","Tenant","Rahul Kulkarni","8010000646","4",NULL,"2026-08-11 06:40:00.406","2026-08-11 06:40:00.406","E2004702A0000000000286","W2-D-000646","E2004702B0000000000286","W2-W-000646",12.90129000,77.60055000
4079,"7010000647","Zone A - Division 1 - Ward 2 - Block 7","Individual HHs","13-47","2nd Floor","Owner","Karthik Kulkarni","8010000647","5",NULL,"2026-08-11 06:40:00.406","2026-08-11 06:40:00.406","E2004702A0000000000287","W2-D-000647","E2004702B0000000000287","W2-W-000647",12.90129200,77.60070000
4080,"7010000648","Zone A - Division 1 - Ward 2 - Block 7","Individual HHs","13-48","3rd Floor","Tenant","Vikram Kulkarni","8010000648","6",NULL,"2026-08-11 06:40:00.406","2026-08-11 06:40:00.406","E2004702A0000000000288","W2-D-000648","E2004702B0000000000288","W2-W-000648",12.90129400,77.60085000
4081,"7010000649","Zone A - Division 1 - Ward 2 - Block 7","Individual HHs","13-49","Ground floor","Owner","Akash Kulkarni","8010000649","1",NULL,"2026-08-11 06:40:00.406","2026-08-11 06:40:00.406","E2004702A0000000000289","W2-D-000649","E2004702B0000000000289","W2-W-000649",12.90129600,77.60100000
4082,"7010000650","Zone A - Division 1 - Ward 2 - Block 7","Individual HHs","13-50","1st Floor","Tenant","Siddharth Kulkarni","8010000650","2",NULL,"2026-08-11 06:40:00.406","2026-08-11 06:40:00.406","E2004702A000000000028A","W2-D-000650","E2004702B000000000028A","W2-W-000650",12.90129800,77.60115000
4083,"7010000651","Zone A - Division 1 - Ward 2 - Block 7","Individual HHs","14-01","2nd Floor","Owner","Ananya Kulkarni","8010000651","3",NULL,"2026-08-11 06:40:00.406","2026-08-11 06:40:00.406","E2004702A000000000028B","W2-D-000651","E2004702B000000000028B","W2-W-000651",12.90140000,77.59755200
4084,"7010000652","Zone A - Division 1 - Ward 2 - Block 7","Individual HHs","14-02","3rd Floor","Tenant","Aadhya Kulkarni","8010000652","4",NULL,"2026-08-11 06:40:00.406","2026-08-11 06:40:00.406","E2004702A000000000028C","W2-D-000652","E2004702B000000000028C","W2-W-000652",12.90140200,77.59770200
4085,"7010000653","Zone A - Division 1 - Ward 2 - Block 7","Individual HHs","14-03","Ground floor","Owner","Diya Kulkarni","8010000653","5",NULL,"2026-08-11 06:40:00.406","2026-08-11 06:40:00.406","E2004702A000000000028D","W2-D-000653","E2004702B000000000028D","W2-W-000653",12.90140400,77.59785200
4086,"7010000654","Zone A - Division 1 - Ward 2 - Block 7","Individual HHs","14-04","1st Floor","Tenant","Ishita Kulkarni","8010000654","6",NULL,"2026-08-11 06:40:00.406","2026-08-11 06:40:00.406","E2004702A000000000028E","W2-D-000654","E2004702B000000000028E","W2-W-000654",12.90140600,77.59800200
4087,"7010000655","Zone A - Division 1 - Ward 2 - Block 7","Individual HHs","14-05","2nd Floor","Owner","Kavya Kulkarni","8010000655","1",NULL,"2026-08-11 06:40:00.406","2026-08-11 06:40:00.406","E2004702A000000000028F","W2-D-000655","E2004702B000000000028F","W2-W-000655",12.90140800,77.59815200
4088,"7010000656","Zone A - Division 1 - Ward 2 - Block 7","Individual HHs","14-06","3rd Floor","Tenant","Meera Kulkarni","8010000656","2",NULL,"2026-08-11 06:40:00.406","2026-08-11 06:40:00.406","E2004702A0000000000290","W2-D-000656","E2004702B0000000000290","W2-W-000656",12.90141000,77.59830200
4089,"7010000657","Zone A - Division 1 - Ward 2 - Block 7","Individual HHs","14-07","Ground floor","Owner","Sneha Kulkarni","8010000657","3",NULL,"2026-08-11 06:40:00.406","2026-08-11 06:40:00.406","E2004702A0000000000291","W2-D-000657","E2004702B0000000000291","W2-W-000657",12.90141200,77.59845200
4090,"7010000658","Zone A - Division 1 - Ward 2 - Block 7","Individual HHs","14-08","1st Floor","Tenant","Pooja Kulkarni","8010000658","4",NULL,"2026-08-11 06:40:00.406","2026-08-11 06:40:00.406","E2004702A0000000000292","W2-D-000658","E2004702B0000000000292","W2-W-000658",12.90141400,77.59860200
4091,"7010000659","Zone A - Division 1 - Ward 2 - Block 7","Individual HHs","14-09","2nd Floor","Owner","Riya Kulkarni","8010000659","5",NULL,"2026-08-11 06:40:00.406","2026-08-11 06:40:00.406","E2004702A0000000000293","W2-D-000659","E2004702B0000000000293","W2-W-000659",12.90141600,77.59875200
4092,"7010000660","Zone A - Division 1 - Ward 2 - Block 7","Individual HHs","14-10","3rd Floor","Tenant","Nandini Kulkarni","8010000660","6",NULL,"2026-08-11 06:40:00.406","2026-08-11 06:40:00.406","E2004702A0000000000294","W2-D-000660","E2004702B0000000000294","W2-W-000660",12.90141800,77.59890200
4093,"7010000661","Zone A - Division 1 - Ward 2 - Block 7","Individual HHs","14-11","Ground floor","Owner","Sanjay Kulkarni","8010000661","1",NULL,"2026-08-11 06:40:00.406","2026-08-11 06:40:00.406","E2004702A0000000000295","W2-D-000661","E2004702B0000000000295","W2-W-000661",12.90142000,77.59905200
4094,"7010000662","Zone A - Division 1 - Ward 2 - Block 7","Individual HHs","14-12","1st Floor","Tenant","Manoj Kulkarni","8010000662","2",NULL,"2026-08-11 06:40:00.406","2026-08-11 06:40:00.406","E2004702A0000000000296","W2-D-000662","E2004702B0000000000296","W2-W-000662",12.90142200,77.59920200
4095,"7010000663","Zone A - Division 1 - Ward 2 - Block 7","Individual HHs","14-13","2nd Floor","Owner","Suresh Kulkarni","8010000663","3",NULL,"2026-08-11 06:40:00.406","2026-08-11 06:40:00.406","E2004702A0000000000297","W2-D-000663","E2004702B0000000000297","W2-W-000663",12.90142400,77.59935200
4096,"7010000664","Zone A - Division 1 - Ward 2 - Block 7","Individual HHs","14-14","3rd Floor","Tenant","Mahesh Kulkarni","8010000664","4",NULL,"2026-08-11 06:40:00.406","2026-08-11 06:40:00.406","E2004702A0000000000298","W2-D-000664","E2004702B0000000000298","W2-W-000664",12.90142600,77.59950200
4097,"7010000665","Zone A - Division 1 - Ward 2 - Block 7","Individual HHs","14-15","Ground floor","Owner","Prakash Kulkarni","8010000665","5",NULL,"2026-08-11 06:40:00.406","2026-08-11 06:40:00.406","E2004702A0000000000299","W2-D-000665","E2004702B0000000000299","W2-W-000665",12.90142800,77.59965200
4098,"7010000666","Zone A - Division 1 - Ward 2 - Block 7","Individual HHs","14-16","1st Floor","Tenant","Ramesh Kulkarni","8010000666","6",NULL,"2026-08-11 06:40:00.406","2026-08-11 06:40:00.406","E2004702A000000000029A","W2-D-000666","E2004702B000000000029A","W2-W-000666",12.90143000,77.59980200
4099,"7010000667","Zone A - Division 1 - Ward 2 - Block 7","Individual HHs","14-17","2nd Floor","Owner","Ganesh Kulkarni","8010000667","1",NULL,"2026-08-11 06:40:00.406","2026-08-11 06:40:00.406","E2004702A000000000029B","W2-D-000667","E2004702B000000000029B","W2-W-000667",12.90143200,77.59995200
4100,"7010000668","Zone A - Division 1 - Ward 2 - Block 7","Individual HHs","14-18","3rd Floor","Tenant","Dinesh Kulkarni","8010000668","2",NULL,"2026-08-11 06:40:00.406","2026-08-11 06:40:00.406","E2004702A000000000029C","W2-D-000668","E2004702B000000000029C","W2-W-000668",12.90143400,77.60010200
4101,"7010000669","Zone A - Division 1 - Ward 2 - Block 7","Individual HHs","14-19","Ground floor","Owner","Nikhil Kulkarni","8010000669","3",NULL,"2026-08-11 06:40:00.406","2026-08-11 06:40:00.406","E2004702A000000000029D","W2-D-000669","E2004702B000000000029D","W2-W-000669",12.90143600,77.60025200
4102,"7010000670","Zone A - Division 1 - Ward 2 - Block 7","Individual HHs","14-20","1st Floor","Tenant","Varun Kulkarni","8010000670","4",NULL,"2026-08-11 06:40:00.406","2026-08-11 06:40:00.406","E2004702A000000000029E","W2-D-000670","E2004702B000000000029E","W2-W-000670",12.90143800,77.60040200
4103,"7010000671","Zone A - Division 1 - Ward 2 - Block 7","Individual HHs","14-21","2nd Floor","Owner","Priya Kulkarni","8010000671","5",NULL,"2026-08-11 06:40:00.406","2026-08-11 06:40:00.406","E2004702A000000000029F","W2-D-000671","E2004702B000000000029F","W2-W-000671",12.90144000,77.60055200
4104,"7010000672","Zone A - Division 1 - Ward 2 - Block 7","Individual HHs","14-22","3rd Floor","Tenant","Divya Kulkarni","8010000672","6",NULL,"2026-08-11 06:40:00.406","2026-08-11 06:40:00.406","E2004702A00000000002A0","W2-D-000672","E2004702B00000000002A0","W2-W-000672",12.90144200,77.60070200
4105,"7010000673","Zone A - Division 1 - Ward 2 - Block 7","Individual HHs","14-23","Ground floor","Owner","Swathi Kulkarni","8010000673","1",NULL,"2026-08-11 06:40:00.406","2026-08-11 06:40:00.406","E2004702A00000000002A1","W2-D-000673","E2004702B00000000002A1","W2-W-000673",12.90144400,77.60085200
4106,"7010000674","Zone A - Division 1 - Ward 2 - Block 7","Individual HHs","14-24","1st Floor","Tenant","Shreya Kulkarni","8010000674","2",NULL,"2026-08-11 06:40:00.406","2026-08-11 06:40:00.406","E2004702A00000000002A2","W2-D-000674","E2004702B00000000002A2","W2-W-000674",12.90144600,77.60100200
4107,"7010000675","Zone A - Division 1 - Ward 2 - Block 7","Individual HHs","14-25","2nd Floor","Owner","Keerthi Kulkarni","8010000675","3",NULL,"2026-08-11 06:40:00.406","2026-08-11 06:40:00.406","E2004702A00000000002A3","W2-D-000675","E2004702B00000000002A3","W2-W-000675",12.90144800,77.60115200
4108,"7010000676","Zone A - Division 1 - Ward 2 - Block 7","Individual HHs","14-26","3rd Floor","Tenant","Lakshmi Kulkarni","8010000676","4",NULL,"2026-08-11 06:40:00.406","2026-08-11 06:40:00.406","E2004702A00000000002A4","W2-D-000676","E2004702B00000000002A4","W2-W-000676",12.90155000,77.59755400
4109,"7010000677","Zone A - Division 1 - Ward 2 - Block 7","Individual HHs","14-27","Ground floor","Owner","Deepa Kulkarni","8010000677","5",NULL,"2026-08-11 06:40:00.406","2026-08-11 06:40:00.406","E2004702A00000000002A5","W2-D-000677","E2004702B00000000002A5","W2-W-000677",12.90155200,77.59770400
4110,"7010000678","Zone A - Division 1 - Ward 2 - Block 7","Individual HHs","14-28","1st Floor","Tenant","Asha Kulkarni","8010000678","6",NULL,"2026-08-11 06:40:00.406","2026-08-11 06:40:00.406","E2004702A00000000002A6","W2-D-000678","E2004702B00000000002A6","W2-W-000678",12.90155400,77.59785400
4111,"7010000679","Zone A - Division 1 - Ward 2 - Block 7","Individual HHs","14-29","2nd Floor","Owner","Pallavi Kulkarni","8010000679","1",NULL,"2026-08-11 06:40:00.406","2026-08-11 06:40:00.406","E2004702A00000000002A7","W2-D-000679","E2004702B00000000002A7","W2-W-000679",12.90155600,77.59800400
4112,"7010000680","Zone A - Division 1 - Ward 2 - Block 7","Individual HHs","14-30","3rd Floor","Tenant","Bhavana Kulkarni","8010000680","2",NULL,"2026-08-11 06:40:00.406","2026-08-11 06:40:00.406","E2004702A00000000002A8","W2-D-000680","E2004702B00000000002A8","W2-W-000680",12.90155800,77.59815400
4113,"7010000681","Zone A - Division 1 - Ward 2 - Block 7","Individual HHs","14-31","Ground floor","Owner","Aarav Verma","8010000681","3",NULL,"2026-08-11 06:40:00.406","2026-08-11 06:40:00.406","E2004702A00000000002A9","W2-D-000681","E2004702B00000000002A9","W2-W-000681",12.90156000,77.59830400
4114,"7010000682","Zone A - Division 1 - Ward 2 - Block 7","Individual HHs","14-32","1st Floor","Tenant","Vihaan Verma","8010000682","4",NULL,"2026-08-11 06:40:00.406","2026-08-11 06:40:00.406","E2004702A00000000002AA","W2-D-000682","E2004702B00000000002AA","W2-W-000682",12.90156200,77.59845400
4115,"7010000683","Zone A - Division 1 - Ward 2 - Block 7","Individual HHs","14-33","2nd Floor","Owner","Aditya Verma","8010000683","5",NULL,"2026-08-11 06:40:00.406","2026-08-11 06:40:00.406","E2004702A00000000002AB","W2-D-000683","E2004702B00000000002AB","W2-W-000683",12.90156400,77.59860400
4116,"7010000684","Zone A - Division 1 - Ward 2 - Block 7","Individual HHs","14-34","3rd Floor","Tenant","Arjun Verma","8010000684","6",NULL,"2026-08-11 06:40:00.406","2026-08-11 06:40:00.406","E2004702A00000000002AC","W2-D-000684","E2004702B00000000002AC","W2-W-000684",12.90156600,77.59875400
4117,"7010000685","Zone A - Division 1 - Ward 2 - Block 7","Individual HHs","14-35","Ground floor","Owner","Rohan Verma","8010000685","1",NULL,"2026-08-11 06:40:00.406","2026-08-11 06:40:00.406","E2004702A00000000002AD","W2-D-000685","E2004702B00000000002AD","W2-W-000685",12.90156800,77.59890400
4118,"7010000686","Zone A - Division 1 - Ward 2 - Block 7","Individual HHs","14-36","1st Floor","Tenant","Rahul Verma","8010000686","2",NULL,"2026-08-11 06:40:00.406","2026-08-11 06:40:00.406","E2004702A00000000002AE","W2-D-000686","E2004702B00000000002AE","W2-W-000686",12.90157000,77.59905400
4119,"7010000687","Zone A - Division 1 - Ward 2 - Block 7","Individual HHs","14-37","2nd Floor","Owner","Karthik Verma","8010000687","3",NULL,"2026-08-11 06:40:00.406","2026-08-11 06:40:00.406","E2004702A00000000002AF","W2-D-000687","E2004702B00000000002AF","W2-W-000687",12.90157200,77.59920400
4120,"7010000688","Zone A - Division 1 - Ward 2 - Block 7","Individual HHs","14-38","3rd Floor","Tenant","Vikram Verma","8010000688","4",NULL,"2026-08-11 06:40:00.406","2026-08-11 06:40:00.406","E2004702A00000000002B0","W2-D-000688","E2004702B00000000002B0","W2-W-000688",12.90157400,77.59935400
4121,"7010000689","Zone A - Division 1 - Ward 2 - Block 7","Individual HHs","14-39","Ground floor","Owner","Akash Verma","8010000689","5",NULL,"2026-08-11 06:40:00.406","2026-08-11 06:40:00.406","E2004702A00000000002B1","W2-D-000689","E2004702B00000000002B1","W2-W-000689",12.90157600,77.59950400
4122,"7010000690","Zone A - Division 1 - Ward 2 - Block 7","Individual HHs","14-40","1st Floor","Tenant","Siddharth Verma","8010000690","6",NULL,"2026-08-11 06:40:00.406","2026-08-11 06:40:00.406","E2004702A00000000002B2","W2-D-000690","E2004702B00000000002B2","W2-W-000690",12.90157800,77.59965400
4123,"7010000691","Zone A - Division 1 - Ward 2 - Block 7","Individual HHs","14-41","2nd Floor","Owner","Ananya Verma","8010000691","1",NULL,"2026-08-11 06:40:00.406","2026-08-11 06:40:00.406","E2004702A00000000002B3","W2-D-000691","E2004702B00000000002B3","W2-W-000691",12.90158000,77.59980400
4124,"7010000692","Zone A - Division 1 - Ward 2 - Block 7","Individual HHs","14-42","3rd Floor","Tenant","Aadhya Verma","8010000692","2",NULL,"2026-08-11 06:40:00.406","2026-08-11 06:40:00.406","E2004702A00000000002B4","W2-D-000692","E2004702B00000000002B4","W2-W-000692",12.90158200,77.59995400
4125,"7010000693","Zone A - Division 1 - Ward 2 - Block 7","Individual HHs","14-43","Ground floor","Owner","Diya Verma","8010000693","3",NULL,"2026-08-11 06:40:00.406","2026-08-11 06:40:00.406","E2004702A00000000002B5","W2-D-000693","E2004702B00000000002B5","W2-W-000693",12.90158400,77.60010400
4126,"7010000694","Zone A - Division 1 - Ward 2 - Block 7","Individual HHs","14-44","1st Floor","Tenant","Ishita Verma","8010000694","4",NULL,"2026-08-11 06:40:00.406","2026-08-11 06:40:00.406","E2004702A00000000002B6","W2-D-000694","E2004702B00000000002B6","W2-W-000694",12.90158600,77.60025400
4127,"7010000695","Zone A - Division 1 - Ward 2 - Block 7","Individual HHs","14-45","2nd Floor","Owner","Kavya Verma","8010000695","5",NULL,"2026-08-11 06:40:00.406","2026-08-11 06:40:00.406","E2004702A00000000002B7","W2-D-000695","E2004702B00000000002B7","W2-W-000695",12.90158800,77.60040400
4128,"7010000696","Zone A - Division 1 - Ward 2 - Block 7","Individual HHs","14-46","3rd Floor","Tenant","Meera Verma","8010000696","6",NULL,"2026-08-11 06:40:00.406","2026-08-11 06:40:00.406","E2004702A00000000002B8","W2-D-000696","E2004702B00000000002B8","W2-W-000696",12.90159000,77.60055400
4129,"7010000697","Zone A - Division 1 - Ward 2 - Block 7","Individual HHs","14-47","Ground floor","Owner","Sneha Verma","8010000697","1",NULL,"2026-08-11 06:40:00.406","2026-08-11 06:40:00.406","E2004702A00000000002B9","W2-D-000697","E2004702B00000000002B9","W2-W-000697",12.90159200,77.60070400
4130,"7010000698","Zone A - Division 1 - Ward 2 - Block 7","Individual HHs","14-48","1st Floor","Tenant","Pooja Verma","8010000698","2",NULL,"2026-08-11 06:40:00.406","2026-08-11 06:40:00.406","E2004702A00000000002BA","W2-D-000698","E2004702B00000000002BA","W2-W-000698",12.90159400,77.60085400
4131,"7010000699","Zone A - Division 1 - Ward 2 - Block 7","Individual HHs","14-49","2nd Floor","Owner","Riya Verma","8010000699","3",NULL,"2026-08-11 06:40:00.406","2026-08-11 06:40:00.406","E2004702A00000000002BB","W2-D-000699","E2004702B00000000002BB","W2-W-000699",12.90159600,77.60100400
4132,"7010000700","Zone A - Division 1 - Ward 2 - Block 7","Individual HHs","14-50","3rd Floor","Tenant","Nandini Verma","8010000700","4",NULL,"2026-08-11 06:40:00.406","2026-08-11 06:40:00.406","E2004702A00000000002BC","W2-D-000700","E2004702B00000000002BC","W2-W-000700",12.90159800,77.60115400
4133,"7010000701","Zone A - Division 1 - Ward 2 - Block 8","Individual HHs","15-01","Ground floor","Owner","Sanjay Verma","8010000701","5",NULL,"2026-08-11 06:40:00.406","2026-08-11 06:40:00.406","E2004702A00000000002BD","W2-D-000701","E2004702B00000000002BD","W2-W-000701",12.90170000,77.59755600
4134,"7010000702","Zone A - Division 1 - Ward 2 - Block 8","Individual HHs","15-02","1st Floor","Tenant","Manoj Verma","8010000702","6",NULL,"2026-08-11 06:40:00.406","2026-08-11 06:40:00.406","E2004702A00000000002BE","W2-D-000702","E2004702B00000000002BE","W2-W-000702",12.90170200,77.59770600
4135,"7010000703","Zone A - Division 1 - Ward 2 - Block 8","Individual HHs","15-03","2nd Floor","Owner","Suresh Verma","8010000703","1",NULL,"2026-08-11 06:40:00.406","2026-08-11 06:40:00.406","E2004702A00000000002BF","W2-D-000703","E2004702B00000000002BF","W2-W-000703",12.90170400,77.59785600
4136,"7010000704","Zone A - Division 1 - Ward 2 - Block 8","Individual HHs","15-04","3rd Floor","Tenant","Mahesh Verma","8010000704","2",NULL,"2026-08-11 06:40:00.406","2026-08-11 06:40:00.406","E2004702A00000000002C0","W2-D-000704","E2004702B00000000002C0","W2-W-000704",12.90170600,77.59800600
4137,"7010000705","Zone A - Division 1 - Ward 2 - Block 8","Individual HHs","15-05","Ground floor","Owner","Prakash Verma","8010000705","3",NULL,"2026-08-11 06:40:00.406","2026-08-11 06:40:00.406","E2004702A00000000002C1","W2-D-000705","E2004702B00000000002C1","W2-W-000705",12.90170800,77.59815600
4138,"7010000706","Zone A - Division 1 - Ward 2 - Block 8","Individual HHs","15-06","1st Floor","Tenant","Ramesh Verma","8010000706","4",NULL,"2026-08-11 06:40:00.406","2026-08-11 06:40:00.406","E2004702A00000000002C2","W2-D-000706","E2004702B00000000002C2","W2-W-000706",12.90171000,77.59830600
4139,"7010000707","Zone A - Division 1 - Ward 2 - Block 8","Individual HHs","15-07","2nd Floor","Owner","Ganesh Verma","8010000707","5",NULL,"2026-08-11 06:40:00.406","2026-08-11 06:40:00.406","E2004702A00000000002C3","W2-D-000707","E2004702B00000000002C3","W2-W-000707",12.90171200,77.59845600
4140,"7010000708","Zone A - Division 1 - Ward 2 - Block 8","Individual HHs","15-08","3rd Floor","Tenant","Dinesh Verma","8010000708","6",NULL,"2026-08-11 06:40:00.406","2026-08-11 06:40:00.406","E2004702A00000000002C4","W2-D-000708","E2004702B00000000002C4","W2-W-000708",12.90171400,77.59860600
4141,"7010000709","Zone A - Division 1 - Ward 2 - Block 8","Individual HHs","15-09","Ground floor","Owner","Nikhil Verma","8010000709","1",NULL,"2026-08-11 06:40:00.406","2026-08-11 06:40:00.406","E2004702A00000000002C5","W2-D-000709","E2004702B00000000002C5","W2-W-000709",12.90171600,77.59875600
4142,"7010000710","Zone A - Division 1 - Ward 2 - Block 8","Individual HHs","15-10","1st Floor","Tenant","Varun Verma","8010000710","2",NULL,"2026-08-11 06:40:00.406","2026-08-11 06:40:00.406","E2004702A00000000002C6","W2-D-000710","E2004702B00000000002C6","W2-W-000710",12.90171800,77.59890600
4143,"7010000711","Zone A - Division 1 - Ward 2 - Block 8","Individual HHs","15-11","2nd Floor","Owner","Priya Verma","8010000711","3",NULL,"2026-08-11 06:40:00.406","2026-08-11 06:40:00.406","E2004702A00000000002C7","W2-D-000711","E2004702B00000000002C7","W2-W-000711",12.90172000,77.59905600
4144,"7010000712","Zone A - Division 1 - Ward 2 - Block 8","Individual HHs","15-12","3rd Floor","Tenant","Divya Verma","8010000712","4",NULL,"2026-08-11 06:40:00.406","2026-08-11 06:40:00.406","E2004702A00000000002C8","W2-D-000712","E2004702B00000000002C8","W2-W-000712",12.90172200,77.59920600
4145,"7010000713","Zone A - Division 1 - Ward 2 - Block 8","Individual HHs","15-13","Ground floor","Owner","Swathi Verma","8010000713","5",NULL,"2026-08-11 06:40:00.406","2026-08-11 06:40:00.406","E2004702A00000000002C9","W2-D-000713","E2004702B00000000002C9","W2-W-000713",12.90172400,77.59935600
4146,"7010000714","Zone A - Division 1 - Ward 2 - Block 8","Individual HHs","15-14","1st Floor","Tenant","Shreya Verma","8010000714","6",NULL,"2026-08-11 06:40:00.406","2026-08-11 06:40:00.406","E2004702A00000000002CA","W2-D-000714","E2004702B00000000002CA","W2-W-000714",12.90172600,77.59950600
4147,"7010000715","Zone A - Division 1 - Ward 2 - Block 8","Individual HHs","15-15","2nd Floor","Owner","Keerthi Verma","8010000715","1",NULL,"2026-08-11 06:40:00.406","2026-08-11 06:40:00.406","E2004702A00000000002CB","W2-D-000715","E2004702B00000000002CB","W2-W-000715",12.90172800,77.59965600
4148,"7010000716","Zone A - Division 1 - Ward 2 - Block 8","Individual HHs","15-16","3rd Floor","Tenant","Lakshmi Verma","8010000716","2",NULL,"2026-08-11 06:40:00.406","2026-08-11 06:40:00.406","E2004702A00000000002CC","W2-D-000716","E2004702B00000000002CC","W2-W-000716",12.90173000,77.59980600
4149,"7010000717","Zone A - Division 1 - Ward 2 - Block 8","Individual HHs","15-17","Ground floor","Owner","Deepa Verma","8010000717","3",NULL,"2026-08-11 06:40:00.406","2026-08-11 06:40:00.406","E2004702A00000000002CD","W2-D-000717","E2004702B00000000002CD","W2-W-000717",12.90173200,77.59995600
4150,"7010000718","Zone A - Division 1 - Ward 2 - Block 8","Individual HHs","15-18","1st Floor","Tenant","Asha Verma","8010000718","4",NULL,"2026-08-11 06:40:00.406","2026-08-11 06:40:00.406","E2004702A00000000002CE","W2-D-000718","E2004702B00000000002CE","W2-W-000718",12.90173400,77.60010600
4151,"7010000719","Zone A - Division 1 - Ward 2 - Block 8","Individual HHs","15-19","2nd Floor","Owner","Pallavi Verma","8010000719","5",NULL,"2026-08-11 06:40:00.406","2026-08-11 06:40:00.406","E2004702A00000000002CF","W2-D-000719","E2004702B00000000002CF","W2-W-000719",12.90173600,77.60025600
4152,"7010000720","Zone A - Division 1 - Ward 2 - Block 8","Individual HHs","15-20","3rd Floor","Tenant","Bhavana Verma","8010000720","6",NULL,"2026-08-11 06:40:00.406","2026-08-11 06:40:00.406","E2004702A00000000002D0","W2-D-000720","E2004702B00000000002D0","W2-W-000720",12.90173800,77.60040600
4153,"7010000721","Zone A - Division 1 - Ward 2 - Block 8","Individual HHs","15-21","Ground floor","Owner","Aarav Singh","8010000721","1",NULL,"2026-08-11 06:40:00.406","2026-08-11 06:40:00.406","E2004702A00000000002D1","W2-D-000721","E2004702B00000000002D1","W2-W-000721",12.90174000,77.60055600
4154,"7010000722","Zone A - Division 1 - Ward 2 - Block 8","Individual HHs","15-22","1st Floor","Tenant","Vihaan Singh","8010000722","2",NULL,"2026-08-11 06:40:00.406","2026-08-11 06:40:00.406","E2004702A00000000002D2","W2-D-000722","E2004702B00000000002D2","W2-W-000722",12.90174200,77.60070600
4155,"7010000723","Zone A - Division 1 - Ward 2 - Block 8","Individual HHs","15-23","2nd Floor","Owner","Aditya Singh","8010000723","3",NULL,"2026-08-11 06:40:00.406","2026-08-11 06:40:00.406","E2004702A00000000002D3","W2-D-000723","E2004702B00000000002D3","W2-W-000723",12.90174400,77.60085600
4156,"7010000724","Zone A - Division 1 - Ward 2 - Block 8","Individual HHs","15-24","3rd Floor","Tenant","Arjun Singh","8010000724","4",NULL,"2026-08-11 06:40:00.406","2026-08-11 06:40:00.406","E2004702A00000000002D4","W2-D-000724","E2004702B00000000002D4","W2-W-000724",12.90174600,77.60100600
4157,"7010000725","Zone A - Division 1 - Ward 2 - Block 8","Individual HHs","15-25","Ground floor","Owner","Rohan Singh","8010000725","5",NULL,"2026-08-11 06:40:00.406","2026-08-11 06:40:00.406","E2004702A00000000002D5","W2-D-000725","E2004702B00000000002D5","W2-W-000725",12.90174800,77.60115600
4158,"7010000726","Zone A - Division 1 - Ward 2 - Block 8","Individual HHs","15-26","1st Floor","Tenant","Rahul Singh","8010000726","6",NULL,"2026-08-11 06:40:00.406","2026-08-11 06:40:00.406","E2004702A00000000002D6","W2-D-000726","E2004702B00000000002D6","W2-W-000726",12.90185000,77.59755800
4159,"7010000727","Zone A - Division 1 - Ward 2 - Block 8","Individual HHs","15-27","2nd Floor","Owner","Karthik Singh","8010000727","1",NULL,"2026-08-11 06:40:00.406","2026-08-11 06:40:00.406","E2004702A00000000002D7","W2-D-000727","E2004702B00000000002D7","W2-W-000727",12.90185200,77.59770800
4160,"7010000728","Zone A - Division 1 - Ward 2 - Block 8","Individual HHs","15-28","3rd Floor","Tenant","Vikram Singh","8010000728","2",NULL,"2026-08-11 06:40:00.406","2026-08-11 06:40:00.406","E2004702A00000000002D8","W2-D-000728","E2004702B00000000002D8","W2-W-000728",12.90185400,77.59785800
4161,"7010000729","Zone A - Division 1 - Ward 2 - Block 8","Individual HHs","15-29","Ground floor","Owner","Akash Singh","8010000729","3",NULL,"2026-08-11 06:40:00.406","2026-08-11 06:40:00.406","E2004702A00000000002D9","W2-D-000729","E2004702B00000000002D9","W2-W-000729",12.90185600,77.59800800
4162,"7010000730","Zone A - Division 1 - Ward 2 - Block 8","Individual HHs","15-30","1st Floor","Tenant","Siddharth Singh","8010000730","4",NULL,"2026-08-11 06:40:00.406","2026-08-11 06:40:00.406","E2004702A00000000002DA","W2-D-000730","E2004702B00000000002DA","W2-W-000730",12.90185800,77.59815800
4163,"7010000731","Zone A - Division 1 - Ward 2 - Block 8","Individual HHs","15-31","2nd Floor","Owner","Ananya Singh","8010000731","5",NULL,"2026-08-11 06:40:00.406","2026-08-11 06:40:00.406","E2004702A00000000002DB","W2-D-000731","E2004702B00000000002DB","W2-W-000731",12.90186000,77.59830800
4164,"7010000732","Zone A - Division 1 - Ward 2 - Block 8","Individual HHs","15-32","3rd Floor","Tenant","Aadhya Singh","8010000732","6",NULL,"2026-08-11 06:40:00.406","2026-08-11 06:40:00.406","E2004702A00000000002DC","W2-D-000732","E2004702B00000000002DC","W2-W-000732",12.90186200,77.59845800
4165,"7010000733","Zone A - Division 1 - Ward 2 - Block 8","Individual HHs","15-33","Ground floor","Owner","Diya Singh","8010000733","1",NULL,"2026-08-11 06:40:00.406","2026-08-11 06:40:00.406","E2004702A00000000002DD","W2-D-000733","E2004702B00000000002DD","W2-W-000733",12.90186400,77.59860800
4166,"7010000734","Zone A - Division 1 - Ward 2 - Block 8","Individual HHs","15-34","1st Floor","Tenant","Ishita Singh","8010000734","2",NULL,"2026-08-11 06:40:00.406","2026-08-11 06:40:00.406","E2004702A00000000002DE","W2-D-000734","E2004702B00000000002DE","W2-W-000734",12.90186600,77.59875800
4167,"7010000735","Zone A - Division 1 - Ward 2 - Block 8","Individual HHs","15-35","2nd Floor","Owner","Kavya Singh","8010000735","3",NULL,"2026-08-11 06:40:00.406","2026-08-11 06:40:00.406","E2004702A00000000002DF","W2-D-000735","E2004702B00000000002DF","W2-W-000735",12.90186800,77.59890800
4168,"7010000736","Zone A - Division 1 - Ward 2 - Block 8","Individual HHs","15-36","3rd Floor","Tenant","Meera Singh","8010000736","4",NULL,"2026-08-11 06:40:00.406","2026-08-11 06:40:00.406","E2004702A00000000002E0","W2-D-000736","E2004702B00000000002E0","W2-W-000736",12.90187000,77.59905800
4169,"7010000737","Zone A - Division 1 - Ward 2 - Block 8","Individual HHs","15-37","Ground floor","Owner","Sneha Singh","8010000737","5",NULL,"2026-08-11 06:40:00.406","2026-08-11 06:40:00.406","E2004702A00000000002E1","W2-D-000737","E2004702B00000000002E1","W2-W-000737",12.90187200,77.59920800
4170,"7010000738","Zone A - Division 1 - Ward 2 - Block 8","Individual HHs","15-38","1st Floor","Tenant","Pooja Singh","8010000738","6",NULL,"2026-08-11 06:40:00.406","2026-08-11 06:40:00.406","E2004702A00000000002E2","W2-D-000738","E2004702B00000000002E2","W2-W-000738",12.90187400,77.59935800
4171,"7010000739","Zone A - Division 1 - Ward 2 - Block 8","Individual HHs","15-39","2nd Floor","Owner","Riya Singh","8010000739","1",NULL,"2026-08-11 06:40:00.406","2026-08-11 06:40:00.406","E2004702A00000000002E3","W2-D-000739","E2004702B00000000002E3","W2-W-000739",12.90187600,77.59950800
4172,"7010000740","Zone A - Division 1 - Ward 2 - Block 8","Individual HHs","15-40","3rd Floor","Tenant","Nandini Singh","8010000740","2",NULL,"2026-08-11 06:40:00.406","2026-08-11 06:40:00.406","E2004702A00000000002E4","W2-D-000740","E2004702B00000000002E4","W2-W-000740",12.90187800,77.59965800
4173,"7010000741","Zone A - Division 1 - Ward 2 - Block 8","Individual HHs","15-41","Ground floor","Owner","Sanjay Singh","8010000741","3",NULL,"2026-08-11 06:40:00.406","2026-08-11 06:40:00.406","E2004702A00000000002E5","W2-D-000741","E2004702B00000000002E5","W2-W-000741",12.90188000,77.59980800
4174,"7010000742","Zone A - Division 1 - Ward 2 - Block 8","Individual HHs","15-42","1st Floor","Tenant","Manoj Singh","8010000742","4",NULL,"2026-08-11 06:40:00.406","2026-08-11 06:40:00.406","E2004702A00000000002E6","W2-D-000742","E2004702B00000000002E6","W2-W-000742",12.90188200,77.59995800
4175,"7010000743","Zone A - Division 1 - Ward 2 - Block 8","Individual HHs","15-43","2nd Floor","Owner","Suresh Singh","8010000743","5",NULL,"2026-08-11 06:40:00.406","2026-08-11 06:40:00.406","E2004702A00000000002E7","W2-D-000743","E2004702B00000000002E7","W2-W-000743",12.90188400,77.60010800
4176,"7010000744","Zone A - Division 1 - Ward 2 - Block 8","Individual HHs","15-44","3rd Floor","Tenant","Mahesh Singh","8010000744","6",NULL,"2026-08-11 06:40:00.406","2026-08-11 06:40:00.406","E2004702A00000000002E8","W2-D-000744","E2004702B00000000002E8","W2-W-000744",12.90188600,77.60025800
4177,"7010000745","Zone A - Division 1 - Ward 2 - Block 8","Individual HHs","15-45","Ground floor","Owner","Prakash Singh","8010000745","1",NULL,"2026-08-11 06:40:00.406","2026-08-11 06:40:00.406","E2004702A00000000002E9","W2-D-000745","E2004702B00000000002E9","W2-W-000745",12.90188800,77.60040800
4178,"7010000746","Zone A - Division 1 - Ward 2 - Block 8","Individual HHs","15-46","1st Floor","Tenant","Ramesh Singh","8010000746","2",NULL,"2026-08-11 06:40:00.406","2026-08-11 06:40:00.406","E2004702A00000000002EA","W2-D-000746","E2004702B00000000002EA","W2-W-000746",12.90189000,77.60055800
4179,"7010000747","Zone A - Division 1 - Ward 2 - Block 8","Individual HHs","15-47","2nd Floor","Owner","Ganesh Singh","8010000747","3",NULL,"2026-08-11 06:40:00.406","2026-08-11 06:40:00.406","E2004702A00000000002EB","W2-D-000747","E2004702B00000000002EB","W2-W-000747",12.90189200,77.60070800
4180,"7010000748","Zone A - Division 1 - Ward 2 - Block 8","Individual HHs","15-48","3rd Floor","Tenant","Dinesh Singh","8010000748","4",NULL,"2026-08-11 06:40:00.406","2026-08-11 06:40:00.406","E2004702A00000000002EC","W2-D-000748","E2004702B00000000002EC","W2-W-000748",12.90189400,77.60085800
4181,"7010000749","Zone A - Division 1 - Ward 2 - Block 8","Individual HHs","15-49","Ground floor","Owner","Nikhil Singh","8010000749","5",NULL,"2026-08-11 06:40:00.406","2026-08-11 06:40:00.406","E2004702A00000000002ED","W2-D-000749","E2004702B00000000002ED","W2-W-000749",12.90189600,77.60100800
4182,"7010000750","Zone A - Division 1 - Ward 2 - Block 8","Individual HHs","15-50","1st Floor","Tenant","Varun Singh","8010000750","6",NULL,"2026-08-11 06:40:00.406","2026-08-11 06:40:00.406","E2004702A00000000002EE","W2-D-000750","E2004702B00000000002EE","W2-W-000750",12.90189800,77.60115800
4183,"7010000751","Zone A - Division 1 - Ward 2 - Block 8","Individual HHs","16-01","2nd Floor","Owner","Priya Singh","8010000751","1",NULL,"2026-08-11 06:40:00.406","2026-08-11 06:40:00.406","E2004702A00000000002EF","W2-D-000751","E2004702B00000000002EF","W2-W-000751",12.90200000,77.59756000
4184,"7010000752","Zone A - Division 1 - Ward 2 - Block 8","Individual HHs","16-02","3rd Floor","Tenant","Divya Singh","8010000752","2",NULL,"2026-08-11 06:40:00.406","2026-08-11 06:40:00.406","E2004702A00000000002F0","W2-D-000752","E2004702B00000000002F0","W2-W-000752",12.90200200,77.59771000
4185,"7010000753","Zone A - Division 1 - Ward 2 - Block 8","Individual HHs","16-03","Ground floor","Owner","Swathi Singh","8010000753","3",NULL,"2026-08-11 06:40:00.406","2026-08-11 06:40:00.406","E2004702A00000000002F1","W2-D-000753","E2004702B00000000002F1","W2-W-000753",12.90200400,77.59786000
4186,"7010000754","Zone A - Division 1 - Ward 2 - Block 8","Individual HHs","16-04","1st Floor","Tenant","Shreya Singh","8010000754","4",NULL,"2026-08-11 06:40:00.406","2026-08-11 06:40:00.406","E2004702A00000000002F2","W2-D-000754","E2004702B00000000002F2","W2-W-000754",12.90200600,77.59801000
4187,"7010000755","Zone A - Division 1 - Ward 2 - Block 8","Individual HHs","16-05","2nd Floor","Owner","Keerthi Singh","8010000755","5",NULL,"2026-08-11 06:40:00.406","2026-08-11 06:40:00.406","E2004702A00000000002F3","W2-D-000755","E2004702B00000000002F3","W2-W-000755",12.90200800,77.59816000
4188,"7010000756","Zone A - Division 1 - Ward 2 - Block 8","Individual HHs","16-06","3rd Floor","Tenant","Lakshmi Singh","8010000756","6",NULL,"2026-08-11 06:40:00.406","2026-08-11 06:40:00.406","E2004702A00000000002F4","W2-D-000756","E2004702B00000000002F4","W2-W-000756",12.90201000,77.59831000
4189,"7010000757","Zone A - Division 1 - Ward 2 - Block 8","Individual HHs","16-07","Ground floor","Owner","Deepa Singh","8010000757","1",NULL,"2026-08-11 06:40:00.406","2026-08-11 06:40:00.406","E2004702A00000000002F5","W2-D-000757","E2004702B00000000002F5","W2-W-000757",12.90201200,77.59846000
4190,"7010000758","Zone A - Division 1 - Ward 2 - Block 8","Individual HHs","16-08","1st Floor","Tenant","Asha Singh","8010000758","2",NULL,"2026-08-11 06:40:00.406","2026-08-11 06:40:00.406","E2004702A00000000002F6","W2-D-000758","E2004702B00000000002F6","W2-W-000758",12.90201400,77.59861000
4191,"7010000759","Zone A - Division 1 - Ward 2 - Block 8","Individual HHs","16-09","2nd Floor","Owner","Pallavi Singh","8010000759","3",NULL,"2026-08-11 06:40:00.406","2026-08-11 06:40:00.406","E2004702A00000000002F7","W2-D-000759","E2004702B00000000002F7","W2-W-000759",12.90201600,77.59876000
4192,"7010000760","Zone A - Division 1 - Ward 2 - Block 8","Individual HHs","16-10","3rd Floor","Tenant","Bhavana Singh","8010000760","4",NULL,"2026-08-11 06:40:00.406","2026-08-11 06:40:00.406","E2004702A00000000002F8","W2-D-000760","E2004702B00000000002F8","W2-W-000760",12.90201800,77.59891000
4193,"7010000761","Zone A - Division 1 - Ward 2 - Block 8","Individual HHs","16-11","Ground floor","Owner","Aarav Das","8010000761","5",NULL,"2026-08-11 06:40:00.406","2026-08-11 06:40:00.406","E2004702A00000000002F9","W2-D-000761","E2004702B00000000002F9","W2-W-000761",12.90202000,77.59906000
4194,"7010000762","Zone A - Division 1 - Ward 2 - Block 8","Individual HHs","16-12","1st Floor","Tenant","Vihaan Das","8010000762","6",NULL,"2026-08-11 06:40:00.406","2026-08-11 06:40:00.406","E2004702A00000000002FA","W2-D-000762","E2004702B00000000002FA","W2-W-000762",12.90202200,77.59921000
4195,"7010000763","Zone A - Division 1 - Ward 2 - Block 8","Individual HHs","16-13","2nd Floor","Owner","Aditya Das","8010000763","1",NULL,"2026-08-11 06:40:00.406","2026-08-11 06:40:00.406","E2004702A00000000002FB","W2-D-000763","E2004702B00000000002FB","W2-W-000763",12.90202400,77.59936000
4196,"7010000764","Zone A - Division 1 - Ward 2 - Block 8","Individual HHs","16-14","3rd Floor","Tenant","Arjun Das","8010000764","2",NULL,"2026-08-11 06:40:00.406","2026-08-11 06:40:00.406","E2004702A00000000002FC","W2-D-000764","E2004702B00000000002FC","W2-W-000764",12.90202600,77.59951000
4197,"7010000765","Zone A - Division 1 - Ward 2 - Block 8","Individual HHs","16-15","Ground floor","Owner","Rohan Das","8010000765","3",NULL,"2026-08-11 06:40:00.406","2026-08-11 06:40:00.406","E2004702A00000000002FD","W2-D-000765","E2004702B00000000002FD","W2-W-000765",12.90202800,77.59966000
4198,"7010000766","Zone A - Division 1 - Ward 2 - Block 8","Individual HHs","16-16","1st Floor","Tenant","Rahul Das","8010000766","4",NULL,"2026-08-11 06:40:00.406","2026-08-11 06:40:00.406","E2004702A00000000002FE","W2-D-000766","E2004702B00000000002FE","W2-W-000766",12.90203000,77.59981000
4199,"7010000767","Zone A - Division 1 - Ward 2 - Block 8","Individual HHs","16-17","2nd Floor","Owner","Karthik Das","8010000767","5",NULL,"2026-08-11 06:40:00.406","2026-08-11 06:40:00.406","E2004702A00000000002FF","W2-D-000767","E2004702B00000000002FF","W2-W-000767",12.90203200,77.59996000
4200,"7010000768","Zone A - Division 1 - Ward 2 - Block 8","Individual HHs","16-18","3rd Floor","Tenant","Vikram Das","8010000768","6",NULL,"2026-08-11 06:40:00.406","2026-08-11 06:40:00.406","E2004702A0000000000300","W2-D-000768","E2004702B0000000000300","W2-W-000768",12.90203400,77.60011000
4201,"7010000769","Zone A - Division 1 - Ward 2 - Block 8","Individual HHs","16-19","Ground floor","Owner","Akash Das","8010000769","1",NULL,"2026-08-11 06:40:00.406","2026-08-11 06:40:00.406","E2004702A0000000000301","W2-D-000769","E2004702B0000000000301","W2-W-000769",12.90203600,77.60026000
4202,"7010000770","Zone A - Division 1 - Ward 2 - Block 8","Individual HHs","16-20","1st Floor","Tenant","Siddharth Das","8010000770","2",NULL,"2026-08-11 06:40:00.406","2026-08-11 06:40:00.406","E2004702A0000000000302","W2-D-000770","E2004702B0000000000302","W2-W-000770",12.90203800,77.60041000
4203,"7010000771","Zone A - Division 1 - Ward 2 - Block 8","Individual HHs","16-21","2nd Floor","Owner","Ananya Das","8010000771","3",NULL,"2026-08-11 06:40:00.406","2026-08-11 06:40:00.406","E2004702A0000000000303","W2-D-000771","E2004702B0000000000303","W2-W-000771",12.90204000,77.60056000
4204,"7010000772","Zone A - Division 1 - Ward 2 - Block 8","Individual HHs","16-22","3rd Floor","Tenant","Aadhya Das","8010000772","4",NULL,"2026-08-11 06:40:00.406","2026-08-11 06:40:00.406","E2004702A0000000000304","W2-D-000772","E2004702B0000000000304","W2-W-000772",12.90204200,77.60071000
4205,"7010000773","Zone A - Division 1 - Ward 2 - Block 8","Individual HHs","16-23","Ground floor","Owner","Diya Das","8010000773","5",NULL,"2026-08-11 06:40:00.406","2026-08-11 06:40:00.406","E2004702A0000000000305","W2-D-000773","E2004702B0000000000305","W2-W-000773",12.90204400,77.60086000
4206,"7010000774","Zone A - Division 1 - Ward 2 - Block 8","Individual HHs","16-24","1st Floor","Tenant","Ishita Das","8010000774","6",NULL,"2026-08-11 06:40:00.406","2026-08-11 06:40:00.406","E2004702A0000000000306","W2-D-000774","E2004702B0000000000306","W2-W-000774",12.90204600,77.60101000
4207,"7010000775","Zone A - Division 1 - Ward 2 - Block 8","Individual HHs","16-25","2nd Floor","Owner","Kavya Das","8010000775","1",NULL,"2026-08-11 06:40:00.406","2026-08-11 06:40:00.406","E2004702A0000000000307","W2-D-000775","E2004702B0000000000307","W2-W-000775",12.90204800,77.60116000
4208,"7010000776","Zone A - Division 1 - Ward 2 - Block 8","Individual HHs","16-26","3rd Floor","Tenant","Meera Das","8010000776","2",NULL,"2026-08-11 06:40:00.406","2026-08-11 06:40:00.406","E2004702A0000000000308","W2-D-000776","E2004702B0000000000308","W2-W-000776",12.90215000,77.59756200
4209,"7010000777","Zone A - Division 1 - Ward 2 - Block 8","Individual HHs","16-27","Ground floor","Owner","Sneha Das","8010000777","3",NULL,"2026-08-11 06:40:00.406","2026-08-11 06:40:00.406","E2004702A0000000000309","W2-D-000777","E2004702B0000000000309","W2-W-000777",12.90215200,77.59771200
4210,"7010000778","Zone A - Division 1 - Ward 2 - Block 8","Individual HHs","16-28","1st Floor","Tenant","Pooja Das","8010000778","4",NULL,"2026-08-11 06:40:00.406","2026-08-11 06:40:00.406","E2004702A000000000030A","W2-D-000778","E2004702B000000000030A","W2-W-000778",12.90215400,77.59786200
4211,"7010000779","Zone A - Division 1 - Ward 2 - Block 8","Individual HHs","16-29","2nd Floor","Owner","Riya Das","8010000779","5",NULL,"2026-08-11 06:40:00.406","2026-08-11 06:40:00.406","E2004702A000000000030B","W2-D-000779","E2004702B000000000030B","W2-W-000779",12.90215600,77.59801200
4212,"7010000780","Zone A - Division 1 - Ward 2 - Block 8","Individual HHs","16-30","3rd Floor","Tenant","Nandini Das","8010000780","6",NULL,"2026-08-11 06:40:00.406","2026-08-11 06:40:00.406","E2004702A000000000030C","W2-D-000780","E2004702B000000000030C","W2-W-000780",12.90215800,77.59816200
4213,"7010000781","Zone A - Division 1 - Ward 2 - Block 8","Individual HHs","16-31","Ground floor","Owner","Sanjay Das","8010000781","1",NULL,"2026-08-11 06:40:00.406","2026-08-11 06:40:00.406","E2004702A000000000030D","W2-D-000781","E2004702B000000000030D","W2-W-000781",12.90216000,77.59831200
4214,"7010000782","Zone A - Division 1 - Ward 2 - Block 8","Individual HHs","16-32","1st Floor","Tenant","Manoj Das","8010000782","2",NULL,"2026-08-11 06:40:00.406","2026-08-11 06:40:00.406","E2004702A000000000030E","W2-D-000782","E2004702B000000000030E","W2-W-000782",12.90216200,77.59846200
4215,"7010000783","Zone A - Division 1 - Ward 2 - Block 8","Individual HHs","16-33","2nd Floor","Owner","Suresh Das","8010000783","3",NULL,"2026-08-11 06:40:00.406","2026-08-11 06:40:00.406","E2004702A000000000030F","W2-D-000783","E2004702B000000000030F","W2-W-000783",12.90216400,77.59861200
4216,"7010000784","Zone A - Division 1 - Ward 2 - Block 8","Individual HHs","16-34","3rd Floor","Tenant","Mahesh Das","8010000784","4",NULL,"2026-08-11 06:40:00.406","2026-08-11 06:40:00.406","E2004702A0000000000310","W2-D-000784","E2004702B0000000000310","W2-W-000784",12.90216600,77.59876200
4217,"7010000785","Zone A - Division 1 - Ward 2 - Block 8","Individual HHs","16-35","Ground floor","Owner","Prakash Das","8010000785","5",NULL,"2026-08-11 06:40:00.406","2026-08-11 06:40:00.406","E2004702A0000000000311","W2-D-000785","E2004702B0000000000311","W2-W-000785",12.90216800,77.59891200
4218,"7010000786","Zone A - Division 1 - Ward 2 - Block 8","Individual HHs","16-36","1st Floor","Tenant","Ramesh Das","8010000786","6",NULL,"2026-08-11 06:40:00.406","2026-08-11 06:40:00.406","E2004702A0000000000312","W2-D-000786","E2004702B0000000000312","W2-W-000786",12.90217000,77.59906200
4219,"7010000787","Zone A - Division 1 - Ward 2 - Block 8","Individual HHs","16-37","2nd Floor","Owner","Ganesh Das","8010000787","1",NULL,"2026-08-11 06:40:00.406","2026-08-11 06:40:00.406","E2004702A0000000000313","W2-D-000787","E2004702B0000000000313","W2-W-000787",12.90217200,77.59921200
4220,"7010000788","Zone A - Division 1 - Ward 2 - Block 8","Individual HHs","16-38","3rd Floor","Tenant","Dinesh Das","8010000788","2",NULL,"2026-08-11 06:40:00.406","2026-08-11 06:40:00.406","E2004702A0000000000314","W2-D-000788","E2004702B0000000000314","W2-W-000788",12.90217400,77.59936200
4221,"7010000789","Zone A - Division 1 - Ward 2 - Block 8","Individual HHs","16-39","Ground floor","Owner","Nikhil Das","8010000789","3",NULL,"2026-08-11 06:40:00.406","2026-08-11 06:40:00.406","E2004702A0000000000315","W2-D-000789","E2004702B0000000000315","W2-W-000789",12.90217600,77.59951200
4222,"7010000790","Zone A - Division 1 - Ward 2 - Block 8","Individual HHs","16-40","1st Floor","Tenant","Varun Das","8010000790","4",NULL,"2026-08-11 06:40:00.406","2026-08-11 06:40:00.406","E2004702A0000000000316","W2-D-000790","E2004702B0000000000316","W2-W-000790",12.90217800,77.59966200
4223,"7010000791","Zone A - Division 1 - Ward 2 - Block 8","Individual HHs","16-41","2nd Floor","Owner","Priya Das","8010000791","5",NULL,"2026-08-11 06:40:00.406","2026-08-11 06:40:00.406","E2004702A0000000000317","W2-D-000791","E2004702B0000000000317","W2-W-000791",12.90218000,77.59981200
4224,"7010000792","Zone A - Division 1 - Ward 2 - Block 8","Individual HHs","16-42","3rd Floor","Tenant","Divya Das","8010000792","6",NULL,"2026-08-11 06:40:00.406","2026-08-11 06:40:00.406","E2004702A0000000000318","W2-D-000792","E2004702B0000000000318","W2-W-000792",12.90218200,77.59996200
4225,"7010000793","Zone A - Division 1 - Ward 2 - Block 8","Individual HHs","16-43","Ground floor","Owner","Swathi Das","8010000793","1",NULL,"2026-08-11 06:40:00.406","2026-08-11 06:40:00.406","E2004702A0000000000319","W2-D-000793","E2004702B0000000000319","W2-W-000793",12.90218400,77.60011200
4226,"7010000794","Zone A - Division 1 - Ward 2 - Block 8","Individual HHs","16-44","1st Floor","Tenant","Shreya Das","8010000794","2",NULL,"2026-08-11 06:40:00.406","2026-08-11 06:40:00.406","E2004702A000000000031A","W2-D-000794","E2004702B000000000031A","W2-W-000794",12.90218600,77.60026200
4227,"7010000795","Zone A - Division 1 - Ward 2 - Block 8","Individual HHs","16-45","2nd Floor","Owner","Keerthi Das","8010000795","3",NULL,"2026-08-11 06:40:00.406","2026-08-11 06:40:00.406","E2004702A000000000031B","W2-D-000795","E2004702B000000000031B","W2-W-000795",12.90218800,77.60041200
4228,"7010000796","Zone A - Division 1 - Ward 2 - Block 8","Individual HHs","16-46","3rd Floor","Tenant","Lakshmi Das","8010000796","4",NULL,"2026-08-11 06:40:00.406","2026-08-11 06:40:00.406","E2004702A000000000031C","W2-D-000796","E2004702B000000000031C","W2-W-000796",12.90219000,77.60056200
4229,"7010000797","Zone A - Division 1 - Ward 2 - Block 8","Individual HHs","16-47","Ground floor","Owner","Deepa Das","8010000797","5",NULL,"2026-08-11 06:40:00.406","2026-08-11 06:40:00.406","E2004702A000000000031D","W2-D-000797","E2004702B000000000031D","W2-W-000797",12.90219200,77.60071200
4230,"7010000798","Zone A - Division 1 - Ward 2 - Block 8","Individual HHs","16-48","1st Floor","Tenant","Asha Das","8010000798","6",NULL,"2026-08-11 06:40:00.406","2026-08-11 06:40:00.406","E2004702A000000000031E","W2-D-000798","E2004702B000000000031E","W2-W-000798",12.90219400,77.60086200
4231,"7010000799","Zone A - Division 1 - Ward 2 - Block 8","Individual HHs","16-49","2nd Floor","Owner","Pallavi Das","8010000799","1",NULL,"2026-08-11 06:40:00.406","2026-08-11 06:40:00.406","E2004702A000000000031F","W2-D-000799","E2004702B000000000031F","W2-W-000799",12.90219600,77.60101200
4232,"7010000800","Zone A - Division 1 - Ward 2 - Block 8","Individual HHs","16-50","3rd Floor","Tenant","Bhavana Das","8010000800","2",NULL,"2026-08-11 06:40:00.406","2026-08-11 06:40:00.406","E2004702A0000000000320","W2-D-000800","E2004702B0000000000320","W2-W-000800",12.90219800,77.60116200
4233,"7010000801","Zone A - Division 1 - Ward 2 - Block 9","Individual HHs","17-01","Ground floor","Owner","Aarav Kumar","8010000801","3",NULL,"2026-08-11 06:40:00.406","2026-08-11 06:40:00.406","E2004702A0000000000321","W2-D-000801","E2004702B0000000000321","W2-W-000801",12.90230000,77.59756400
4234,"7010000802","Zone A - Division 1 - Ward 2 - Block 9","Individual HHs","17-02","1st Floor","Tenant","Vihaan Kumar","8010000802","4",NULL,"2026-08-11 06:40:00.406","2026-08-11 06:40:00.406","E2004702A0000000000322","W2-D-000802","E2004702B0000000000322","W2-W-000802",12.90230200,77.59771400
4235,"7010000803","Zone A - Division 1 - Ward 2 - Block 9","Individual HHs","17-03","2nd Floor","Owner","Aditya Kumar","8010000803","5",NULL,"2026-08-11 06:40:00.406","2026-08-11 06:40:00.406","E2004702A0000000000323","W2-D-000803","E2004702B0000000000323","W2-W-000803",12.90230400,77.59786400
4236,"7010000804","Zone A - Division 1 - Ward 2 - Block 9","Individual HHs","17-04","3rd Floor","Tenant","Arjun Kumar","8010000804","6",NULL,"2026-08-11 06:40:00.406","2026-08-11 06:40:00.406","E2004702A0000000000324","W2-D-000804","E2004702B0000000000324","W2-W-000804",12.90230600,77.59801400
4237,"7010000805","Zone A - Division 1 - Ward 2 - Block 9","Individual HHs","17-05","Ground floor","Owner","Rohan Kumar","8010000805","1",NULL,"2026-08-11 06:40:00.406","2026-08-11 06:40:00.406","E2004702A0000000000325","W2-D-000805","E2004702B0000000000325","W2-W-000805",12.90230800,77.59816400
4238,"7010000806","Zone A - Division 1 - Ward 2 - Block 9","Individual HHs","17-06","1st Floor","Tenant","Rahul Kumar","8010000806","2",NULL,"2026-08-11 06:40:00.406","2026-08-11 06:40:00.406","E2004702A0000000000326","W2-D-000806","E2004702B0000000000326","W2-W-000806",12.90231000,77.59831400
4239,"7010000807","Zone A - Division 1 - Ward 2 - Block 9","Individual HHs","17-07","2nd Floor","Owner","Karthik Kumar","8010000807","3",NULL,"2026-08-11 06:40:00.406","2026-08-11 06:40:00.406","E2004702A0000000000327","W2-D-000807","E2004702B0000000000327","W2-W-000807",12.90231200,77.59846400
4240,"7010000808","Zone A - Division 1 - Ward 2 - Block 9","Individual HHs","17-08","3rd Floor","Tenant","Vikram Kumar","8010000808","4",NULL,"2026-08-11 06:40:00.406","2026-08-11 06:40:00.406","E2004702A0000000000328","W2-D-000808","E2004702B0000000000328","W2-W-000808",12.90231400,77.59861400
4241,"7010000809","Zone A - Division 1 - Ward 2 - Block 9","Individual HHs","17-09","Ground floor","Owner","Akash Kumar","8010000809","5",NULL,"2026-08-11 06:40:00.406","2026-08-11 06:40:00.406","E2004702A0000000000329","W2-D-000809","E2004702B0000000000329","W2-W-000809",12.90231600,77.59876400
4242,"7010000810","Zone A - Division 1 - Ward 2 - Block 9","Individual HHs","17-10","1st Floor","Tenant","Siddharth Kumar","8010000810","6",NULL,"2026-08-11 06:40:00.406","2026-08-11 06:40:00.406","E2004702A000000000032A","W2-D-000810","E2004702B000000000032A","W2-W-000810",12.90231800,77.59891400
4243,"7010000811","Zone A - Division 1 - Ward 2 - Block 9","Individual HHs","17-11","2nd Floor","Owner","Ananya Kumar","8010000811","1",NULL,"2026-08-11 06:40:00.406","2026-08-11 06:40:00.406","E2004702A000000000032B","W2-D-000811","E2004702B000000000032B","W2-W-000811",12.90232000,77.59906400
4244,"7010000812","Zone A - Division 1 - Ward 2 - Block 9","Individual HHs","17-12","3rd Floor","Tenant","Aadhya Kumar","8010000812","2",NULL,"2026-08-11 06:40:00.406","2026-08-11 06:40:00.406","E2004702A000000000032C","W2-D-000812","E2004702B000000000032C","W2-W-000812",12.90232200,77.59921400
4245,"7010000813","Zone A - Division 1 - Ward 2 - Block 9","Individual HHs","17-13","Ground floor","Owner","Diya Kumar","8010000813","3",NULL,"2026-08-11 06:40:00.406","2026-08-11 06:40:00.406","E2004702A000000000032D","W2-D-000813","E2004702B000000000032D","W2-W-000813",12.90232400,77.59936400
4246,"7010000814","Zone A - Division 1 - Ward 2 - Block 9","Individual HHs","17-14","1st Floor","Tenant","Ishita Kumar","8010000814","4",NULL,"2026-08-11 06:40:00.406","2026-08-11 06:40:00.406","E2004702A000000000032E","W2-D-000814","E2004702B000000000032E","W2-W-000814",12.90232600,77.59951400
4247,"7010000815","Zone A - Division 1 - Ward 2 - Block 9","Individual HHs","17-15","2nd Floor","Owner","Kavya Kumar","8010000815","5",NULL,"2026-08-11 06:40:00.406","2026-08-11 06:40:00.406","E2004702A000000000032F","W2-D-000815","E2004702B000000000032F","W2-W-000815",12.90232800,77.59966400
4248,"7010000816","Zone A - Division 1 - Ward 2 - Block 9","Individual HHs","17-16","3rd Floor","Tenant","Meera Kumar","8010000816","6",NULL,"2026-08-11 06:40:00.406","2026-08-11 06:40:00.406","E2004702A0000000000330","W2-D-000816","E2004702B0000000000330","W2-W-000816",12.90233000,77.59981400
4249,"7010000817","Zone A - Division 1 - Ward 2 - Block 9","Individual HHs","17-17","Ground floor","Owner","Sneha Kumar","8010000817","1",NULL,"2026-08-11 06:40:00.406","2026-08-11 06:40:00.406","E2004702A0000000000331","W2-D-000817","E2004702B0000000000331","W2-W-000817",12.90233200,77.59996400
4250,"7010000818","Zone A - Division 1 - Ward 2 - Block 9","Individual HHs","17-18","1st Floor","Tenant","Pooja Kumar","8010000818","2",NULL,"2026-08-11 06:40:00.406","2026-08-11 06:40:00.406","E2004702A0000000000332","W2-D-000818","E2004702B0000000000332","W2-W-000818",12.90233400,77.60011400
4251,"7010000819","Zone A - Division 1 - Ward 2 - Block 9","Individual HHs","17-19","2nd Floor","Owner","Riya Kumar","8010000819","3",NULL,"2026-08-11 06:40:00.406","2026-08-11 06:40:00.406","E2004702A0000000000333","W2-D-000819","E2004702B0000000000333","W2-W-000819",12.90233600,77.60026400
4252,"7010000820","Zone A - Division 1 - Ward 2 - Block 9","Individual HHs","17-20","3rd Floor","Tenant","Nandini Kumar","8010000820","4",NULL,"2026-08-11 06:40:00.406","2026-08-11 06:40:00.406","E2004702A0000000000334","W2-D-000820","E2004702B0000000000334","W2-W-000820",12.90233800,77.60041400
4253,"7010000821","Zone A - Division 1 - Ward 2 - Block 9","Individual HHs","17-21","Ground floor","Owner","Sanjay Kumar","8010000821","5",NULL,"2026-08-11 06:40:00.406","2026-08-11 06:40:00.406","E2004702A0000000000335","W2-D-000821","E2004702B0000000000335","W2-W-000821",12.90234000,77.60056400
4254,"7010000822","Zone A - Division 1 - Ward 2 - Block 9","Individual HHs","17-22","1st Floor","Tenant","Manoj Kumar","8010000822","6",NULL,"2026-08-11 06:40:00.406","2026-08-11 06:40:00.406","E2004702A0000000000336","W2-D-000822","E2004702B0000000000336","W2-W-000822",12.90234200,77.60071400
4255,"7010000823","Zone A - Division 1 - Ward 2 - Block 9","Individual HHs","17-23","2nd Floor","Owner","Suresh Kumar","8010000823","1",NULL,"2026-08-11 06:40:00.406","2026-08-11 06:40:00.406","E2004702A0000000000337","W2-D-000823","E2004702B0000000000337","W2-W-000823",12.90234400,77.60086400
4256,"7010000824","Zone A - Division 1 - Ward 2 - Block 9","Individual HHs","17-24","3rd Floor","Tenant","Mahesh Kumar","8010000824","2",NULL,"2026-08-11 06:40:00.407","2026-08-11 06:40:00.407","E2004702A0000000000338","W2-D-000824","E2004702B0000000000338","W2-W-000824",12.90234600,77.60101400
4257,"7010000825","Zone A - Division 1 - Ward 2 - Block 9","Individual HHs","17-25","Ground floor","Owner","Prakash Kumar","8010000825","3",NULL,"2026-08-11 06:40:00.407","2026-08-11 06:40:00.407","E2004702A0000000000339","W2-D-000825","E2004702B0000000000339","W2-W-000825",12.90234800,77.60116400
4258,"7010000826","Zone A - Division 1 - Ward 2 - Block 9","Individual HHs","17-26","1st Floor","Tenant","Ramesh Kumar","8010000826","4",NULL,"2026-08-11 06:40:00.407","2026-08-11 06:40:00.407","E2004702A000000000033A","W2-D-000826","E2004702B000000000033A","W2-W-000826",12.90245000,77.59756600
4259,"7010000827","Zone A - Division 1 - Ward 2 - Block 9","Individual HHs","17-27","2nd Floor","Owner","Ganesh Kumar","8010000827","5",NULL,"2026-08-11 06:40:00.407","2026-08-11 06:40:00.407","E2004702A000000000033B","W2-D-000827","E2004702B000000000033B","W2-W-000827",12.90245200,77.59771600
4260,"7010000828","Zone A - Division 1 - Ward 2 - Block 9","Individual HHs","17-28","3rd Floor","Tenant","Dinesh Kumar","8010000828","6",NULL,"2026-08-11 06:40:00.407","2026-08-11 06:40:00.407","E2004702A000000000033C","W2-D-000828","E2004702B000000000033C","W2-W-000828",12.90245400,77.59786600
4261,"7010000829","Zone A - Division 1 - Ward 2 - Block 9","Individual HHs","17-29","Ground floor","Owner","Nikhil Kumar","8010000829","1",NULL,"2026-08-11 06:40:00.407","2026-08-11 06:40:00.407","E2004702A000000000033D","W2-D-000829","E2004702B000000000033D","W2-W-000829",12.90245600,77.59801600
4262,"7010000830","Zone A - Division 1 - Ward 2 - Block 9","Individual HHs","17-30","1st Floor","Tenant","Varun Kumar","8010000830","2",NULL,"2026-08-11 06:40:00.407","2026-08-11 06:40:00.407","E2004702A000000000033E","W2-D-000830","E2004702B000000000033E","W2-W-000830",12.90245800,77.59816600
4263,"7010000831","Zone A - Division 1 - Ward 2 - Block 9","Individual HHs","17-31","2nd Floor","Owner","Priya Kumar","8010000831","3",NULL,"2026-08-11 06:40:00.407","2026-08-11 06:40:00.407","E2004702A000000000033F","W2-D-000831","E2004702B000000000033F","W2-W-000831",12.90246000,77.59831600
4264,"7010000832","Zone A - Division 1 - Ward 2 - Block 9","Individual HHs","17-32","3rd Floor","Tenant","Divya Kumar","8010000832","4",NULL,"2026-08-11 06:40:00.407","2026-08-11 06:40:00.407","E2004702A0000000000340","W2-D-000832","E2004702B0000000000340","W2-W-000832",12.90246200,77.59846600
4265,"7010000833","Zone A - Division 1 - Ward 2 - Block 9","Individual HHs","17-33","Ground floor","Owner","Swathi Kumar","8010000833","5",NULL,"2026-08-11 06:40:00.407","2026-08-11 06:40:00.407","E2004702A0000000000341","W2-D-000833","E2004702B0000000000341","W2-W-000833",12.90246400,77.59861600
4266,"7010000834","Zone A - Division 1 - Ward 2 - Block 9","Individual HHs","17-34","1st Floor","Tenant","Shreya Kumar","8010000834","6",NULL,"2026-08-11 06:40:00.407","2026-08-11 06:40:00.407","E2004702A0000000000342","W2-D-000834","E2004702B0000000000342","W2-W-000834",12.90246600,77.59876600
4267,"7010000835","Zone A - Division 1 - Ward 2 - Block 9","Individual HHs","17-35","2nd Floor","Owner","Keerthi Kumar","8010000835","1",NULL,"2026-08-11 06:40:00.407","2026-08-11 06:40:00.407","E2004702A0000000000343","W2-D-000835","E2004702B0000000000343","W2-W-000835",12.90246800,77.59891600
4268,"7010000836","Zone A - Division 1 - Ward 2 - Block 9","Individual HHs","17-36","3rd Floor","Tenant","Lakshmi Kumar","8010000836","2",NULL,"2026-08-11 06:40:00.407","2026-08-11 06:40:00.407","E2004702A0000000000344","W2-D-000836","E2004702B0000000000344","W2-W-000836",12.90247000,77.59906600
4269,"7010000837","Zone A - Division 1 - Ward 2 - Block 9","Individual HHs","17-37","Ground floor","Owner","Deepa Kumar","8010000837","3",NULL,"2026-08-11 06:40:00.407","2026-08-11 06:40:00.407","E2004702A0000000000345","W2-D-000837","E2004702B0000000000345","W2-W-000837",12.90247200,77.59921600
4270,"7010000838","Zone A - Division 1 - Ward 2 - Block 9","Individual HHs","17-38","1st Floor","Tenant","Asha Kumar","8010000838","4",NULL,"2026-08-11 06:40:00.407","2026-08-11 06:40:00.407","E2004702A0000000000346","W2-D-000838","E2004702B0000000000346","W2-W-000838",12.90247400,77.59936600
4271,"7010000839","Zone A - Division 1 - Ward 2 - Block 9","Individual HHs","17-39","2nd Floor","Owner","Pallavi Kumar","8010000839","5",NULL,"2026-08-11 06:40:00.407","2026-08-11 06:40:00.407","E2004702A0000000000347","W2-D-000839","E2004702B0000000000347","W2-W-000839",12.90247600,77.59951600
4272,"7010000840","Zone A - Division 1 - Ward 2 - Block 9","Individual HHs","17-40","3rd Floor","Tenant","Bhavana Kumar","8010000840","6",NULL,"2026-08-11 06:40:00.407","2026-08-11 06:40:00.407","E2004702A0000000000348","W2-D-000840","E2004702B0000000000348","W2-W-000840",12.90247800,77.59966600
4273,"7010000841","Zone A - Division 1 - Ward 2 - Block 9","Individual HHs","17-41","Ground floor","Owner","Aarav Sharma","8010000841","1",NULL,"2026-08-11 06:40:00.407","2026-08-11 06:40:00.407","E2004702A0000000000349","W2-D-000841","E2004702B0000000000349","W2-W-000841",12.90248000,77.59981600
4274,"7010000842","Zone A - Division 1 - Ward 2 - Block 9","Individual HHs","17-42","1st Floor","Tenant","Vihaan Sharma","8010000842","2",NULL,"2026-08-11 06:40:00.407","2026-08-11 06:40:00.407","E2004702A000000000034A","W2-D-000842","E2004702B000000000034A","W2-W-000842",12.90248200,77.59996600
4275,"7010000843","Zone A - Division 1 - Ward 2 - Block 9","Individual HHs","17-43","2nd Floor","Owner","Aditya Sharma","8010000843","3",NULL,"2026-08-11 06:40:00.407","2026-08-11 06:40:00.407","E2004702A000000000034B","W2-D-000843","E2004702B000000000034B","W2-W-000843",12.90248400,77.60011600
4276,"7010000844","Zone A - Division 1 - Ward 2 - Block 9","Individual HHs","17-44","3rd Floor","Tenant","Arjun Sharma","8010000844","4",NULL,"2026-08-11 06:40:00.407","2026-08-11 06:40:00.407","E2004702A000000000034C","W2-D-000844","E2004702B000000000034C","W2-W-000844",12.90248600,77.60026600
4277,"7010000845","Zone A - Division 1 - Ward 2 - Block 9","Individual HHs","17-45","Ground floor","Owner","Rohan Sharma","8010000845","5",NULL,"2026-08-11 06:40:00.407","2026-08-11 06:40:00.407","E2004702A000000000034D","W2-D-000845","E2004702B000000000034D","W2-W-000845",12.90248800,77.60041600
4278,"7010000846","Zone A - Division 1 - Ward 2 - Block 9","Individual HHs","17-46","1st Floor","Tenant","Rahul Sharma","8010000846","6",NULL,"2026-08-11 06:40:00.407","2026-08-11 06:40:00.407","E2004702A000000000034E","W2-D-000846","E2004702B000000000034E","W2-W-000846",12.90249000,77.60056600
4279,"7010000847","Zone A - Division 1 - Ward 2 - Block 9","Individual HHs","17-47","2nd Floor","Owner","Karthik Sharma","8010000847","1",NULL,"2026-08-11 06:40:00.407","2026-08-11 06:40:00.407","E2004702A000000000034F","W2-D-000847","E2004702B000000000034F","W2-W-000847",12.90249200,77.60071600
4280,"7010000848","Zone A - Division 1 - Ward 2 - Block 9","Individual HHs","17-48","3rd Floor","Tenant","Vikram Sharma","8010000848","2",NULL,"2026-08-11 06:40:00.407","2026-08-11 06:40:00.407","E2004702A0000000000350","W2-D-000848","E2004702B0000000000350","W2-W-000848",12.90249400,77.60086600
4281,"7010000849","Zone A - Division 1 - Ward 2 - Block 9","Individual HHs","17-49","Ground floor","Owner","Akash Sharma","8010000849","3",NULL,"2026-08-11 06:40:00.407","2026-08-11 06:40:00.407","E2004702A0000000000351","W2-D-000849","E2004702B0000000000351","W2-W-000849",12.90249600,77.60101600
4282,"7010000850","Zone A - Division 1 - Ward 2 - Block 9","Individual HHs","17-50","1st Floor","Tenant","Siddharth Sharma","8010000850","4",NULL,"2026-08-11 06:40:00.407","2026-08-11 06:40:00.407","E2004702A0000000000352","W2-D-000850","E2004702B0000000000352","W2-W-000850",12.90249800,77.60116600
4283,"7010000851","Zone A - Division 1 - Ward 2 - Block 9","Individual HHs","18-01","2nd Floor","Owner","Ananya Sharma","8010000851","5",NULL,"2026-08-11 06:40:00.407","2026-08-11 06:40:00.407","E2004702A0000000000353","W2-D-000851","E2004702B0000000000353","W2-W-000851",12.90260000,77.59756800
4284,"7010000852","Zone A - Division 1 - Ward 2 - Block 9","Individual HHs","18-02","3rd Floor","Tenant","Aadhya Sharma","8010000852","6",NULL,"2026-08-11 06:40:00.407","2026-08-11 06:40:00.407","E2004702A0000000000354","W2-D-000852","E2004702B0000000000354","W2-W-000852",12.90260200,77.59771800
4285,"7010000853","Zone A - Division 1 - Ward 2 - Block 9","Individual HHs","18-03","Ground floor","Owner","Diya Sharma","8010000853","1",NULL,"2026-08-11 06:40:00.407","2026-08-11 06:40:00.407","E2004702A0000000000355","W2-D-000853","E2004702B0000000000355","W2-W-000853",12.90260400,77.59786800
4286,"7010000854","Zone A - Division 1 - Ward 2 - Block 9","Individual HHs","18-04","1st Floor","Tenant","Ishita Sharma","8010000854","2",NULL,"2026-08-11 06:40:00.407","2026-08-11 06:40:00.407","E2004702A0000000000356","W2-D-000854","E2004702B0000000000356","W2-W-000854",12.90260600,77.59801800
4287,"7010000855","Zone A - Division 1 - Ward 2 - Block 9","Individual HHs","18-05","2nd Floor","Owner","Kavya Sharma","8010000855","3",NULL,"2026-08-11 06:40:00.407","2026-08-11 06:40:00.407","E2004702A0000000000357","W2-D-000855","E2004702B0000000000357","W2-W-000855",12.90260800,77.59816800
4288,"7010000856","Zone A - Division 1 - Ward 2 - Block 9","Individual HHs","18-06","3rd Floor","Tenant","Meera Sharma","8010000856","4",NULL,"2026-08-11 06:40:00.407","2026-08-11 06:40:00.407","E2004702A0000000000358","W2-D-000856","E2004702B0000000000358","W2-W-000856",12.90261000,77.59831800
4289,"7010000857","Zone A - Division 1 - Ward 2 - Block 9","Individual HHs","18-07","Ground floor","Owner","Sneha Sharma","8010000857","5",NULL,"2026-08-11 06:40:00.407","2026-08-11 06:40:00.407","E2004702A0000000000359","W2-D-000857","E2004702B0000000000359","W2-W-000857",12.90261200,77.59846800
4290,"7010000858","Zone A - Division 1 - Ward 2 - Block 9","Individual HHs","18-08","1st Floor","Tenant","Pooja Sharma","8010000858","6",NULL,"2026-08-11 06:40:00.407","2026-08-11 06:40:00.407","E2004702A000000000035A","W2-D-000858","E2004702B000000000035A","W2-W-000858",12.90261400,77.59861800
4291,"7010000859","Zone A - Division 1 - Ward 2 - Block 9","Individual HHs","18-09","2nd Floor","Owner","Riya Sharma","8010000859","1",NULL,"2026-08-11 06:40:00.407","2026-08-11 06:40:00.407","E2004702A000000000035B","W2-D-000859","E2004702B000000000035B","W2-W-000859",12.90261600,77.59876800
4292,"7010000860","Zone A - Division 1 - Ward 2 - Block 9","Individual HHs","18-10","3rd Floor","Tenant","Nandini Sharma","8010000860","2",NULL,"2026-08-11 06:40:00.407","2026-08-11 06:40:00.407","E2004702A000000000035C","W2-D-000860","E2004702B000000000035C","W2-W-000860",12.90261800,77.59891800
4293,"7010000861","Zone A - Division 1 - Ward 2 - Block 9","Individual HHs","18-11","Ground floor","Owner","Sanjay Sharma","8010000861","3",NULL,"2026-08-11 06:40:00.407","2026-08-11 06:40:00.407","E2004702A000000000035D","W2-D-000861","E2004702B000000000035D","W2-W-000861",12.90262000,77.59906800
4294,"7010000862","Zone A - Division 1 - Ward 2 - Block 9","Individual HHs","18-12","1st Floor","Tenant","Manoj Sharma","8010000862","4",NULL,"2026-08-11 06:40:00.407","2026-08-11 06:40:00.407","E2004702A000000000035E","W2-D-000862","E2004702B000000000035E","W2-W-000862",12.90262200,77.59921800
4295,"7010000863","Zone A - Division 1 - Ward 2 - Block 9","Individual HHs","18-13","2nd Floor","Owner","Suresh Sharma","8010000863","5",NULL,"2026-08-11 06:40:00.407","2026-08-11 06:40:00.407","E2004702A000000000035F","W2-D-000863","E2004702B000000000035F","W2-W-000863",12.90262400,77.59936800
4296,"7010000864","Zone A - Division 1 - Ward 2 - Block 9","Individual HHs","18-14","3rd Floor","Tenant","Mahesh Sharma","8010000864","6",NULL,"2026-08-11 06:40:00.407","2026-08-11 06:40:00.407","E2004702A0000000000360","W2-D-000864","E2004702B0000000000360","W2-W-000864",12.90262600,77.59951800
4297,"7010000865","Zone A - Division 1 - Ward 2 - Block 9","Individual HHs","18-15","Ground floor","Owner","Prakash Sharma","8010000865","1",NULL,"2026-08-11 06:40:00.407","2026-08-11 06:40:00.407","E2004702A0000000000361","W2-D-000865","E2004702B0000000000361","W2-W-000865",12.90262800,77.59966800
4298,"7010000866","Zone A - Division 1 - Ward 2 - Block 9","Individual HHs","18-16","1st Floor","Tenant","Ramesh Sharma","8010000866","2",NULL,"2026-08-11 06:40:00.407","2026-08-11 06:40:00.407","E2004702A0000000000362","W2-D-000866","E2004702B0000000000362","W2-W-000866",12.90263000,77.59981800
4299,"7010000867","Zone A - Division 1 - Ward 2 - Block 9","Individual HHs","18-17","2nd Floor","Owner","Ganesh Sharma","8010000867","3",NULL,"2026-08-11 06:40:00.407","2026-08-11 06:40:00.407","E2004702A0000000000363","W2-D-000867","E2004702B0000000000363","W2-W-000867",12.90263200,77.59996800
4300,"7010000868","Zone A - Division 1 - Ward 2 - Block 9","Individual HHs","18-18","3rd Floor","Tenant","Dinesh Sharma","8010000868","4",NULL,"2026-08-11 06:40:00.407","2026-08-11 06:40:00.407","E2004702A0000000000364","W2-D-000868","E2004702B0000000000364","W2-W-000868",12.90263400,77.60011800
4301,"7010000869","Zone A - Division 1 - Ward 2 - Block 9","Individual HHs","18-19","Ground floor","Owner","Nikhil Sharma","8010000869","5",NULL,"2026-08-11 06:40:00.407","2026-08-11 06:40:00.407","E2004702A0000000000365","W2-D-000869","E2004702B0000000000365","W2-W-000869",12.90263600,77.60026800
4302,"7010000870","Zone A - Division 1 - Ward 2 - Block 9","Individual HHs","18-20","1st Floor","Tenant","Varun Sharma","8010000870","6",NULL,"2026-08-11 06:40:00.407","2026-08-11 06:40:00.407","E2004702A0000000000366","W2-D-000870","E2004702B0000000000366","W2-W-000870",12.90263800,77.60041800
4303,"7010000871","Zone A - Division 1 - Ward 2 - Block 9","Individual HHs","18-21","2nd Floor","Owner","Priya Sharma","8010000871","1",NULL,"2026-08-11 06:40:00.407","2026-08-11 06:40:00.407","E2004702A0000000000367","W2-D-000871","E2004702B0000000000367","W2-W-000871",12.90264000,77.60056800
4304,"7010000872","Zone A - Division 1 - Ward 2 - Block 9","Individual HHs","18-22","3rd Floor","Tenant","Divya Sharma","8010000872","2",NULL,"2026-08-11 06:40:00.407","2026-08-11 06:40:00.407","E2004702A0000000000368","W2-D-000872","E2004702B0000000000368","W2-W-000872",12.90264200,77.60071800
4305,"7010000873","Zone A - Division 1 - Ward 2 - Block 9","Individual HHs","18-23","Ground floor","Owner","Swathi Sharma","8010000873","3",NULL,"2026-08-11 06:40:00.407","2026-08-11 06:40:00.407","E2004702A0000000000369","W2-D-000873","E2004702B0000000000369","W2-W-000873",12.90264400,77.60086800
4306,"7010000874","Zone A - Division 1 - Ward 2 - Block 9","Individual HHs","18-24","1st Floor","Tenant","Shreya Sharma","8010000874","4",NULL,"2026-08-11 06:40:00.407","2026-08-11 06:40:00.407","E2004702A000000000036A","W2-D-000874","E2004702B000000000036A","W2-W-000874",12.90264600,77.60101800
4307,"7010000875","Zone A - Division 1 - Ward 2 - Block 9","Individual HHs","18-25","2nd Floor","Owner","Keerthi Sharma","8010000875","5",NULL,"2026-08-11 06:40:00.407","2026-08-11 06:40:00.407","E2004702A000000000036B","W2-D-000875","E2004702B000000000036B","W2-W-000875",12.90264800,77.60116800
4308,"7010000876","Zone A - Division 1 - Ward 2 - Block 9","Individual HHs","18-26","3rd Floor","Tenant","Lakshmi Sharma","8010000876","6",NULL,"2026-08-11 06:40:00.407","2026-08-11 06:40:00.407","E2004702A000000000036C","W2-D-000876","E2004702B000000000036C","W2-W-000876",12.90275000,77.59757000
4309,"7010000877","Zone A - Division 1 - Ward 2 - Block 9","Individual HHs","18-27","Ground floor","Owner","Deepa Sharma","8010000877","1",NULL,"2026-08-11 06:40:00.407","2026-08-11 06:40:00.407","E2004702A000000000036D","W2-D-000877","E2004702B000000000036D","W2-W-000877",12.90275200,77.59772000
4310,"7010000878","Zone A - Division 1 - Ward 2 - Block 9","Individual HHs","18-28","1st Floor","Tenant","Asha Sharma","8010000878","2",NULL,"2026-08-11 06:40:00.407","2026-08-11 06:40:00.407","E2004702A000000000036E","W2-D-000878","E2004702B000000000036E","W2-W-000878",12.90275400,77.59787000
4311,"7010000879","Zone A - Division 1 - Ward 2 - Block 9","Individual HHs","18-29","2nd Floor","Owner","Pallavi Sharma","8010000879","3",NULL,"2026-08-11 06:40:00.407","2026-08-11 06:40:00.407","E2004702A000000000036F","W2-D-000879","E2004702B000000000036F","W2-W-000879",12.90275600,77.59802000
4312,"7010000880","Zone A - Division 1 - Ward 2 - Block 9","Individual HHs","18-30","3rd Floor","Tenant","Bhavana Sharma","8010000880","4",NULL,"2026-08-11 06:40:00.407","2026-08-11 06:40:00.407","E2004702A0000000000370","W2-D-000880","E2004702B0000000000370","W2-W-000880",12.90275800,77.59817000
4313,"7010000881","Zone A - Division 1 - Ward 2 - Block 9","Individual HHs","18-31","Ground floor","Owner","Aarav Reddy","8010000881","5",NULL,"2026-08-11 06:40:00.407","2026-08-11 06:40:00.407","E2004702A0000000000371","W2-D-000881","E2004702B0000000000371","W2-W-000881",12.90276000,77.59832000
4314,"7010000882","Zone A - Division 1 - Ward 2 - Block 9","Individual HHs","18-32","1st Floor","Tenant","Vihaan Reddy","8010000882","6",NULL,"2026-08-11 06:40:00.407","2026-08-11 06:40:00.407","E2004702A0000000000372","W2-D-000882","E2004702B0000000000372","W2-W-000882",12.90276200,77.59847000
4315,"7010000883","Zone A - Division 1 - Ward 2 - Block 9","Individual HHs","18-33","2nd Floor","Owner","Aditya Reddy","8010000883","1",NULL,"2026-08-11 06:40:00.407","2026-08-11 06:40:00.407","E2004702A0000000000373","W2-D-000883","E2004702B0000000000373","W2-W-000883",12.90276400,77.59862000
4316,"7010000884","Zone A - Division 1 - Ward 2 - Block 9","Individual HHs","18-34","3rd Floor","Tenant","Arjun Reddy","8010000884","2",NULL,"2026-08-11 06:40:00.407","2026-08-11 06:40:00.407","E2004702A0000000000374","W2-D-000884","E2004702B0000000000374","W2-W-000884",12.90276600,77.59877000
4317,"7010000885","Zone A - Division 1 - Ward 2 - Block 9","Individual HHs","18-35","Ground floor","Owner","Rohan Reddy","8010000885","3",NULL,"2026-08-11 06:40:00.407","2026-08-11 06:40:00.407","E2004702A0000000000375","W2-D-000885","E2004702B0000000000375","W2-W-000885",12.90276800,77.59892000
4318,"7010000886","Zone A - Division 1 - Ward 2 - Block 9","Individual HHs","18-36","1st Floor","Tenant","Rahul Reddy","8010000886","4",NULL,"2026-08-11 06:40:00.407","2026-08-11 06:40:00.407","E2004702A0000000000376","W2-D-000886","E2004702B0000000000376","W2-W-000886",12.90277000,77.59907000
4319,"7010000887","Zone A - Division 1 - Ward 2 - Block 9","Individual HHs","18-37","2nd Floor","Owner","Karthik Reddy","8010000887","5",NULL,"2026-08-11 06:40:00.407","2026-08-11 06:40:00.407","E2004702A0000000000377","W2-D-000887","E2004702B0000000000377","W2-W-000887",12.90277200,77.59922000
4320,"7010000888","Zone A - Division 1 - Ward 2 - Block 9","Individual HHs","18-38","3rd Floor","Tenant","Vikram Reddy","8010000888","6",NULL,"2026-08-11 06:40:00.407","2026-08-11 06:40:00.407","E2004702A0000000000378","W2-D-000888","E2004702B0000000000378","W2-W-000888",12.90277400,77.59937000
4321,"7010000889","Zone A - Division 1 - Ward 2 - Block 9","Individual HHs","18-39","Ground floor","Owner","Akash Reddy","8010000889","1",NULL,"2026-08-11 06:40:00.407","2026-08-11 06:40:00.407","E2004702A0000000000379","W2-D-000889","E2004702B0000000000379","W2-W-000889",12.90277600,77.59952000
4322,"7010000890","Zone A - Division 1 - Ward 2 - Block 9","Individual HHs","18-40","1st Floor","Tenant","Siddharth Reddy","8010000890","2",NULL,"2026-08-11 06:40:00.407","2026-08-11 06:40:00.407","E2004702A000000000037A","W2-D-000890","E2004702B000000000037A","W2-W-000890",12.90277800,77.59967000
4323,"7010000891","Zone A - Division 1 - Ward 2 - Block 9","Individual HHs","18-41","2nd Floor","Owner","Ananya Reddy","8010000891","3",NULL,"2026-08-11 06:40:00.407","2026-08-11 06:40:00.407","E2004702A000000000037B","W2-D-000891","E2004702B000000000037B","W2-W-000891",12.90278000,77.59982000
4324,"7010000892","Zone A - Division 1 - Ward 2 - Block 9","Individual HHs","18-42","3rd Floor","Tenant","Aadhya Reddy","8010000892","4",NULL,"2026-08-11 06:40:00.407","2026-08-11 06:40:00.407","E2004702A000000000037C","W2-D-000892","E2004702B000000000037C","W2-W-000892",12.90278200,77.59997000
4325,"7010000893","Zone A - Division 1 - Ward 2 - Block 9","Individual HHs","18-43","Ground floor","Owner","Diya Reddy","8010000893","5",NULL,"2026-08-11 06:40:00.407","2026-08-11 06:40:00.407","E2004702A000000000037D","W2-D-000893","E2004702B000000000037D","W2-W-000893",12.90278400,77.60012000
4326,"7010000894","Zone A - Division 1 - Ward 2 - Block 9","Individual HHs","18-44","1st Floor","Tenant","Ishita Reddy","8010000894","6",NULL,"2026-08-11 06:40:00.407","2026-08-11 06:40:00.407","E2004702A000000000037E","W2-D-000894","E2004702B000000000037E","W2-W-000894",12.90278600,77.60027000
4327,"7010000895","Zone A - Division 1 - Ward 2 - Block 9","Individual HHs","18-45","2nd Floor","Owner","Kavya Reddy","8010000895","1",NULL,"2026-08-11 06:40:00.407","2026-08-11 06:40:00.407","E2004702A000000000037F","W2-D-000895","E2004702B000000000037F","W2-W-000895",12.90278800,77.60042000
4328,"7010000896","Zone A - Division 1 - Ward 2 - Block 9","Individual HHs","18-46","3rd Floor","Tenant","Meera Reddy","8010000896","2",NULL,"2026-08-11 06:40:00.407","2026-08-11 06:40:00.407","E2004702A0000000000380","W2-D-000896","E2004702B0000000000380","W2-W-000896",12.90279000,77.60057000
4329,"7010000897","Zone A - Division 1 - Ward 2 - Block 9","Individual HHs","18-47","Ground floor","Owner","Sneha Reddy","8010000897","3",NULL,"2026-08-11 06:40:00.407","2026-08-11 06:40:00.407","E2004702A0000000000381","W2-D-000897","E2004702B0000000000381","W2-W-000897",12.90279200,77.60072000
4330,"7010000898","Zone A - Division 1 - Ward 2 - Block 9","Individual HHs","18-48","1st Floor","Tenant","Pooja Reddy","8010000898","4",NULL,"2026-08-11 06:40:00.407","2026-08-11 06:40:00.407","E2004702A0000000000382","W2-D-000898","E2004702B0000000000382","W2-W-000898",12.90279400,77.60087000
4331,"7010000899","Zone A - Division 1 - Ward 2 - Block 9","Individual HHs","18-49","2nd Floor","Owner","Riya Reddy","8010000899","5",NULL,"2026-08-11 06:40:00.407","2026-08-11 06:40:00.407","E2004702A0000000000383","W2-D-000899","E2004702B0000000000383","W2-W-000899",12.90279600,77.60102000
4332,"7010000900","Zone A - Division 1 - Ward 2 - Block 9","Individual HHs","18-50","3rd Floor","Tenant","Nandini Reddy","8010000900","6",NULL,"2026-08-11 06:40:00.407","2026-08-11 06:40:00.407","E2004702A0000000000384","W2-D-000900","E2004702B0000000000384","W2-W-000900",12.90279800,77.60117000
4333,"7010000901","Zone A - Division 1 - Ward 2 - Block 10","Individual HHs","19-01","Ground floor","Owner","Sanjay Reddy","8010000901","1",NULL,"2026-08-11 06:40:00.407","2026-08-11 06:40:00.407","E2004702A0000000000385","W2-D-000901","E2004702B0000000000385","W2-W-000901",12.90290000,77.59757200
4334,"7010000902","Zone A - Division 1 - Ward 2 - Block 10","Individual HHs","19-02","1st Floor","Tenant","Manoj Reddy","8010000902","2",NULL,"2026-08-11 06:40:00.407","2026-08-11 06:40:00.407","E2004702A0000000000386","W2-D-000902","E2004702B0000000000386","W2-W-000902",12.90290200,77.59772200
4335,"7010000903","Zone A - Division 1 - Ward 2 - Block 10","Individual HHs","19-03","2nd Floor","Owner","Suresh Reddy","8010000903","3",NULL,"2026-08-11 06:40:00.407","2026-08-11 06:40:00.407","E2004702A0000000000387","W2-D-000903","E2004702B0000000000387","W2-W-000903",12.90290400,77.59787200
4336,"7010000904","Zone A - Division 1 - Ward 2 - Block 10","Individual HHs","19-04","3rd Floor","Tenant","Mahesh Reddy","8010000904","4",NULL,"2026-08-11 06:40:00.407","2026-08-11 06:40:00.407","E2004702A0000000000388","W2-D-000904","E2004702B0000000000388","W2-W-000904",12.90290600,77.59802200
4337,"7010000905","Zone A - Division 1 - Ward 2 - Block 10","Individual HHs","19-05","Ground floor","Owner","Prakash Reddy","8010000905","5",NULL,"2026-08-11 06:40:00.407","2026-08-11 06:40:00.407","E2004702A0000000000389","W2-D-000905","E2004702B0000000000389","W2-W-000905",12.90290800,77.59817200
4338,"7010000906","Zone A - Division 1 - Ward 2 - Block 10","Individual HHs","19-06","1st Floor","Tenant","Ramesh Reddy","8010000906","6",NULL,"2026-08-11 06:40:00.407","2026-08-11 06:40:00.407","E2004702A000000000038A","W2-D-000906","E2004702B000000000038A","W2-W-000906",12.90291000,77.59832200
4339,"7010000907","Zone A - Division 1 - Ward 2 - Block 10","Individual HHs","19-07","2nd Floor","Owner","Ganesh Reddy","8010000907","1",NULL,"2026-08-11 06:40:00.407","2026-08-11 06:40:00.407","E2004702A000000000038B","W2-D-000907","E2004702B000000000038B","W2-W-000907",12.90291200,77.59847200
4340,"7010000908","Zone A - Division 1 - Ward 2 - Block 10","Individual HHs","19-08","3rd Floor","Tenant","Dinesh Reddy","8010000908","2",NULL,"2026-08-11 06:40:00.407","2026-08-11 06:40:00.407","E2004702A000000000038C","W2-D-000908","E2004702B000000000038C","W2-W-000908",12.90291400,77.59862200
4341,"7010000909","Zone A - Division 1 - Ward 2 - Block 10","Individual HHs","19-09","Ground floor","Owner","Nikhil Reddy","8010000909","3",NULL,"2026-08-11 06:40:00.407","2026-08-11 06:40:00.407","E2004702A000000000038D","W2-D-000909","E2004702B000000000038D","W2-W-000909",12.90291600,77.59877200
4342,"7010000910","Zone A - Division 1 - Ward 2 - Block 10","Individual HHs","19-10","1st Floor","Tenant","Varun Reddy","8010000910","4",NULL,"2026-08-11 06:40:00.407","2026-08-11 06:40:00.407","E2004702A000000000038E","W2-D-000910","E2004702B000000000038E","W2-W-000910",12.90291800,77.59892200
4343,"7010000911","Zone A - Division 1 - Ward 2 - Block 10","Individual HHs","19-11","2nd Floor","Owner","Priya Reddy","8010000911","5",NULL,"2026-08-11 06:40:00.407","2026-08-11 06:40:00.407","E2004702A000000000038F","W2-D-000911","E2004702B000000000038F","W2-W-000911",12.90292000,77.59907200
4344,"7010000912","Zone A - Division 1 - Ward 2 - Block 10","Individual HHs","19-12","3rd Floor","Tenant","Divya Reddy","8010000912","6",NULL,"2026-08-11 06:40:00.407","2026-08-11 06:40:00.407","E2004702A0000000000390","W2-D-000912","E2004702B0000000000390","W2-W-000912",12.90292200,77.59922200
4345,"7010000913","Zone A - Division 1 - Ward 2 - Block 10","Individual HHs","19-13","Ground floor","Owner","Swathi Reddy","8010000913","1",NULL,"2026-08-11 06:40:00.407","2026-08-11 06:40:00.407","E2004702A0000000000391","W2-D-000913","E2004702B0000000000391","W2-W-000913",12.90292400,77.59937200
4346,"7010000914","Zone A - Division 1 - Ward 2 - Block 10","Individual HHs","19-14","1st Floor","Tenant","Shreya Reddy","8010000914","2",NULL,"2026-08-11 06:40:00.407","2026-08-11 06:40:00.407","E2004702A0000000000392","W2-D-000914","E2004702B0000000000392","W2-W-000914",12.90292600,77.59952200
4347,"7010000915","Zone A - Division 1 - Ward 2 - Block 10","Individual HHs","19-15","2nd Floor","Owner","Keerthi Reddy","8010000915","3",NULL,"2026-08-11 06:40:00.407","2026-08-11 06:40:00.407","E2004702A0000000000393","W2-D-000915","E2004702B0000000000393","W2-W-000915",12.90292800,77.59967200
4348,"7010000916","Zone A - Division 1 - Ward 2 - Block 10","Individual HHs","19-16","3rd Floor","Tenant","Lakshmi Reddy","8010000916","4",NULL,"2026-08-11 06:40:00.407","2026-08-11 06:40:00.407","E2004702A0000000000394","W2-D-000916","E2004702B0000000000394","W2-W-000916",12.90293000,77.59982200
4349,"7010000917","Zone A - Division 1 - Ward 2 - Block 10","Individual HHs","19-17","Ground floor","Owner","Deepa Reddy","8010000917","5",NULL,"2026-08-11 06:40:00.407","2026-08-11 06:40:00.407","E2004702A0000000000395","W2-D-000917","E2004702B0000000000395","W2-W-000917",12.90293200,77.59997200
4350,"7010000918","Zone A - Division 1 - Ward 2 - Block 10","Individual HHs","19-18","1st Floor","Tenant","Asha Reddy","8010000918","6",NULL,"2026-08-11 06:40:00.407","2026-08-11 06:40:00.407","E2004702A0000000000396","W2-D-000918","E2004702B0000000000396","W2-W-000918",12.90293400,77.60012200
4351,"7010000919","Zone A - Division 1 - Ward 2 - Block 10","Individual HHs","19-19","2nd Floor","Owner","Pallavi Reddy","8010000919","1",NULL,"2026-08-11 06:40:00.407","2026-08-11 06:40:00.407","E2004702A0000000000397","W2-D-000919","E2004702B0000000000397","W2-W-000919",12.90293600,77.60027200
4352,"7010000920","Zone A - Division 1 - Ward 2 - Block 10","Individual HHs","19-20","3rd Floor","Tenant","Bhavana Reddy","8010000920","2",NULL,"2026-08-11 06:40:00.407","2026-08-11 06:40:00.407","E2004702A0000000000398","W2-D-000920","E2004702B0000000000398","W2-W-000920",12.90293800,77.60042200
4353,"7010000921","Zone A - Division 1 - Ward 2 - Block 10","Individual HHs","19-21","Ground floor","Owner","Aarav Shetty","8010000921","3",NULL,"2026-08-11 06:40:00.407","2026-08-11 06:40:00.407","E2004702A0000000000399","W2-D-000921","E2004702B0000000000399","W2-W-000921",12.90294000,77.60057200
4354,"7010000922","Zone A - Division 1 - Ward 2 - Block 10","Individual HHs","19-22","1st Floor","Tenant","Vihaan Shetty","8010000922","4",NULL,"2026-08-11 06:40:00.407","2026-08-11 06:40:00.407","E2004702A000000000039A","W2-D-000922","E2004702B000000000039A","W2-W-000922",12.90294200,77.60072200
4355,"7010000923","Zone A - Division 1 - Ward 2 - Block 10","Individual HHs","19-23","2nd Floor","Owner","Aditya Shetty","8010000923","5",NULL,"2026-08-11 06:40:00.407","2026-08-11 06:40:00.407","E2004702A000000000039B","W2-D-000923","E2004702B000000000039B","W2-W-000923",12.90294400,77.60087200
4356,"7010000924","Zone A - Division 1 - Ward 2 - Block 10","Individual HHs","19-24","3rd Floor","Tenant","Arjun Shetty","8010000924","6",NULL,"2026-08-11 06:40:00.407","2026-08-11 06:40:00.407","E2004702A000000000039C","W2-D-000924","E2004702B000000000039C","W2-W-000924",12.90294600,77.60102200
4357,"7010000925","Zone A - Division 1 - Ward 2 - Block 10","Individual HHs","19-25","Ground floor","Owner","Rohan Shetty","8010000925","1",NULL,"2026-08-11 06:40:00.407","2026-08-11 06:40:00.407","E2004702A000000000039D","W2-D-000925","E2004702B000000000039D","W2-W-000925",12.90294800,77.60117200
4358,"7010000926","Zone A - Division 1 - Ward 2 - Block 10","Individual HHs","19-26","1st Floor","Tenant","Rahul Shetty","8010000926","2",NULL,"2026-08-11 06:40:00.407","2026-08-11 06:40:00.407","E2004702A000000000039E","W2-D-000926","E2004702B000000000039E","W2-W-000926",12.90305000,77.59757400
4359,"7010000927","Zone A - Division 1 - Ward 2 - Block 10","Individual HHs","19-27","2nd Floor","Owner","Karthik Shetty","8010000927","3",NULL,"2026-08-11 06:40:00.407","2026-08-11 06:40:00.407","E2004702A000000000039F","W2-D-000927","E2004702B000000000039F","W2-W-000927",12.90305200,77.59772400
4360,"7010000928","Zone A - Division 1 - Ward 2 - Block 10","Individual HHs","19-28","3rd Floor","Tenant","Vikram Shetty","8010000928","4",NULL,"2026-08-11 06:40:00.407","2026-08-11 06:40:00.407","E2004702A00000000003A0","W2-D-000928","E2004702B00000000003A0","W2-W-000928",12.90305400,77.59787400
4361,"7010000929","Zone A - Division 1 - Ward 2 - Block 10","Individual HHs","19-29","Ground floor","Owner","Akash Shetty","8010000929","5",NULL,"2026-08-11 06:40:00.407","2026-08-11 06:40:00.407","E2004702A00000000003A1","W2-D-000929","E2004702B00000000003A1","W2-W-000929",12.90305600,77.59802400
4362,"7010000930","Zone A - Division 1 - Ward 2 - Block 10","Individual HHs","19-30","1st Floor","Tenant","Siddharth Shetty","8010000930","6",NULL,"2026-08-11 06:40:00.407","2026-08-11 06:40:00.407","E2004702A00000000003A2","W2-D-000930","E2004702B00000000003A2","W2-W-000930",12.90305800,77.59817400
4363,"7010000931","Zone A - Division 1 - Ward 2 - Block 10","Individual HHs","19-31","2nd Floor","Owner","Ananya Shetty","8010000931","1",NULL,"2026-08-11 06:40:00.407","2026-08-11 06:40:00.407","E2004702A00000000003A3","W2-D-000931","E2004702B00000000003A3","W2-W-000931",12.90306000,77.59832400
4364,"7010000932","Zone A - Division 1 - Ward 2 - Block 10","Individual HHs","19-32","3rd Floor","Tenant","Aadhya Shetty","8010000932","2",NULL,"2026-08-11 06:40:00.407","2026-08-11 06:40:00.407","E2004702A00000000003A4","W2-D-000932","E2004702B00000000003A4","W2-W-000932",12.90306200,77.59847400
4365,"7010000933","Zone A - Division 1 - Ward 2 - Block 10","Individual HHs","19-33","Ground floor","Owner","Diya Shetty","8010000933","3",NULL,"2026-08-11 06:40:00.407","2026-08-11 06:40:00.407","E2004702A00000000003A5","W2-D-000933","E2004702B00000000003A5","W2-W-000933",12.90306400,77.59862400
4366,"7010000934","Zone A - Division 1 - Ward 2 - Block 10","Individual HHs","19-34","1st Floor","Tenant","Ishita Shetty","8010000934","4",NULL,"2026-08-11 06:40:00.407","2026-08-11 06:40:00.407","E2004702A00000000003A6","W2-D-000934","E2004702B00000000003A6","W2-W-000934",12.90306600,77.59877400
4367,"7010000935","Zone A - Division 1 - Ward 2 - Block 10","Individual HHs","19-35","2nd Floor","Owner","Kavya Shetty","8010000935","5",NULL,"2026-08-11 06:40:00.407","2026-08-11 06:40:00.407","E2004702A00000000003A7","W2-D-000935","E2004702B00000000003A7","W2-W-000935",12.90306800,77.59892400
4368,"7010000936","Zone A - Division 1 - Ward 2 - Block 10","Individual HHs","19-36","3rd Floor","Tenant","Meera Shetty","8010000936","6",NULL,"2026-08-11 06:40:00.407","2026-08-11 06:40:00.407","E2004702A00000000003A8","W2-D-000936","E2004702B00000000003A8","W2-W-000936",12.90307000,77.59907400
4369,"7010000937","Zone A - Division 1 - Ward 2 - Block 10","Individual HHs","19-37","Ground floor","Owner","Sneha Shetty","8010000937","1",NULL,"2026-08-11 06:40:00.407","2026-08-11 06:40:00.407","E2004702A00000000003A9","W2-D-000937","E2004702B00000000003A9","W2-W-000937",12.90307200,77.59922400
4370,"7010000938","Zone A - Division 1 - Ward 2 - Block 10","Individual HHs","19-38","1st Floor","Tenant","Pooja Shetty","8010000938","2",NULL,"2026-08-11 06:40:00.407","2026-08-11 06:40:00.407","E2004702A00000000003AA","W2-D-000938","E2004702B00000000003AA","W2-W-000938",12.90307400,77.59937400
4371,"7010000939","Zone A - Division 1 - Ward 2 - Block 10","Individual HHs","19-39","2nd Floor","Owner","Riya Shetty","8010000939","3",NULL,"2026-08-11 06:40:00.407","2026-08-11 06:40:00.407","E2004702A00000000003AB","W2-D-000939","E2004702B00000000003AB","W2-W-000939",12.90307600,77.59952400
4372,"7010000940","Zone A - Division 1 - Ward 2 - Block 10","Individual HHs","19-40","3rd Floor","Tenant","Nandini Shetty","8010000940","4",NULL,"2026-08-11 06:40:00.407","2026-08-11 06:40:00.407","E2004702A00000000003AC","W2-D-000940","E2004702B00000000003AC","W2-W-000940",12.90307800,77.59967400
4373,"7010000941","Zone A - Division 1 - Ward 2 - Block 10","Individual HHs","19-41","Ground floor","Owner","Sanjay Shetty","8010000941","5",NULL,"2026-08-11 06:40:00.407","2026-08-11 06:40:00.407","E2004702A00000000003AD","W2-D-000941","E2004702B00000000003AD","W2-W-000941",12.90308000,77.59982400
4374,"7010000942","Zone A - Division 1 - Ward 2 - Block 10","Individual HHs","19-42","1st Floor","Tenant","Manoj Shetty","8010000942","6",NULL,"2026-08-11 06:40:00.407","2026-08-11 06:40:00.407","E2004702A00000000003AE","W2-D-000942","E2004702B00000000003AE","W2-W-000942",12.90308200,77.59997400
4375,"7010000943","Zone A - Division 1 - Ward 2 - Block 10","Individual HHs","19-43","2nd Floor","Owner","Suresh Shetty","8010000943","1",NULL,"2026-08-11 06:40:00.407","2026-08-11 06:40:00.407","E2004702A00000000003AF","W2-D-000943","E2004702B00000000003AF","W2-W-000943",12.90308400,77.60012400
4376,"7010000944","Zone A - Division 1 - Ward 2 - Block 10","Individual HHs","19-44","3rd Floor","Tenant","Mahesh Shetty","8010000944","2",NULL,"2026-08-11 06:40:00.407","2026-08-11 06:40:00.407","E2004702A00000000003B0","W2-D-000944","E2004702B00000000003B0","W2-W-000944",12.90308600,77.60027400
4377,"7010000945","Zone A - Division 1 - Ward 2 - Block 10","Individual HHs","19-45","Ground floor","Owner","Prakash Shetty","8010000945","3",NULL,"2026-08-11 06:40:00.407","2026-08-11 06:40:00.407","E2004702A00000000003B1","W2-D-000945","E2004702B00000000003B1","W2-W-000945",12.90308800,77.60042400
4378,"7010000946","Zone A - Division 1 - Ward 2 - Block 10","Individual HHs","19-46","1st Floor","Tenant","Ramesh Shetty","8010000946","4",NULL,"2026-08-11 06:40:00.407","2026-08-11 06:40:00.407","E2004702A00000000003B2","W2-D-000946","E2004702B00000000003B2","W2-W-000946",12.90309000,77.60057400
4379,"7010000947","Zone A - Division 1 - Ward 2 - Block 10","Individual HHs","19-47","2nd Floor","Owner","Ganesh Shetty","8010000947","5",NULL,"2026-08-11 06:40:00.407","2026-08-11 06:40:00.407","E2004702A00000000003B3","W2-D-000947","E2004702B00000000003B3","W2-W-000947",12.90309200,77.60072400
4380,"7010000948","Zone A - Division 1 - Ward 2 - Block 10","Individual HHs","19-48","3rd Floor","Tenant","Dinesh Shetty","8010000948","6",NULL,"2026-08-11 06:40:00.407","2026-08-11 06:40:00.407","E2004702A00000000003B4","W2-D-000948","E2004702B00000000003B4","W2-W-000948",12.90309400,77.60087400
4381,"7010000949","Zone A - Division 1 - Ward 2 - Block 10","Individual HHs","19-49","Ground floor","Owner","Nikhil Shetty","8010000949","1",NULL,"2026-08-11 06:40:00.407","2026-08-11 06:40:00.407","E2004702A00000000003B5","W2-D-000949","E2004702B00000000003B5","W2-W-000949",12.90309600,77.60102400
4382,"7010000950","Zone A - Division 1 - Ward 2 - Block 10","Individual HHs","19-50","1st Floor","Tenant","Varun Shetty","8010000950","2",NULL,"2026-08-11 06:40:00.407","2026-08-11 06:40:00.407","E2004702A00000000003B6","W2-D-000950","E2004702B00000000003B6","W2-W-000950",12.90309800,77.60117400
4383,"7010000951","Zone A - Division 1 - Ward 2 - Block 10","Individual HHs","20-01","2nd Floor","Owner","Priya Shetty","8010000951","3",NULL,"2026-08-11 06:40:00.407","2026-08-11 06:40:00.407","E2004702A00000000003B7","W2-D-000951","E2004702B00000000003B7","W2-W-000951",12.90320000,77.59757600
4384,"7010000952","Zone A - Division 1 - Ward 2 - Block 10","Individual HHs","20-02","3rd Floor","Tenant","Divya Shetty","8010000952","4",NULL,"2026-08-11 06:40:00.407","2026-08-11 06:40:00.407","E2004702A00000000003B8","W2-D-000952","E2004702B00000000003B8","W2-W-000952",12.90320200,77.59772600
4385,"7010000953","Zone A - Division 1 - Ward 2 - Block 10","Individual HHs","20-03","Ground floor","Owner","Swathi Shetty","8010000953","5",NULL,"2026-08-11 06:40:00.407","2026-08-11 06:40:00.407","E2004702A00000000003B9","W2-D-000953","E2004702B00000000003B9","W2-W-000953",12.90320400,77.59787600
4386,"7010000954","Zone A - Division 1 - Ward 2 - Block 10","Individual HHs","20-04","1st Floor","Tenant","Shreya Shetty","8010000954","6",NULL,"2026-08-11 06:40:00.407","2026-08-11 06:40:00.407","E2004702A00000000003BA","W2-D-000954","E2004702B00000000003BA","W2-W-000954",12.90320600,77.59802600
4387,"7010000955","Zone A - Division 1 - Ward 2 - Block 10","Individual HHs","20-05","2nd Floor","Owner","Keerthi Shetty","8010000955","1",NULL,"2026-08-11 06:40:00.407","2026-08-11 06:40:00.407","E2004702A00000000003BB","W2-D-000955","E2004702B00000000003BB","W2-W-000955",12.90320800,77.59817600
4388,"7010000956","Zone A - Division 1 - Ward 2 - Block 10","Individual HHs","20-06","3rd Floor","Tenant","Lakshmi Shetty","8010000956","2",NULL,"2026-08-11 06:40:00.407","2026-08-11 06:40:00.407","E2004702A00000000003BC","W2-D-000956","E2004702B00000000003BC","W2-W-000956",12.90321000,77.59832600
4389,"7010000957","Zone A - Division 1 - Ward 2 - Block 10","Individual HHs","20-07","Ground floor","Owner","Deepa Shetty","8010000957","3",NULL,"2026-08-11 06:40:00.407","2026-08-11 06:40:00.407","E2004702A00000000003BD","W2-D-000957","E2004702B00000000003BD","W2-W-000957",12.90321200,77.59847600
4390,"7010000958","Zone A - Division 1 - Ward 2 - Block 10","Individual HHs","20-08","1st Floor","Tenant","Asha Shetty","8010000958","4",NULL,"2026-08-11 06:40:00.407","2026-08-11 06:40:00.407","E2004702A00000000003BE","W2-D-000958","E2004702B00000000003BE","W2-W-000958",12.90321400,77.59862600
4391,"7010000959","Zone A - Division 1 - Ward 2 - Block 10","Individual HHs","20-09","2nd Floor","Owner","Pallavi Shetty","8010000959","5",NULL,"2026-08-11 06:40:00.407","2026-08-11 06:40:00.407","E2004702A00000000003BF","W2-D-000959","E2004702B00000000003BF","W2-W-000959",12.90321600,77.59877600
4392,"7010000960","Zone A - Division 1 - Ward 2 - Block 10","Individual HHs","20-10","3rd Floor","Tenant","Bhavana Shetty","8010000960","6",NULL,"2026-08-11 06:40:00.407","2026-08-11 06:40:00.407","E2004702A00000000003C0","W2-D-000960","E2004702B00000000003C0","W2-W-000960",12.90321800,77.59892600
4393,"7010000961","Zone A - Division 1 - Ward 2 - Block 10","Individual HHs","20-11","Ground floor","Owner","Aarav Gowda","8010000961","1",NULL,"2026-08-11 06:40:00.407","2026-08-11 06:40:00.407","E2004702A00000000003C1","W2-D-000961","E2004702B00000000003C1","W2-W-000961",12.90322000,77.59907600
4394,"7010000962","Zone A - Division 1 - Ward 2 - Block 10","Individual HHs","20-12","1st Floor","Tenant","Vihaan Gowda","8010000962","2",NULL,"2026-08-11 06:40:00.407","2026-08-11 06:40:00.407","E2004702A00000000003C2","W2-D-000962","E2004702B00000000003C2","W2-W-000962",12.90322200,77.59922600
4395,"7010000963","Zone A - Division 1 - Ward 2 - Block 10","Individual HHs","20-13","2nd Floor","Owner","Aditya Gowda","8010000963","3",NULL,"2026-08-11 06:40:00.407","2026-08-11 06:40:00.407","E2004702A00000000003C3","W2-D-000963","E2004702B00000000003C3","W2-W-000963",12.90322400,77.59937600
4396,"7010000964","Zone A - Division 1 - Ward 2 - Block 10","Individual HHs","20-14","3rd Floor","Tenant","Arjun Gowda","8010000964","4",NULL,"2026-08-11 06:40:00.407","2026-08-11 06:40:00.407","E2004702A00000000003C4","W2-D-000964","E2004702B00000000003C4","W2-W-000964",12.90322600,77.59952600
4397,"7010000965","Zone A - Division 1 - Ward 2 - Block 10","Individual HHs","20-15","Ground floor","Owner","Rohan Gowda","8010000965","5",NULL,"2026-08-11 06:40:00.407","2026-08-11 06:40:00.407","E2004702A00000000003C5","W2-D-000965","E2004702B00000000003C5","W2-W-000965",12.90322800,77.59967600
4398,"7010000966","Zone A - Division 1 - Ward 2 - Block 10","Individual HHs","20-16","1st Floor","Tenant","Rahul Gowda","8010000966","6",NULL,"2026-08-11 06:40:00.407","2026-08-11 06:40:00.407","E2004702A00000000003C6","W2-D-000966","E2004702B00000000003C6","W2-W-000966",12.90323000,77.59982600
4399,"7010000967","Zone A - Division 1 - Ward 2 - Block 10","Individual HHs","20-17","2nd Floor","Owner","Karthik Gowda","8010000967","1",NULL,"2026-08-11 06:40:00.407","2026-08-11 06:40:00.407","E2004702A00000000003C7","W2-D-000967","E2004702B00000000003C7","W2-W-000967",12.90323200,77.59997600
4400,"7010000968","Zone A - Division 1 - Ward 2 - Block 10","Individual HHs","20-18","3rd Floor","Tenant","Vikram Gowda","8010000968","2",NULL,"2026-08-11 06:40:00.407","2026-08-11 06:40:00.407","E2004702A00000000003C8","W2-D-000968","E2004702B00000000003C8","W2-W-000968",12.90323400,77.60012600
4401,"7010000969","Zone A - Division 1 - Ward 2 - Block 10","Individual HHs","20-19","Ground floor","Owner","Akash Gowda","8010000969","3",NULL,"2026-08-11 06:40:00.407","2026-08-11 06:40:00.407","E2004702A00000000003C9","W2-D-000969","E2004702B00000000003C9","W2-W-000969",12.90323600,77.60027600
4402,"7010000970","Zone A - Division 1 - Ward 2 - Block 10","Individual HHs","20-20","1st Floor","Tenant","Siddharth Gowda","8010000970","4",NULL,"2026-08-11 06:40:00.407","2026-08-11 06:40:00.407","E2004702A00000000003CA","W2-D-000970","E2004702B00000000003CA","W2-W-000970",12.90323800,77.60042600
4403,"7010000971","Zone A - Division 1 - Ward 2 - Block 10","Individual HHs","20-21","2nd Floor","Owner","Ananya Gowda","8010000971","5",NULL,"2026-08-11 06:40:00.407","2026-08-11 06:40:00.407","E2004702A00000000003CB","W2-D-000971","E2004702B00000000003CB","W2-W-000971",12.90324000,77.60057600
4404,"7010000972","Zone A - Division 1 - Ward 2 - Block 10","Individual HHs","20-22","3rd Floor","Tenant","Aadhya Gowda","8010000972","6",NULL,"2026-08-11 06:40:00.407","2026-08-11 06:40:00.407","E2004702A00000000003CC","W2-D-000972","E2004702B00000000003CC","W2-W-000972",12.90324200,77.60072600
4405,"7010000973","Zone A - Division 1 - Ward 2 - Block 10","Individual HHs","20-23","Ground floor","Owner","Diya Gowda","8010000973","1",NULL,"2026-08-11 06:40:00.407","2026-08-11 06:40:00.407","E2004702A00000000003CD","W2-D-000973","E2004702B00000000003CD","W2-W-000973",12.90324400,77.60087600
4406,"7010000974","Zone A - Division 1 - Ward 2 - Block 10","Individual HHs","20-24","1st Floor","Tenant","Ishita Gowda","8010000974","2",NULL,"2026-08-11 06:40:00.407","2026-08-11 06:40:00.407","E2004702A00000000003CE","W2-D-000974","E2004702B00000000003CE","W2-W-000974",12.90324600,77.60102600
4407,"7010000975","Zone A - Division 1 - Ward 2 - Block 10","Individual HHs","20-25","2nd Floor","Owner","Kavya Gowda","8010000975","3",NULL,"2026-08-11 06:40:00.407","2026-08-11 06:40:00.407","E2004702A00000000003CF","W2-D-000975","E2004702B00000000003CF","W2-W-000975",12.90324800,77.60117600
4408,"7010000976","Zone A - Division 1 - Ward 2 - Block 10","Individual HHs","20-26","3rd Floor","Tenant","Meera Gowda","8010000976","4",NULL,"2026-08-11 06:40:00.407","2026-08-11 06:40:00.407","E2004702A00000000003D0","W2-D-000976","E2004702B00000000003D0","W2-W-000976",12.90335000,77.59757800
4409,"7010000977","Zone A - Division 1 - Ward 2 - Block 10","Individual HHs","20-27","Ground floor","Owner","Sneha Gowda","8010000977","5",NULL,"2026-08-11 06:40:00.407","2026-08-11 06:40:00.407","E2004702A00000000003D1","W2-D-000977","E2004702B00000000003D1","W2-W-000977",12.90335200,77.59772800
4410,"7010000978","Zone A - Division 1 - Ward 2 - Block 10","Individual HHs","20-28","1st Floor","Tenant","Pooja Gowda","8010000978","6",NULL,"2026-08-11 06:40:00.407","2026-08-11 06:40:00.407","E2004702A00000000003D2","W2-D-000978","E2004702B00000000003D2","W2-W-000978",12.90335400,77.59787800
4411,"7010000979","Zone A - Division 1 - Ward 2 - Block 10","Individual HHs","20-29","2nd Floor","Owner","Riya Gowda","8010000979","1",NULL,"2026-08-11 06:40:00.407","2026-08-11 06:40:00.407","E2004702A00000000003D3","W2-D-000979","E2004702B00000000003D3","W2-W-000979",12.90335600,77.59802800
4412,"7010000980","Zone A - Division 1 - Ward 2 - Block 10","Individual HHs","20-30","3rd Floor","Tenant","Nandini Gowda","8010000980","2",NULL,"2026-08-11 06:40:00.407","2026-08-11 06:40:00.407","E2004702A00000000003D4","W2-D-000980","E2004702B00000000003D4","W2-W-000980",12.90335800,77.59817800
4413,"7010000981","Zone A - Division 1 - Ward 2 - Block 10","Individual HHs","20-31","Ground floor","Owner","Sanjay Gowda","8010000981","3",NULL,"2026-08-11 06:40:00.407","2026-08-11 06:40:00.407","E2004702A00000000003D5","W2-D-000981","E2004702B00000000003D5","W2-W-000981",12.90336000,77.59832800
4414,"7010000982","Zone A - Division 1 - Ward 2 - Block 10","Individual HHs","20-32","1st Floor","Tenant","Manoj Gowda","8010000982","4",NULL,"2026-08-11 06:40:00.407","2026-08-11 06:40:00.407","E2004702A00000000003D6","W2-D-000982","E2004702B00000000003D6","W2-W-000982",12.90336200,77.59847800
4415,"7010000983","Zone A - Division 1 - Ward 2 - Block 10","Individual HHs","20-33","2nd Floor","Owner","Suresh Gowda","8010000983","5",NULL,"2026-08-11 06:40:00.407","2026-08-11 06:40:00.407","E2004702A00000000003D7","W2-D-000983","E2004702B00000000003D7","W2-W-000983",12.90336400,77.59862800
4416,"7010000984","Zone A - Division 1 - Ward 2 - Block 10","Individual HHs","20-34","3rd Floor","Tenant","Mahesh Gowda","8010000984","6",NULL,"2026-08-11 06:40:00.407","2026-08-11 06:40:00.407","E2004702A00000000003D8","W2-D-000984","E2004702B00000000003D8","W2-W-000984",12.90336600,77.59877800
4417,"7010000985","Zone A - Division 1 - Ward 2 - Block 10","Individual HHs","20-35","Ground floor","Owner","Prakash Gowda","8010000985","1",NULL,"2026-08-11 06:40:00.407","2026-08-11 06:40:00.407","E2004702A00000000003D9","W2-D-000985","E2004702B00000000003D9","W2-W-000985",12.90336800,77.59892800
4418,"7010000986","Zone A - Division 1 - Ward 2 - Block 10","Individual HHs","20-36","1st Floor","Tenant","Ramesh Gowda","8010000986","2",NULL,"2026-08-11 06:40:00.407","2026-08-11 06:40:00.407","E2004702A00000000003DA","W2-D-000986","E2004702B00000000003DA","W2-W-000986",12.90337000,77.59907800
4419,"7010000987","Zone A - Division 1 - Ward 2 - Block 10","Individual HHs","20-37","2nd Floor","Owner","Ganesh Gowda","8010000987","3",NULL,"2026-08-11 06:40:00.407","2026-08-11 06:40:00.407","E2004702A00000000003DB","W2-D-000987","E2004702B00000000003DB","W2-W-000987",12.90337200,77.59922800
4420,"7010000988","Zone A - Division 1 - Ward 2 - Block 10","Individual HHs","20-38","3rd Floor","Tenant","Dinesh Gowda","8010000988","4",NULL,"2026-08-11 06:40:00.407","2026-08-11 06:40:00.407","E2004702A00000000003DC","W2-D-000988","E2004702B00000000003DC","W2-W-000988",12.90337400,77.59937800
4421,"7010000989","Zone A - Division 1 - Ward 2 - Block 10","Individual HHs","20-39","Ground floor","Owner","Nikhil Gowda","8010000989","5",NULL,"2026-08-11 06:40:00.407","2026-08-11 06:40:00.407","E2004702A00000000003DD","W2-D-000989","E2004702B00000000003DD","W2-W-000989",12.90337600,77.59952800
4422,"7010000990","Zone A - Division 1 - Ward 2 - Block 10","Individual HHs","20-40","1st Floor","Tenant","Varun Gowda","8010000990","6",NULL,"2026-08-11 06:40:00.407","2026-08-11 06:40:00.407","E2004702A00000000003DE","W2-D-000990","E2004702B00000000003DE","W2-W-000990",12.90337800,77.59967800
4423,"7010000991","Zone A - Division 1 - Ward 2 - Block 10","Individual HHs","20-41","2nd Floor","Owner","Priya Gowda","8010000991","1",NULL,"2026-08-11 06:40:00.407","2026-08-11 06:40:00.407","E2004702A00000000003DF","W2-D-000991","E2004702B00000000003DF","W2-W-000991",12.90338000,77.59982800
4424,"7010000992","Zone A - Division 1 - Ward 2 - Block 10","Individual HHs","20-42","3rd Floor","Tenant","Divya Gowda","8010000992","2",NULL,"2026-08-11 06:40:00.407","2026-08-11 06:40:00.407","E2004702A00000000003E0","W2-D-000992","E2004702B00000000003E0","W2-W-000992",12.90338200,77.59997800
4425,"7010000993","Zone A - Division 1 - Ward 2 - Block 10","Individual HHs","20-43","Ground floor","Owner","Swathi Gowda","8010000993","3",NULL,"2026-08-11 06:40:00.407","2026-08-11 06:40:00.407","E2004702A00000000003E1","W2-D-000993","E2004702B00000000003E1","W2-W-000993",12.90338400,77.60012800
4426,"7010000994","Zone A - Division 1 - Ward 2 - Block 10","Individual HHs","20-44","1st Floor","Tenant","Shreya Gowda","8010000994","4",NULL,"2026-08-11 06:40:00.407","2026-08-11 06:40:00.407","E2004702A00000000003E2","W2-D-000994","E2004702B00000000003E2","W2-W-000994",12.90338600,77.60027800
4427,"7010000995","Zone A - Division 1 - Ward 2 - Block 10","Individual HHs","20-45","2nd Floor","Owner","Keerthi Gowda","8010000995","5",NULL,"2026-08-11 06:40:00.407","2026-08-11 06:40:00.407","E2004702A00000000003E3","W2-D-000995","E2004702B00000000003E3","W2-W-000995",12.90338800,77.60042800
4428,"7010000996","Zone A - Division 1 - Ward 2 - Block 10","Individual HHs","20-46","3rd Floor","Tenant","Lakshmi Gowda","8010000996","6",NULL,"2026-08-11 06:40:00.407","2026-08-11 06:40:00.407","E2004702A00000000003E4","W2-D-000996","E2004702B00000000003E4","W2-W-000996",12.90339000,77.60057800
4429,"7010000997","Zone A - Division 1 - Ward 2 - Block 10","Individual HHs","20-47","Ground floor","Owner","Deepa Gowda","8010000997","1",NULL,"2026-08-11 06:40:00.407","2026-08-11 06:40:00.407","E2004702A00000000003E5","W2-D-000997","E2004702B00000000003E5","W2-W-000997",12.90339200,77.60072800
4430,"7010000998","Zone A - Division 1 - Ward 2 - Block 10","Individual HHs","20-48","1st Floor","Tenant","Asha Gowda","8010000998","2",NULL,"2026-08-11 06:40:00.407","2026-08-11 06:40:00.407","E2004702A00000000003E6","W2-D-000998","E2004702B00000000003E6","W2-W-000998",12.90339400,77.60087800
4431,"7010000999","Zone A - Division 1 - Ward 2 - Block 10","Individual HHs","20-49","2nd Floor","Owner","Pallavi Gowda","8010000999","3",NULL,"2026-08-11 06:40:00.407","2026-08-11 06:40:00.407","E2004702A00000000003E7","W2-D-000999","E2004702B00000000003E7","W2-W-000999",12.90339600,77.60102800
4432,"7010001000","Zone A - Division 1 - Ward 2 - Block 10","Individual HHs","20-50","3rd Floor","Tenant","Bhavana Gowda","8010001000","4",NULL,"2026-08-11 06:40:00.407","2026-08-11 06:40:00.407","E2004702A00000000003E8","W2-D-001000","E2004702B00000000003E8","W2-W-001000",12.90339800,77.60117800
