"id","phoneNumber","area","wasteGeneratorTypes","houseNumber","floorNumber","householdType","personName","contactNumber","numberOfPeople","buildingPhoto","createdAt","updatedAt","dryRFID","drySlno","wetRFID","wetSlno","lat","lng"
4433,"7200000001","Zone B - Division 20 - Ward 20 - Block 1","Individual HHs","1-01","Ground floor","Owner","Aarav Kumar","8200000001","1",NULL,"2026-08-11 06:41:14.938","2026-08-11 06:41:14.938","E2004720A0000000000001","W20-D-000001","E2004720B0000000000001","W20-W-000001",12.90750000,77.62750000
4434,"7200000002","Zone B - Division 20 - Ward 20 - Block 1","Individual HHs","1-02","1st Floor","Tenant","Vihaan Kumar","8200000002","2",NULL,"2026-08-11 06:41:14.938","2026-08-11 06:41:14.938","E2004720A0000000000002","W20-D-000002","E2004720B0000000000002","W20-W-000002",12.90750200,77.62765000
4435,"7200000003","Zone B - Division 20 - Ward 20 - Block 1","Individual HHs","1-03","2nd Floor","Owner","Aditya Kumar","8200000003","3",NULL,"2026-08-11 06:41:14.938","2026-08-11 06:41:14.938","E2004720A0000000000003","W20-D-000003","E2004720B0000000000003","W20-W-000003",12.90750400,77.62780000
4436,"7200000004","Zone B - Division 20 - Ward 20 - Block 1","Individual HHs","1-04","3rd Floor","Tenant","Arjun Kumar","8200000004","4",NULL,"2026-08-11 06:41:14.938","2026-08-11 06:41:14.938","E2004720A0000000000004","W20-D-000004","E2004720B0000000000004","W20-W-000004",12.90750600,77.62795000
4437,"7200000005","Zone B - Division 20 - Ward 20 - Block 1","Individual HHs","1-05","Ground floor","Owner","Rohan Kumar","8200000005","5",NULL,"2026-08-11 06:41:14.938","2026-08-11 06:41:14.938","E2004720A0000000000005","W20-D-000005","E2004720B0000000000005","W20-W-000005",12.90750800,77.62810000
4438,"7200000006","Zone B - Division 20 - Ward 20 - Block 1","Individual HHs","1-06","1st Floor","Tenant","Rahul Kumar","8200000006","6",NULL,"2026-08-11 06:41:14.938","2026-08-11 06:41:14.938","E2004720A0000000000006","W20-D-000006","E2004720B0000000000006","W20-W-000006",12.90751000,77.62825000
4439,"7200000007","Zone B - Division 20 - Ward 20 - Block 1","Individual HHs","1-07","2nd Floor","Owner","Karthik Kumar","8200000007","1",NULL,"2026-08-11 06:41:14.938","2026-08-11 06:41:14.938","E2004720A0000000000007","W20-D-000007","E2004720B0000000000007","W20-W-000007",12.90751200,77.62840000
4440,"7200000008","Zone B - Division 20 - Ward 20 - Block 1","Individual HHs","1-08","3rd Floor","Tenant","Vikram Kumar","8200000008","2",NULL,"2026-08-11 06:41:14.938","2026-08-11 06:41:14.938","E2004720A0000000000008","W20-D-000008","E2004720B0000000000008","W20-W-000008",12.90751400,77.62855000
4441,"7200000009","Zone B - Division 20 - Ward 20 - Block 1","Individual HHs","1-09","Ground floor","Owner","Akash Kumar","8200000009","3",NULL,"2026-08-11 06:41:14.938","2026-08-11 06:41:14.938","E2004720A0000000000009","W20-D-000009","E2004720B0000000000009","W20-W-000009",12.90751600,77.62870000
4442,"7200000010","Zone B - Division 20 - Ward 20 - Block 1","Individual HHs","1-10","1st Floor","Tenant","Siddharth Kumar","8200000010","4",NULL,"2026-08-11 06:41:14.938","2026-08-11 06:41:14.938","E2004720A000000000000A","W20-D-000010","E2004720B000000000000A","W20-W-000010",12.90751800,77.62885000
4443,"7200000011","Zone B - Division 20 - Ward 20 - Block 1","Individual HHs","1-11","2nd Floor","Owner","Ananya Kumar","8200000011","5",NULL,"2026-08-11 06:41:14.938","2026-08-11 06:41:14.938","E2004720A000000000000B","W20-D-000011","E2004720B000000000000B","W20-W-000011",12.90752000,77.62900000
4444,"7200000012","Zone B - Division 20 - Ward 20 - Block 1","Individual HHs","1-12","3rd Floor","Tenant","Aadhya Kumar","8200000012","6",NULL,"2026-08-11 06:41:14.938","2026-08-11 06:41:14.938","E2004720A000000000000C","W20-D-000012","E2004720B000000000000C","W20-W-000012",12.90752200,77.62915000
4445,"7200000013","Zone B - Division 20 - Ward 20 - Block 1","Individual HHs","1-13","Ground floor","Owner","Diya Kumar","8200000013","1",NULL,"2026-08-11 06:41:14.938","2026-08-11 06:41:14.938","E2004720A000000000000D","W20-D-000013","E2004720B000000000000D","W20-W-000013",12.90752400,77.62930000
4446,"7200000014","Zone B - Division 20 - Ward 20 - Block 1","Individual HHs","1-14","1st Floor","Tenant","Ishita Kumar","8200000014","2",NULL,"2026-08-11 06:41:14.938","2026-08-11 06:41:14.938","E2004720A000000000000E","W20-D-000014","E2004720B000000000000E","W20-W-000014",12.90752600,77.62945000
4447,"7200000015","Zone B - Division 20 - Ward 20 - Block 1","Individual HHs","1-15","2nd Floor","Owner","Kavya Kumar","8200000015","3",NULL,"2026-08-11 06:41:14.938","2026-08-11 06:41:14.938","E2004720A000000000000F","W20-D-000015","E2004720B000000000000F","W20-W-000015",12.90752800,77.62960000
4448,"7200000016","Zone B - Division 20 - Ward 20 - Block 1","Individual HHs","1-16","3rd Floor","Tenant","Meera Kumar","8200000016","4",NULL,"2026-08-11 06:41:14.938","2026-08-11 06:41:14.938","E2004720A0000000000010","W20-D-000016","E2004720B0000000000010","W20-W-000016",12.90753000,77.62975000
4449,"7200000017","Zone B - Division 20 - Ward 20 - Block 1","Individual HHs","1-17","Ground floor","Owner","Sneha Kumar","8200000017","5",NULL,"2026-08-11 06:41:14.938","2026-08-11 06:41:14.938","E2004720A0000000000011","W20-D-000017","E2004720B0000000000011","W20-W-000017",12.90753200,77.62990000
4450,"7200000018","Zone B - Division 20 - Ward 20 - Block 1","Individual HHs","1-18","1st Floor","Tenant","Pooja Kumar","8200000018","6",NULL,"2026-08-11 06:41:14.938","2026-08-11 06:41:14.938","E2004720A0000000000012","W20-D-000018","E2004720B0000000000012","W20-W-000018",12.90753400,77.63005000
4451,"7200000019","Zone B - Division 20 - Ward 20 - Block 1","Individual HHs","1-19","2nd Floor","Owner","Riya Kumar","8200000019","1",NULL,"2026-08-11 06:41:14.938","2026-08-11 06:41:14.938","E2004720A0000000000013","W20-D-000019","E2004720B0000000000013","W20-W-000019",12.90753600,77.63020000
4452,"7200000020","Zone B - Division 20 - Ward 20 - Block 1","Individual HHs","1-20","3rd Floor","Tenant","Nandini Kumar","8200000020","2",NULL,"2026-08-11 06:41:14.938","2026-08-11 06:41:14.938","E2004720A0000000000014","W20-D-000020","E2004720B0000000000014","W20-W-000020",12.90753800,77.63035000
4453,"7200000021","Zone B - Division 20 - Ward 20 - Block 1","Individual HHs","1-21","Ground floor","Owner","Sanjay Kumar","8200000021","3",NULL,"2026-08-11 06:41:14.938","2026-08-11 06:41:14.938","E2004720A0000000000015","W20-D-000021","E2004720B0000000000015","W20-W-000021",12.90754000,77.63050000
4454,"7200000022","Zone B - Division 20 - Ward 20 - Block 1","Individual HHs","1-22","1st Floor","Tenant","Manoj Kumar","8200000022","4",NULL,"2026-08-11 06:41:14.938","2026-08-11 06:41:14.938","E2004720A0000000000016","W20-D-000022","E2004720B0000000000016","W20-W-000022",12.90754200,77.63065000
4455,"7200000023","Zone B - Division 20 - Ward 20 - Block 1","Individual HHs","1-23","2nd Floor","Owner","Suresh Kumar","8200000023","5",NULL,"2026-08-11 06:41:14.938","2026-08-11 06:41:14.938","E2004720A0000000000017","W20-D-000023","E2004720B0000000000017","W20-W-000023",12.90754400,77.63080000
4456,"7200000024","Zone B - Division 20 - Ward 20 - Block 1","Individual HHs","1-24","3rd Floor","Tenant","Mahesh Kumar","8200000024","6",NULL,"2026-08-11 06:41:14.938","2026-08-11 06:41:14.938","E2004720A0000000000018","W20-D-000024","E2004720B0000000000018","W20-W-000024",12.90754600,77.63095000
4457,"7200000025","Zone B - Division 20 - Ward 20 - Block 1","Individual HHs","1-25","Ground floor","Owner","Prakash Kumar","8200000025","1",NULL,"2026-08-11 06:41:14.938","2026-08-11 06:41:14.938","E2004720A0000000000019","W20-D-000025","E2004720B0000000000019","W20-W-000025",12.90754800,77.63110000
4458,"7200000026","Zone B - Division 20 - Ward 20 - Block 1","Individual HHs","1-26","1st Floor","Tenant","Ramesh Kumar","8200000026","2",NULL,"2026-08-11 06:41:14.938","2026-08-11 06:41:14.938","E2004720A000000000001A","W20-D-000026","E2004720B000000000001A","W20-W-000026",12.90765000,77.62750200
4459,"7200000027","Zone B - Division 20 - Ward 20 - Block 1","Individual HHs","1-27","2nd Floor","Owner","Ganesh Kumar","8200000027","3",NULL,"2026-08-11 06:41:14.938","2026-08-11 06:41:14.938","E2004720A000000000001B","W20-D-000027","E2004720B000000000001B","W20-W-000027",12.90765200,77.62765200
4460,"7200000028","Zone B - Division 20 - Ward 20 - Block 1","Individual HHs","1-28","3rd Floor","Tenant","Dinesh Kumar","8200000028","4",NULL,"2026-08-11 06:41:14.938","2026-08-11 06:41:14.938","E2004720A000000000001C","W20-D-000028","E2004720B000000000001C","W20-W-000028",12.90765400,77.62780200
4461,"7200000029","Zone B - Division 20 - Ward 20 - Block 1","Individual HHs","1-29","Ground floor","Owner","Nikhil Kumar","8200000029","5",NULL,"2026-08-11 06:41:14.938","2026-08-11 06:41:14.938","E2004720A000000000001D","W20-D-000029","E2004720B000000000001D","W20-W-000029",12.90765600,77.62795200
4462,"7200000030","Zone B - Division 20 - Ward 20 - Block 1","Individual HHs","1-30","1st Floor","Tenant","Varun Kumar","8200000030","6",NULL,"2026-08-11 06:41:14.938","2026-08-11 06:41:14.938","E2004720A000000000001E","W20-D-000030","E2004720B000000000001E","W20-W-000030",12.90765800,77.62810200
4463,"7200000031","Zone B - Division 20 - Ward 20 - Block 1","Individual HHs","1-31","2nd Floor","Owner","Priya Kumar","8200000031","1",NULL,"2026-08-11 06:41:14.938","2026-08-11 06:41:14.938","E2004720A000000000001F","W20-D-000031","E2004720B000000000001F","W20-W-000031",12.90766000,77.62825200
4464,"7200000032","Zone B - Division 20 - Ward 20 - Block 1","Individual HHs","1-32","3rd Floor","Tenant","Divya Kumar","8200000032","2",NULL,"2026-08-11 06:41:14.938","2026-08-11 06:41:14.938","E2004720A0000000000020","W20-D-000032","E2004720B0000000000020","W20-W-000032",12.90766200,77.62840200
4465,"7200000033","Zone B - Division 20 - Ward 20 - Block 1","Individual HHs","1-33","Ground floor","Owner","Swathi Kumar","8200000033","3",NULL,"2026-08-11 06:41:14.938","2026-08-11 06:41:14.938","E2004720A0000000000021","W20-D-000033","E2004720B0000000000021","W20-W-000033",12.90766400,77.62855200
4466,"7200000034","Zone B - Division 20 - Ward 20 - Block 1","Individual HHs","1-34","1st Floor","Tenant","Shreya Kumar","8200000034","4",NULL,"2026-08-11 06:41:14.938","2026-08-11 06:41:14.938","E2004720A0000000000022","W20-D-000034","E2004720B0000000000022","W20-W-000034",12.90766600,77.62870200
4467,"7200000035","Zone B - Division 20 - Ward 20 - Block 1","Individual HHs","1-35","2nd Floor","Owner","Keerthi Kumar","8200000035","5",NULL,"2026-08-11 06:41:14.938","2026-08-11 06:41:14.938","E2004720A0000000000023","W20-D-000035","E2004720B0000000000023","W20-W-000035",12.90766800,77.62885200
4468,"7200000036","Zone B - Division 20 - Ward 20 - Block 1","Individual HHs","1-36","3rd Floor","Tenant","Lakshmi Kumar","8200000036","6",NULL,"2026-08-11 06:41:14.938","2026-08-11 06:41:14.938","E2004720A0000000000024","W20-D-000036","E2004720B0000000000024","W20-W-000036",12.90767000,77.62900200
4469,"7200000037","Zone B - Division 20 - Ward 20 - Block 1","Individual HHs","1-37","Ground floor","Owner","Deepa Kumar","8200000037","1",NULL,"2026-08-11 06:41:14.938","2026-08-11 06:41:14.938","E2004720A0000000000025","W20-D-000037","E2004720B0000000000025","W20-W-000037",12.90767200,77.62915200
4470,"7200000038","Zone B - Division 20 - Ward 20 - Block 1","Individual HHs","1-38","1st Floor","Tenant","Asha Kumar","8200000038","2",NULL,"2026-08-11 06:41:14.938","2026-08-11 06:41:14.938","E2004720A0000000000026","W20-D-000038","E2004720B0000000000026","W20-W-000038",12.90767400,77.62930200
4471,"7200000039","Zone B - Division 20 - Ward 20 - Block 1","Individual HHs","1-39","2nd Floor","Owner","Pallavi Kumar","8200000039","3",NULL,"2026-08-11 06:41:14.938","2026-08-11 06:41:14.938","E2004720A0000000000027","W20-D-000039","E2004720B0000000000027","W20-W-000039",12.90767600,77.62945200
4472,"7200000040","Zone B - Division 20 - Ward 20 - Block 1","Individual HHs","1-40","3rd Floor","Tenant","Bhavana Kumar","8200000040","4",NULL,"2026-08-11 06:41:14.938","2026-08-11 06:41:14.938","E2004720A0000000000028","W20-D-000040","E2004720B0000000000028","W20-W-000040",12.90767800,77.62960200
4473,"7200000041","Zone B - Division 20 - Ward 20 - Block 1","Individual HHs","1-41","Ground floor","Owner","Aarav Sharma","8200000041","5",NULL,"2026-08-11 06:41:14.938","2026-08-11 06:41:14.938","E2004720A0000000000029","W20-D-000041","E2004720B0000000000029","W20-W-000041",12.90768000,77.62975200
4474,"7200000042","Zone B - Division 20 - Ward 20 - Block 1","Individual HHs","1-42","1st Floor","Tenant","Vihaan Sharma","8200000042","6",NULL,"2026-08-11 06:41:14.938","2026-08-11 06:41:14.938","E2004720A000000000002A","W20-D-000042","E2004720B000000000002A","W20-W-000042",12.90768200,77.62990200
4475,"7200000043","Zone B - Division 20 - Ward 20 - Block 1","Individual HHs","1-43","2nd Floor","Owner","Aditya Sharma","8200000043","1",NULL,"2026-08-11 06:41:14.938","2026-08-11 06:41:14.938","E2004720A000000000002B","W20-D-000043","E2004720B000000000002B","W20-W-000043",12.90768400,77.63005200
4476,"7200000044","Zone B - Division 20 - Ward 20 - Block 1","Individual HHs","1-44","3rd Floor","Tenant","Arjun Sharma","8200000044","2",NULL,"2026-08-11 06:41:14.938","2026-08-11 06:41:14.938","E2004720A000000000002C","W20-D-000044","E2004720B000000000002C","W20-W-000044",12.90768600,77.63020200
4477,"7200000045","Zone B - Division 20 - Ward 20 - Block 1","Individual HHs","1-45","Ground floor","Owner","Rohan Sharma","8200000045","3",NULL,"2026-08-11 06:41:14.938","2026-08-11 06:41:14.938","E2004720A000000000002D","W20-D-000045","E2004720B000000000002D","W20-W-000045",12.90768800,77.63035200
4478,"7200000046","Zone B - Division 20 - Ward 20 - Block 1","Individual HHs","1-46","1st Floor","Tenant","Rahul Sharma","8200000046","4",NULL,"2026-08-11 06:41:14.938","2026-08-11 06:41:14.938","E2004720A000000000002E","W20-D-000046","E2004720B000000000002E","W20-W-000046",12.90769000,77.63050200
4479,"7200000047","Zone B - Division 20 - Ward 20 - Block 1","Individual HHs","1-47","2nd Floor","Owner","Karthik Sharma","8200000047","5",NULL,"2026-08-11 06:41:14.938","2026-08-11 06:41:14.938","E2004720A000000000002F","W20-D-000047","E2004720B000000000002F","W20-W-000047",12.90769200,77.63065200
4480,"7200000048","Zone B - Division 20 - Ward 20 - Block 1","Individual HHs","1-48","3rd Floor","Tenant","Vikram Sharma","8200000048","6",NULL,"2026-08-11 06:41:14.938","2026-08-11 06:41:14.938","E2004720A0000000000030","W20-D-000048","E2004720B0000000000030","W20-W-000048",12.90769400,77.63080200
4481,"7200000049","Zone B - Division 20 - Ward 20 - Block 1","Individual HHs","1-49","Ground floor","Owner","Akash Sharma","8200000049","1",NULL,"2026-08-11 06:41:14.938","2026-08-11 06:41:14.938","E2004720A0000000000031","W20-D-000049","E2004720B0000000000031","W20-W-000049",12.90769600,77.63095200
4482,"7200000050","Zone B - Division 20 - Ward 20 - Block 1","Individual HHs","1-50","1st Floor","Tenant","Siddharth Sharma","8200000050","2",NULL,"2026-08-11 06:41:14.938","2026-08-11 06:41:14.938","E2004720A0000000000032","W20-D-000050","E2004720B0000000000032","W20-W-000050",12.90769800,77.63110200
4483,"7200000051","Zone B - Division 20 - Ward 20 - Block 1","Individual HHs","2-01","2nd Floor","Owner","Ananya Sharma","8200000051","3",NULL,"2026-08-11 06:41:14.938","2026-08-11 06:41:14.938","E2004720A0000000000033","W20-D-000051","E2004720B0000000000033","W20-W-000051",12.90780000,77.62750400
4484,"7200000052","Zone B - Division 20 - Ward 20 - Block 1","Individual HHs","2-02","3rd Floor","Tenant","Aadhya Sharma","8200000052","4",NULL,"2026-08-11 06:41:14.938","2026-08-11 06:41:14.938","E2004720A0000000000034","W20-D-000052","E2004720B0000000000034","W20-W-000052",12.90780200,77.62765400
4485,"7200000053","Zone B - Division 20 - Ward 20 - Block 1","Individual HHs","2-03","Ground floor","Owner","Diya Sharma","8200000053","5",NULL,"2026-08-11 06:41:14.938","2026-08-11 06:41:14.938","E2004720A0000000000035","W20-D-000053","E2004720B0000000000035","W20-W-000053",12.90780400,77.62780400
4486,"7200000054","Zone B - Division 20 - Ward 20 - Block 1","Individual HHs","2-04","1st Floor","Tenant","Ishita Sharma","8200000054","6",NULL,"2026-08-11 06:41:14.938","2026-08-11 06:41:14.938","E2004720A0000000000036","W20-D-000054","E2004720B0000000000036","W20-W-000054",12.90780600,77.62795400
4487,"7200000055","Zone B - Division 20 - Ward 20 - Block 1","Individual HHs","2-05","2nd Floor","Owner","Kavya Sharma","8200000055","1",NULL,"2026-08-11 06:41:14.938","2026-08-11 06:41:14.938","E2004720A0000000000037","W20-D-000055","E2004720B0000000000037","W20-W-000055",12.90780800,77.62810400
4488,"7200000056","Zone B - Division 20 - Ward 20 - Block 1","Individual HHs","2-06","3rd Floor","Tenant","Meera Sharma","8200000056","2",NULL,"2026-08-11 06:41:14.938","2026-08-11 06:41:14.938","E2004720A0000000000038","W20-D-000056","E2004720B0000000000038","W20-W-000056",12.90781000,77.62825400
4489,"7200000057","Zone B - Division 20 - Ward 20 - Block 1","Individual HHs","2-07","Ground floor","Owner","Sneha Sharma","8200000057","3",NULL,"2026-08-11 06:41:14.938","2026-08-11 06:41:14.938","E2004720A0000000000039","W20-D-000057","E2004720B0000000000039","W20-W-000057",12.90781200,77.62840400
4490,"7200000058","Zone B - Division 20 - Ward 20 - Block 1","Individual HHs","2-08","1st Floor","Tenant","Pooja Sharma","8200000058","4",NULL,"2026-08-11 06:41:14.938","2026-08-11 06:41:14.938","E2004720A000000000003A","W20-D-000058","E2004720B000000000003A","W20-W-000058",12.90781400,77.62855400
4491,"7200000059","Zone B - Division 20 - Ward 20 - Block 1","Individual HHs","2-09","2nd Floor","Owner","Riya Sharma","8200000059","5",NULL,"2026-08-11 06:41:14.938","2026-08-11 06:41:14.938","E2004720A000000000003B","W20-D-000059","E2004720B000000000003B","W20-W-000059",12.90781600,77.62870400
4492,"7200000060","Zone B - Division 20 - Ward 20 - Block 1","Individual HHs","2-10","3rd Floor","Tenant","Nandini Sharma","8200000060","6",NULL,"2026-08-11 06:41:14.938","2026-08-11 06:41:14.938","E2004720A000000000003C","W20-D-000060","E2004720B000000000003C","W20-W-000060",12.90781800,77.62885400
4493,"7200000061","Zone B - Division 20 - Ward 20 - Block 1","Individual HHs","2-11","Ground floor","Owner","Sanjay Sharma","8200000061","1",NULL,"2026-08-11 06:41:14.938","2026-08-11 06:41:14.938","E2004720A000000000003D","W20-D-000061","E2004720B000000000003D","W20-W-000061",12.90782000,77.62900400
4494,"7200000062","Zone B - Division 20 - Ward 20 - Block 1","Individual HHs","2-12","1st Floor","Tenant","Manoj Sharma","8200000062","2",NULL,"2026-08-11 06:41:14.938","2026-08-11 06:41:14.938","E2004720A000000000003E","W20-D-000062","E2004720B000000000003E","W20-W-000062",12.90782200,77.62915400
4495,"7200000063","Zone B - Division 20 - Ward 20 - Block 1","Individual HHs","2-13","2nd Floor","Owner","Suresh Sharma","8200000063","3",NULL,"2026-08-11 06:41:14.938","2026-08-11 06:41:14.938","E2004720A000000000003F","W20-D-000063","E2004720B000000000003F","W20-W-000063",12.90782400,77.62930400
4496,"7200000064","Zone B - Division 20 - Ward 20 - Block 1","Individual HHs","2-14","3rd Floor","Tenant","Mahesh Sharma","8200000064","4",NULL,"2026-08-11 06:41:14.938","2026-08-11 06:41:14.938","E2004720A0000000000040","W20-D-000064","E2004720B0000000000040","W20-W-000064",12.90782600,77.62945400
4497,"7200000065","Zone B - Division 20 - Ward 20 - Block 1","Individual HHs","2-15","Ground floor","Owner","Prakash Sharma","8200000065","5",NULL,"2026-08-11 06:41:14.938","2026-08-11 06:41:14.938","E2004720A0000000000041","W20-D-000065","E2004720B0000000000041","W20-W-000065",12.90782800,77.62960400
4498,"7200000066","Zone B - Division 20 - Ward 20 - Block 1","Individual HHs","2-16","1st Floor","Tenant","Ramesh Sharma","8200000066","6",NULL,"2026-08-11 06:41:14.938","2026-08-11 06:41:14.938","E2004720A0000000000042","W20-D-000066","E2004720B0000000000042","W20-W-000066",12.90783000,77.62975400
4499,"7200000067","Zone B - Division 20 - Ward 20 - Block 1","Individual HHs","2-17","2nd Floor","Owner","Ganesh Sharma","8200000067","1",NULL,"2026-08-11 06:41:14.938","2026-08-11 06:41:14.938","E2004720A0000000000043","W20-D-000067","E2004720B0000000000043","W20-W-000067",12.90783200,77.62990400
4500,"7200000068","Zone B - Division 20 - Ward 20 - Block 1","Individual HHs","2-18","3rd Floor","Tenant","Dinesh Sharma","8200000068","2",NULL,"2026-08-11 06:41:14.938","2026-08-11 06:41:14.938","E2004720A0000000000044","W20-D-000068","E2004720B0000000000044","W20-W-000068",12.90783400,77.63005400
4501,"7200000069","Zone B - Division 20 - Ward 20 - Block 1","Individual HHs","2-19","Ground floor","Owner","Nikhil Sharma","8200000069","3",NULL,"2026-08-11 06:41:14.938","2026-08-11 06:41:14.938","E2004720A0000000000045","W20-D-000069","E2004720B0000000000045","W20-W-000069",12.90783600,77.63020400
4502,"7200000070","Zone B - Division 20 - Ward 20 - Block 1","Individual HHs","2-20","1st Floor","Tenant","Varun Sharma","8200000070","4",NULL,"2026-08-11 06:41:14.938","2026-08-11 06:41:14.938","E2004720A0000000000046","W20-D-000070","E2004720B0000000000046","W20-W-000070",12.90783800,77.63035400
4503,"7200000071","Zone B - Division 20 - Ward 20 - Block 1","Individual HHs","2-21","2nd Floor","Owner","Priya Sharma","8200000071","5",NULL,"2026-08-11 06:41:14.938","2026-08-11 06:41:14.938","E2004720A0000000000047","W20-D-000071","E2004720B0000000000047","W20-W-000071",12.90784000,77.63050400
4504,"7200000072","Zone B - Division 20 - Ward 20 - Block 1","Individual HHs","2-22","3rd Floor","Tenant","Divya Sharma","8200000072","6",NULL,"2026-08-11 06:41:14.938","2026-08-11 06:41:14.938","E2004720A0000000000048","W20-D-000072","E2004720B0000000000048","W20-W-000072",12.90784200,77.63065400
4505,"7200000073","Zone B - Division 20 - Ward 20 - Block 1","Individual HHs","2-23","Ground floor","Owner","Swathi Sharma","8200000073","1",NULL,"2026-08-11 06:41:14.938","2026-08-11 06:41:14.938","E2004720A0000000000049","W20-D-000073","E2004720B0000000000049","W20-W-000073",12.90784400,77.63080400
4506,"7200000074","Zone B - Division 20 - Ward 20 - Block 1","Individual HHs","2-24","1st Floor","Tenant","Shreya Sharma","8200000074","2",NULL,"2026-08-11 06:41:14.938","2026-08-11 06:41:14.938","E2004720A000000000004A","W20-D-000074","E2004720B000000000004A","W20-W-000074",12.90784600,77.63095400
4507,"7200000075","Zone B - Division 20 - Ward 20 - Block 1","Individual HHs","2-25","2nd Floor","Owner","Keerthi Sharma","8200000075","3",NULL,"2026-08-11 06:41:14.938","2026-08-11 06:41:14.938","E2004720A000000000004B","W20-D-000075","E2004720B000000000004B","W20-W-000075",12.90784800,77.63110400
4508,"7200000076","Zone B - Division 20 - Ward 20 - Block 1","Individual HHs","2-26","3rd Floor","Tenant","Lakshmi Sharma","8200000076","4",NULL,"2026-08-11 06:41:14.938","2026-08-11 06:41:14.938","E2004720A000000000004C","W20-D-000076","E2004720B000000000004C","W20-W-000076",12.90795000,77.62750600
4509,"7200000077","Zone B - Division 20 - Ward 20 - Block 1","Individual HHs","2-27","Ground floor","Owner","Deepa Sharma","8200000077","5",NULL,"2026-08-11 06:41:14.938","2026-08-11 06:41:14.938","E2004720A000000000004D","W20-D-000077","E2004720B000000000004D","W20-W-000077",12.90795200,77.62765600
4510,"7200000078","Zone B - Division 20 - Ward 20 - Block 1","Individual HHs","2-28","1st Floor","Tenant","Asha Sharma","8200000078","6",NULL,"2026-08-11 06:41:14.938","2026-08-11 06:41:14.938","E2004720A000000000004E","W20-D-000078","E2004720B000000000004E","W20-W-000078",12.90795400,77.62780600
4511,"7200000079","Zone B - Division 20 - Ward 20 - Block 1","Individual HHs","2-29","2nd Floor","Owner","Pallavi Sharma","8200000079","1",NULL,"2026-08-11 06:41:14.938","2026-08-11 06:41:14.938","E2004720A000000000004F","W20-D-000079","E2004720B000000000004F","W20-W-000079",12.90795600,77.62795600
4512,"7200000080","Zone B - Division 20 - Ward 20 - Block 1","Individual HHs","2-30","3rd Floor","Tenant","Bhavana Sharma","8200000080","2",NULL,"2026-08-11 06:41:14.938","2026-08-11 06:41:14.938","E2004720A0000000000050","W20-D-000080","E2004720B0000000000050","W20-W-000080",12.90795800,77.62810600
4513,"7200000081","Zone B - Division 20 - Ward 20 - Block 1","Individual HHs","2-31","Ground floor","Owner","Aarav Reddy","8200000081","3",NULL,"2026-08-11 06:41:14.938","2026-08-11 06:41:14.938","E2004720A0000000000051","W20-D-000081","E2004720B0000000000051","W20-W-000081",12.90796000,77.62825600
4514,"7200000082","Zone B - Division 20 - Ward 20 - Block 1","Individual HHs","2-32","1st Floor","Tenant","Vihaan Reddy","8200000082","4",NULL,"2026-08-11 06:41:14.938","2026-08-11 06:41:14.938","E2004720A0000000000052","W20-D-000082","E2004720B0000000000052","W20-W-000082",12.90796200,77.62840600
4515,"7200000083","Zone B - Division 20 - Ward 20 - Block 1","Individual HHs","2-33","2nd Floor","Owner","Aditya Reddy","8200000083","5",NULL,"2026-08-11 06:41:14.938","2026-08-11 06:41:14.938","E2004720A0000000000053","W20-D-000083","E2004720B0000000000053","W20-W-000083",12.90796400,77.62855600
4516,"7200000084","Zone B - Division 20 - Ward 20 - Block 1","Individual HHs","2-34","3rd Floor","Tenant","Arjun Reddy","8200000084","6",NULL,"2026-08-11 06:41:14.938","2026-08-11 06:41:14.938","E2004720A0000000000054","W20-D-000084","E2004720B0000000000054","W20-W-000084",12.90796600,77.62870600
4517,"7200000085","Zone B - Division 20 - Ward 20 - Block 1","Individual HHs","2-35","Ground floor","Owner","Rohan Reddy","8200000085","1",NULL,"2026-08-11 06:41:14.938","2026-08-11 06:41:14.938","E2004720A0000000000055","W20-D-000085","E2004720B0000000000055","W20-W-000085",12.90796800,77.62885600
4518,"7200000086","Zone B - Division 20 - Ward 20 - Block 1","Individual HHs","2-36","1st Floor","Tenant","Rahul Reddy","8200000086","2",NULL,"2026-08-11 06:41:14.938","2026-08-11 06:41:14.938","E2004720A0000000000056","W20-D-000086","E2004720B0000000000056","W20-W-000086",12.90797000,77.62900600
4519,"7200000087","Zone B - Division 20 - Ward 20 - Block 1","Individual HHs","2-37","2nd Floor","Owner","Karthik Reddy","8200000087","3",NULL,"2026-08-11 06:41:14.938","2026-08-11 06:41:14.938","E2004720A0000000000057","W20-D-000087","E2004720B0000000000057","W20-W-000087",12.90797200,77.62915600
4520,"7200000088","Zone B - Division 20 - Ward 20 - Block 1","Individual HHs","2-38","3rd Floor","Tenant","Vikram Reddy","8200000088","4",NULL,"2026-08-11 06:41:14.938","2026-08-11 06:41:14.938","E2004720A0000000000058","W20-D-000088","E2004720B0000000000058","W20-W-000088",12.90797400,77.62930600
4521,"7200000089","Zone B - Division 20 - Ward 20 - Block 1","Individual HHs","2-39","Ground floor","Owner","Akash Reddy","8200000089","5",NULL,"2026-08-11 06:41:14.938","2026-08-11 06:41:14.938","E2004720A0000000000059","W20-D-000089","E2004720B0000000000059","W20-W-000089",12.90797600,77.62945600
4522,"7200000090","Zone B - Division 20 - Ward 20 - Block 1","Individual HHs","2-40","1st Floor","Tenant","Siddharth Reddy","8200000090","6",NULL,"2026-08-11 06:41:14.938","2026-08-11 06:41:14.938","E2004720A000000000005A","W20-D-000090","E2004720B000000000005A","W20-W-000090",12.90797800,77.62960600
4523,"7200000091","Zone B - Division 20 - Ward 20 - Block 1","Individual HHs","2-41","2nd Floor","Owner","Ananya Reddy","8200000091","1",NULL,"2026-08-11 06:41:14.938","2026-08-11 06:41:14.938","E2004720A000000000005B","W20-D-000091","E2004720B000000000005B","W20-W-000091",12.90798000,77.62975600
4524,"7200000092","Zone B - Division 20 - Ward 20 - Block 1","Individual HHs","2-42","3rd Floor","Tenant","Aadhya Reddy","8200000092","2",NULL,"2026-08-11 06:41:14.938","2026-08-11 06:41:14.938","E2004720A000000000005C","W20-D-000092","E2004720B000000000005C","W20-W-000092",12.90798200,77.62990600
4525,"7200000093","Zone B - Division 20 - Ward 20 - Block 1","Individual HHs","2-43","Ground floor","Owner","Diya Reddy","8200000093","3",NULL,"2026-08-11 06:41:14.938","2026-08-11 06:41:14.938","E2004720A000000000005D","W20-D-000093","E2004720B000000000005D","W20-W-000093",12.90798400,77.63005600
4526,"7200000094","Zone B - Division 20 - Ward 20 - Block 1","Individual HHs","2-44","1st Floor","Tenant","Ishita Reddy","8200000094","4",NULL,"2026-08-11 06:41:14.938","2026-08-11 06:41:14.938","E2004720A000000000005E","W20-D-000094","E2004720B000000000005E","W20-W-000094",12.90798600,77.63020600
4527,"7200000095","Zone B - Division 20 - Ward 20 - Block 1","Individual HHs","2-45","2nd Floor","Owner","Kavya Reddy","8200000095","5",NULL,"2026-08-11 06:41:14.938","2026-08-11 06:41:14.938","E2004720A000000000005F","W20-D-000095","E2004720B000000000005F","W20-W-000095",12.90798800,77.63035600
4528,"7200000096","Zone B - Division 20 - Ward 20 - Block 1","Individual HHs","2-46","3rd Floor","Tenant","Meera Reddy","8200000096","6",NULL,"2026-08-11 06:41:14.938","2026-08-11 06:41:14.938","E2004720A0000000000060","W20-D-000096","E2004720B0000000000060","W20-W-000096",12.90799000,77.63050600
4529,"7200000097","Zone B - Division 20 - Ward 20 - Block 1","Individual HHs","2-47","Ground floor","Owner","Sneha Reddy","8200000097","1",NULL,"2026-08-11 06:41:14.938","2026-08-11 06:41:14.938","E2004720A0000000000061","W20-D-000097","E2004720B0000000000061","W20-W-000097",12.90799200,77.63065600
4530,"7200000098","Zone B - Division 20 - Ward 20 - Block 1","Individual HHs","2-48","1st Floor","Tenant","Pooja Reddy","8200000098","2",NULL,"2026-08-11 06:41:14.938","2026-08-11 06:41:14.938","E2004720A0000000000062","W20-D-000098","E2004720B0000000000062","W20-W-000098",12.90799400,77.63080600
4531,"7200000099","Zone B - Division 20 - Ward 20 - Block 1","Individual HHs","2-49","2nd Floor","Owner","Riya Reddy","8200000099","3",NULL,"2026-08-11 06:41:14.938","2026-08-11 06:41:14.938","E2004720A0000000000063","W20-D-000099","E2004720B0000000000063","W20-W-000099",12.90799600,77.63095600
4532,"7200000100","Zone B - Division 20 - Ward 20 - Block 1","Individual HHs","2-50","3rd Floor","Tenant","Nandini Reddy","8200000100","4",NULL,"2026-08-11 06:41:14.938","2026-08-11 06:41:14.938","E2004720A0000000000064","W20-D-000100","E2004720B0000000000064","W20-W-000100",12.90799800,77.63110600
4533,"7200000101","Zone B - Division 20 - Ward 20 - Block 2","Individual HHs","3-01","Ground floor","Owner","Sanjay Reddy","8200000101","5",NULL,"2026-08-11 06:41:14.938","2026-08-11 06:41:14.938","E2004720A0000000000065","W20-D-000101","E2004720B0000000000065","W20-W-000101",12.90810000,77.62750800
4534,"7200000102","Zone B - Division 20 - Ward 20 - Block 2","Individual HHs","3-02","1st Floor","Tenant","Manoj Reddy","8200000102","6",NULL,"2026-08-11 06:41:14.938","2026-08-11 06:41:14.938","E2004720A0000000000066","W20-D-000102","E2004720B0000000000066","W20-W-000102",12.90810200,77.62765800
4535,"7200000103","Zone B - Division 20 - Ward 20 - Block 2","Individual HHs","3-03","2nd Floor","Owner","Suresh Reddy","8200000103","1",NULL,"2026-08-11 06:41:14.938","2026-08-11 06:41:14.938","E2004720A0000000000067","W20-D-000103","E2004720B0000000000067","W20-W-000103",12.90810400,77.62780800
4536,"7200000104","Zone B - Division 20 - Ward 20 - Block 2","Individual HHs","3-04","3rd Floor","Tenant","Mahesh Reddy","8200000104","2",NULL,"2026-08-11 06:41:14.938","2026-08-11 06:41:14.938","E2004720A0000000000068","W20-D-000104","E2004720B0000000000068","W20-W-000104",12.90810600,77.62795800
4537,"7200000105","Zone B - Division 20 - Ward 20 - Block 2","Individual HHs","3-05","Ground floor","Owner","Prakash Reddy","8200000105","3",NULL,"2026-08-11 06:41:14.938","2026-08-11 06:41:14.938","E2004720A0000000000069","W20-D-000105","E2004720B0000000000069","W20-W-000105",12.90810800,77.62810800
4538,"7200000106","Zone B - Division 20 - Ward 20 - Block 2","Individual HHs","3-06","1st Floor","Tenant","Ramesh Reddy","8200000106","4",NULL,"2026-08-11 06:41:14.938","2026-08-11 06:41:14.938","E2004720A000000000006A","W20-D-000106","E2004720B000000000006A","W20-W-000106",12.90811000,77.62825800
4539,"7200000107","Zone B - Division 20 - Ward 20 - Block 2","Individual HHs","3-07","2nd Floor","Owner","Ganesh Reddy","8200000107","5",NULL,"2026-08-11 06:41:14.938","2026-08-11 06:41:14.938","E2004720A000000000006B","W20-D-000107","E2004720B000000000006B","W20-W-000107",12.90811200,77.62840800
4540,"7200000108","Zone B - Division 20 - Ward 20 - Block 2","Individual HHs","3-08","3rd Floor","Tenant","Dinesh Reddy","8200000108","6",NULL,"2026-08-11 06:41:14.938","2026-08-11 06:41:14.938","E2004720A000000000006C","W20-D-000108","E2004720B000000000006C","W20-W-000108",12.90811400,77.62855800
4541,"7200000109","Zone B - Division 20 - Ward 20 - Block 2","Individual HHs","3-09","Ground floor","Owner","Nikhil Reddy","8200000109","1",NULL,"2026-08-11 06:41:14.938","2026-08-11 06:41:14.938","E2004720A000000000006D","W20-D-000109","E2004720B000000000006D","W20-W-000109",12.90811600,77.62870800
4542,"7200000110","Zone B - Division 20 - Ward 20 - Block 2","Individual HHs","3-10","1st Floor","Tenant","Varun Reddy","8200000110","2",NULL,"2026-08-11 06:41:14.938","2026-08-11 06:41:14.938","E2004720A000000000006E","W20-D-000110","E2004720B000000000006E","W20-W-000110",12.90811800,77.62885800
4543,"7200000111","Zone B - Division 20 - Ward 20 - Block 2","Individual HHs","3-11","2nd Floor","Owner","Priya Reddy","8200000111","3",NULL,"2026-08-11 06:41:14.938","2026-08-11 06:41:14.938","E2004720A000000000006F","W20-D-000111","E2004720B000000000006F","W20-W-000111",12.90812000,77.62900800
4544,"7200000112","Zone B - Division 20 - Ward 20 - Block 2","Individual HHs","3-12","3rd Floor","Tenant","Divya Reddy","8200000112","4",NULL,"2026-08-11 06:41:14.938","2026-08-11 06:41:14.938","E2004720A0000000000070","W20-D-000112","E2004720B0000000000070","W20-W-000112",12.90812200,77.62915800
4545,"7200000113","Zone B - Division 20 - Ward 20 - Block 2","Individual HHs","3-13","Ground floor","Owner","Swathi Reddy","8200000113","5",NULL,"2026-08-11 06:41:14.938","2026-08-11 06:41:14.938","E2004720A0000000000071","W20-D-000113","E2004720B0000000000071","W20-W-000113",12.90812400,77.62930800
4546,"7200000114","Zone B - Division 20 - Ward 20 - Block 2","Individual HHs","3-14","1st Floor","Tenant","Shreya Reddy","8200000114","6",NULL,"2026-08-11 06:41:14.938","2026-08-11 06:41:14.938","E2004720A0000000000072","W20-D-000114","E2004720B0000000000072","W20-W-000114",12.90812600,77.62945800
4547,"7200000115","Zone B - Division 20 - Ward 20 - Block 2","Individual HHs","3-15","2nd Floor","Owner","Keerthi Reddy","8200000115","1",NULL,"2026-08-11 06:41:14.938","2026-08-11 06:41:14.938","E2004720A0000000000073","W20-D-000115","E2004720B0000000000073","W20-W-000115",12.90812800,77.62960800
4548,"7200000116","Zone B - Division 20 - Ward 20 - Block 2","Individual HHs","3-16","3rd Floor","Tenant","Lakshmi Reddy","8200000116","2",NULL,"2026-08-11 06:41:14.938","2026-08-11 06:41:14.938","E2004720A0000000000074","W20-D-000116","E2004720B0000000000074","W20-W-000116",12.90813000,77.62975800
4549,"7200000117","Zone B - Division 20 - Ward 20 - Block 2","Individual HHs","3-17","Ground floor","Owner","Deepa Reddy","8200000117","3",NULL,"2026-08-11 06:41:14.938","2026-08-11 06:41:14.938","E2004720A0000000000075","W20-D-000117","E2004720B0000000000075","W20-W-000117",12.90813200,77.62990800
4550,"7200000118","Zone B - Division 20 - Ward 20 - Block 2","Individual HHs","3-18","1st Floor","Tenant","Asha Reddy","8200000118","4",NULL,"2026-08-11 06:41:14.938","2026-08-11 06:41:14.938","E2004720A0000000000076","W20-D-000118","E2004720B0000000000076","W20-W-000118",12.90813400,77.63005800
4551,"7200000119","Zone B - Division 20 - Ward 20 - Block 2","Individual HHs","3-19","2nd Floor","Owner","Pallavi Reddy","8200000119","5",NULL,"2026-08-11 06:41:14.938","2026-08-11 06:41:14.938","E2004720A0000000000077","W20-D-000119","E2004720B0000000000077","W20-W-000119",12.90813600,77.63020800
4552,"7200000120","Zone B - Division 20 - Ward 20 - Block 2","Individual HHs","3-20","3rd Floor","Tenant","Bhavana Reddy","8200000120","6",NULL,"2026-08-11 06:41:14.938","2026-08-11 06:41:14.938","E2004720A0000000000078","W20-D-000120","E2004720B0000000000078","W20-W-000120",12.90813800,77.63035800
4553,"7200000121","Zone B - Division 20 - Ward 20 - Block 2","Individual HHs","3-21","Ground floor","Owner","Aarav Shetty","8200000121","1",NULL,"2026-08-11 06:41:14.938","2026-08-11 06:41:14.938","E2004720A0000000000079","W20-D-000121","E2004720B0000000000079","W20-W-000121",12.90814000,77.63050800
4554,"7200000122","Zone B - Division 20 - Ward 20 - Block 2","Individual HHs","3-22","1st Floor","Tenant","Vihaan Shetty","8200000122","2",NULL,"2026-08-11 06:41:14.938","2026-08-11 06:41:14.938","E2004720A000000000007A","W20-D-000122","E2004720B000000000007A","W20-W-000122",12.90814200,77.63065800
4555,"7200000123","Zone B - Division 20 - Ward 20 - Block 2","Individual HHs","3-23","2nd Floor","Owner","Aditya Shetty","8200000123","3",NULL,"2026-08-11 06:41:14.938","2026-08-11 06:41:14.938","E2004720A000000000007B","W20-D-000123","E2004720B000000000007B","W20-W-000123",12.90814400,77.63080800
4556,"7200000124","Zone B - Division 20 - Ward 20 - Block 2","Individual HHs","3-24","3rd Floor","Tenant","Arjun Shetty","8200000124","4",NULL,"2026-08-11 06:41:14.938","2026-08-11 06:41:14.938","E2004720A000000000007C","W20-D-000124","E2004720B000000000007C","W20-W-000124",12.90814600,77.63095800
4557,"7200000125","Zone B - Division 20 - Ward 20 - Block 2","Individual HHs","3-25","Ground floor","Owner","Rohan Shetty","8200000125","5",NULL,"2026-08-11 06:41:14.938","2026-08-11 06:41:14.938","E2004720A000000000007D","W20-D-000125","E2004720B000000000007D","W20-W-000125",12.90814800,77.63110800
4558,"7200000126","Zone B - Division 20 - Ward 20 - Block 2","Individual HHs","3-26","1st Floor","Tenant","Rahul Shetty","8200000126","6",NULL,"2026-08-11 06:41:14.938","2026-08-11 06:41:14.938","E2004720A000000000007E","W20-D-000126","E2004720B000000000007E","W20-W-000126",12.90825000,77.62751000
4559,"7200000127","Zone B - Division 20 - Ward 20 - Block 2","Individual HHs","3-27","2nd Floor","Owner","Karthik Shetty","8200000127","1",NULL,"2026-08-11 06:41:14.938","2026-08-11 06:41:14.938","E2004720A000000000007F","W20-D-000127","E2004720B000000000007F","W20-W-000127",12.90825200,77.62766000
4560,"7200000128","Zone B - Division 20 - Ward 20 - Block 2","Individual HHs","3-28","3rd Floor","Tenant","Vikram Shetty","8200000128","2",NULL,"2026-08-11 06:41:14.938","2026-08-11 06:41:14.938","E2004720A0000000000080","W20-D-000128","E2004720B0000000000080","W20-W-000128",12.90825400,77.62781000
4561,"7200000129","Zone B - Division 20 - Ward 20 - Block 2","Individual HHs","3-29","Ground floor","Owner","Akash Shetty","8200000129","3",NULL,"2026-08-11 06:41:14.938","2026-08-11 06:41:14.938","E2004720A0000000000081","W20-D-000129","E2004720B0000000000081","W20-W-000129",12.90825600,77.62796000
4562,"7200000130","Zone B - Division 20 - Ward 20 - Block 2","Individual HHs","3-30","1st Floor","Tenant","Siddharth Shetty","8200000130","4",NULL,"2026-08-11 06:41:14.938","2026-08-11 06:41:14.938","E2004720A0000000000082","W20-D-000130","E2004720B0000000000082","W20-W-000130",12.90825800,77.62811000
4563,"7200000131","Zone B - Division 20 - Ward 20 - Block 2","Individual HHs","3-31","2nd Floor","Owner","Ananya Shetty","8200000131","5",NULL,"2026-08-11 06:41:14.938","2026-08-11 06:41:14.938","E2004720A0000000000083","W20-D-000131","E2004720B0000000000083","W20-W-000131",12.90826000,77.62826000
4564,"7200000132","Zone B - Division 20 - Ward 20 - Block 2","Individual HHs","3-32","3rd Floor","Tenant","Aadhya Shetty","8200000132","6",NULL,"2026-08-11 06:41:14.938","2026-08-11 06:41:14.938","E2004720A0000000000084","W20-D-000132","E2004720B0000000000084","W20-W-000132",12.90826200,77.62841000
4565,"7200000133","Zone B - Division 20 - Ward 20 - Block 2","Individual HHs","3-33","Ground floor","Owner","Diya Shetty","8200000133","1",NULL,"2026-08-11 06:41:14.938","2026-08-11 06:41:14.938","E2004720A0000000000085","W20-D-000133","E2004720B0000000000085","W20-W-000133",12.90826400,77.62856000
4566,"7200000134","Zone B - Division 20 - Ward 20 - Block 2","Individual HHs","3-34","1st Floor","Tenant","Ishita Shetty","8200000134","2",NULL,"2026-08-11 06:41:14.938","2026-08-11 06:41:14.938","E2004720A0000000000086","W20-D-000134","E2004720B0000000000086","W20-W-000134",12.90826600,77.62871000
4567,"7200000135","Zone B - Division 20 - Ward 20 - Block 2","Individual HHs","3-35","2nd Floor","Owner","Kavya Shetty","8200000135","3",NULL,"2026-08-11 06:41:14.938","2026-08-11 06:41:14.938","E2004720A0000000000087","W20-D-000135","E2004720B0000000000087","W20-W-000135",12.90826800,77.62886000
4568,"7200000136","Zone B - Division 20 - Ward 20 - Block 2","Individual HHs","3-36","3rd Floor","Tenant","Meera Shetty","8200000136","4",NULL,"2026-08-11 06:41:14.938","2026-08-11 06:41:14.938","E2004720A0000000000088","W20-D-000136","E2004720B0000000000088","W20-W-000136",12.90827000,77.62901000
4569,"7200000137","Zone B - Division 20 - Ward 20 - Block 2","Individual HHs","3-37","Ground floor","Owner","Sneha Shetty","8200000137","5",NULL,"2026-08-11 06:41:14.938","2026-08-11 06:41:14.938","E2004720A0000000000089","W20-D-000137","E2004720B0000000000089","W20-W-000137",12.90827200,77.62916000
4570,"7200000138","Zone B - Division 20 - Ward 20 - Block 2","Individual HHs","3-38","1st Floor","Tenant","Pooja Shetty","8200000138","6",NULL,"2026-08-11 06:41:14.938","2026-08-11 06:41:14.938","E2004720A000000000008A","W20-D-000138","E2004720B000000000008A","W20-W-000138",12.90827400,77.62931000
4571,"7200000139","Zone B - Division 20 - Ward 20 - Block 2","Individual HHs","3-39","2nd Floor","Owner","Riya Shetty","8200000139","1",NULL,"2026-08-11 06:41:14.938","2026-08-11 06:41:14.938","E2004720A000000000008B","W20-D-000139","E2004720B000000000008B","W20-W-000139",12.90827600,77.62946000
4572,"7200000140","Zone B - Division 20 - Ward 20 - Block 2","Individual HHs","3-40","3rd Floor","Tenant","Nandini Shetty","8200000140","2",NULL,"2026-08-11 06:41:14.938","2026-08-11 06:41:14.938","E2004720A000000000008C","W20-D-000140","E2004720B000000000008C","W20-W-000140",12.90827800,77.62961000
4573,"7200000141","Zone B - Division 20 - Ward 20 - Block 2","Individual HHs","3-41","Ground floor","Owner","Sanjay Shetty","8200000141","3",NULL,"2026-08-11 06:41:14.938","2026-08-11 06:41:14.938","E2004720A000000000008D","W20-D-000141","E2004720B000000000008D","W20-W-000141",12.90828000,77.62976000
4574,"7200000142","Zone B - Division 20 - Ward 20 - Block 2","Individual HHs","3-42","1st Floor","Tenant","Manoj Shetty","8200000142","4",NULL,"2026-08-11 06:41:14.938","2026-08-11 06:41:14.938","E2004720A000000000008E","W20-D-000142","E2004720B000000000008E","W20-W-000142",12.90828200,77.62991000
4575,"7200000143","Zone B - Division 20 - Ward 20 - Block 2","Individual HHs","3-43","2nd Floor","Owner","Suresh Shetty","8200000143","5",NULL,"2026-08-11 06:41:14.938","2026-08-11 06:41:14.938","E2004720A000000000008F","W20-D-000143","E2004720B000000000008F","W20-W-000143",12.90828400,77.63006000
4576,"7200000144","Zone B - Division 20 - Ward 20 - Block 2","Individual HHs","3-44","3rd Floor","Tenant","Mahesh Shetty","8200000144","6",NULL,"2026-08-11 06:41:14.938","2026-08-11 06:41:14.938","E2004720A0000000000090","W20-D-000144","E2004720B0000000000090","W20-W-000144",12.90828600,77.63021000
4577,"7200000145","Zone B - Division 20 - Ward 20 - Block 2","Individual HHs","3-45","Ground floor","Owner","Prakash Shetty","8200000145","1",NULL,"2026-08-11 06:41:14.938","2026-08-11 06:41:14.938","E2004720A0000000000091","W20-D-000145","E2004720B0000000000091","W20-W-000145",12.90828800,77.63036000
4578,"7200000146","Zone B - Division 20 - Ward 20 - Block 2","Individual HHs","3-46","1st Floor","Tenant","Ramesh Shetty","8200000146","2",NULL,"2026-08-11 06:41:14.938","2026-08-11 06:41:14.938","E2004720A0000000000092","W20-D-000146","E2004720B0000000000092","W20-W-000146",12.90829000,77.63051000
4579,"7200000147","Zone B - Division 20 - Ward 20 - Block 2","Individual HHs","3-47","2nd Floor","Owner","Ganesh Shetty","8200000147","3",NULL,"2026-08-11 06:41:14.938","2026-08-11 06:41:14.938","E2004720A0000000000093","W20-D-000147","E2004720B0000000000093","W20-W-000147",12.90829200,77.63066000
4580,"7200000148","Zone B - Division 20 - Ward 20 - Block 2","Individual HHs","3-48","3rd Floor","Tenant","Dinesh Shetty","8200000148","4",NULL,"2026-08-11 06:41:14.938","2026-08-11 06:41:14.938","E2004720A0000000000094","W20-D-000148","E2004720B0000000000094","W20-W-000148",12.90829400,77.63081000
4581,"7200000149","Zone B - Division 20 - Ward 20 - Block 2","Individual HHs","3-49","Ground floor","Owner","Nikhil Shetty","8200000149","5",NULL,"2026-08-11 06:41:14.938","2026-08-11 06:41:14.938","E2004720A0000000000095","W20-D-000149","E2004720B0000000000095","W20-W-000149",12.90829600,77.63096000
4582,"7200000150","Zone B - Division 20 - Ward 20 - Block 2","Individual HHs","3-50","1st Floor","Tenant","Varun Shetty","8200000150","6",NULL,"2026-08-11 06:41:14.938","2026-08-11 06:41:14.938","E2004720A0000000000096","W20-D-000150","E2004720B0000000000096","W20-W-000150",12.90829800,77.63111000
4583,"7200000151","Zone B - Division 20 - Ward 20 - Block 2","Individual HHs","4-01","2nd Floor","Owner","Priya Shetty","8200000151","1",NULL,"2026-08-11 06:41:14.938","2026-08-11 06:41:14.938","E2004720A0000000000097","W20-D-000151","E2004720B0000000000097","W20-W-000151",12.90840000,77.62751200
4584,"7200000152","Zone B - Division 20 - Ward 20 - Block 2","Individual HHs","4-02","3rd Floor","Tenant","Divya Shetty","8200000152","2",NULL,"2026-08-11 06:41:14.938","2026-08-11 06:41:14.938","E2004720A0000000000098","W20-D-000152","E2004720B0000000000098","W20-W-000152",12.90840200,77.62766200
4585,"7200000153","Zone B - Division 20 - Ward 20 - Block 2","Individual HHs","4-03","Ground floor","Owner","Swathi Shetty","8200000153","3",NULL,"2026-08-11 06:41:14.938","2026-08-11 06:41:14.938","E2004720A0000000000099","W20-D-000153","E2004720B0000000000099","W20-W-000153",12.90840400,77.62781200
4586,"7200000154","Zone B - Division 20 - Ward 20 - Block 2","Individual HHs","4-04","1st Floor","Tenant","Shreya Shetty","8200000154","4",NULL,"2026-08-11 06:41:14.938","2026-08-11 06:41:14.938","E2004720A000000000009A","W20-D-000154","E2004720B000000000009A","W20-W-000154",12.90840600,77.62796200
4587,"7200000155","Zone B - Division 20 - Ward 20 - Block 2","Individual HHs","4-05","2nd Floor","Owner","Keerthi Shetty","8200000155","5",NULL,"2026-08-11 06:41:14.938","2026-08-11 06:41:14.938","E2004720A000000000009B","W20-D-000155","E2004720B000000000009B","W20-W-000155",12.90840800,77.62811200
4588,"7200000156","Zone B - Division 20 - Ward 20 - Block 2","Individual HHs","4-06","3rd Floor","Tenant","Lakshmi Shetty","8200000156","6",NULL,"2026-08-11 06:41:14.938","2026-08-11 06:41:14.938","E2004720A000000000009C","W20-D-000156","E2004720B000000000009C","W20-W-000156",12.90841000,77.62826200
4589,"7200000157","Zone B - Division 20 - Ward 20 - Block 2","Individual HHs","4-07","Ground floor","Owner","Deepa Shetty","8200000157","1",NULL,"2026-08-11 06:41:14.938","2026-08-11 06:41:14.938","E2004720A000000000009D","W20-D-000157","E2004720B000000000009D","W20-W-000157",12.90841200,77.62841200
4590,"7200000158","Zone B - Division 20 - Ward 20 - Block 2","Individual HHs","4-08","1st Floor","Tenant","Asha Shetty","8200000158","2",NULL,"2026-08-11 06:41:14.938","2026-08-11 06:41:14.938","E2004720A000000000009E","W20-D-000158","E2004720B000000000009E","W20-W-000158",12.90841400,77.62856200
4591,"7200000159","Zone B - Division 20 - Ward 20 - Block 2","Individual HHs","4-09","2nd Floor","Owner","Pallavi Shetty","8200000159","3",NULL,"2026-08-11 06:41:14.938","2026-08-11 06:41:14.938","E2004720A000000000009F","W20-D-000159","E2004720B000000000009F","W20-W-000159",12.90841600,77.62871200
4592,"7200000160","Zone B - Division 20 - Ward 20 - Block 2","Individual HHs","4-10","3rd Floor","Tenant","Bhavana Shetty","8200000160","4",NULL,"2026-08-11 06:41:14.938","2026-08-11 06:41:14.938","E2004720A00000000000A0","W20-D-000160","E2004720B00000000000A0","W20-W-000160",12.90841800,77.62886200
4593,"7200000161","Zone B - Division 20 - Ward 20 - Block 2","Individual HHs","4-11","Ground floor","Owner","Aarav Gowda","8200000161","5",NULL,"2026-08-11 06:41:14.938","2026-08-11 06:41:14.938","E2004720A00000000000A1","W20-D-000161","E2004720B00000000000A1","W20-W-000161",12.90842000,77.62901200
4594,"7200000162","Zone B - Division 20 - Ward 20 - Block 2","Individual HHs","4-12","1st Floor","Tenant","Vihaan Gowda","8200000162","6",NULL,"2026-08-11 06:41:14.938","2026-08-11 06:41:14.938","E2004720A00000000000A2","W20-D-000162","E2004720B00000000000A2","W20-W-000162",12.90842200,77.62916200
4595,"7200000163","Zone B - Division 20 - Ward 20 - Block 2","Individual HHs","4-13","2nd Floor","Owner","Aditya Gowda","8200000163","1",NULL,"2026-08-11 06:41:14.938","2026-08-11 06:41:14.938","E2004720A00000000000A3","W20-D-000163","E2004720B00000000000A3","W20-W-000163",12.90842400,77.62931200
4596,"7200000164","Zone B - Division 20 - Ward 20 - Block 2","Individual HHs","4-14","3rd Floor","Tenant","Arjun Gowda","8200000164","2",NULL,"2026-08-11 06:41:14.938","2026-08-11 06:41:14.938","E2004720A00000000000A4","W20-D-000164","E2004720B00000000000A4","W20-W-000164",12.90842600,77.62946200
4597,"7200000165","Zone B - Division 20 - Ward 20 - Block 2","Individual HHs","4-15","Ground floor","Owner","Rohan Gowda","8200000165","3",NULL,"2026-08-11 06:41:14.938","2026-08-11 06:41:14.938","E2004720A00000000000A5","W20-D-000165","E2004720B00000000000A5","W20-W-000165",12.90842800,77.62961200
4598,"7200000166","Zone B - Division 20 - Ward 20 - Block 2","Individual HHs","4-16","1st Floor","Tenant","Rahul Gowda","8200000166","4",NULL,"2026-08-11 06:41:14.938","2026-08-11 06:41:14.938","E2004720A00000000000A6","W20-D-000166","E2004720B00000000000A6","W20-W-000166",12.90843000,77.62976200
4599,"7200000167","Zone B - Division 20 - Ward 20 - Block 2","Individual HHs","4-17","2nd Floor","Owner","Karthik Gowda","8200000167","5",NULL,"2026-08-11 06:41:14.938","2026-08-11 06:41:14.938","E2004720A00000000000A7","W20-D-000167","E2004720B00000000000A7","W20-W-000167",12.90843200,77.62991200
4600,"7200000168","Zone B - Division 20 - Ward 20 - Block 2","Individual HHs","4-18","3rd Floor","Tenant","Vikram Gowda","8200000168","6",NULL,"2026-08-11 06:41:14.938","2026-08-11 06:41:14.938","E2004720A00000000000A8","W20-D-000168","E2004720B00000000000A8","W20-W-000168",12.90843400,77.63006200
4601,"7200000169","Zone B - Division 20 - Ward 20 - Block 2","Individual HHs","4-19","Ground floor","Owner","Akash Gowda","8200000169","1",NULL,"2026-08-11 06:41:14.938","2026-08-11 06:41:14.938","E2004720A00000000000A9","W20-D-000169","E2004720B00000000000A9","W20-W-000169",12.90843600,77.63021200
4602,"7200000170","Zone B - Division 20 - Ward 20 - Block 2","Individual HHs","4-20","1st Floor","Tenant","Siddharth Gowda","8200000170","2",NULL,"2026-08-11 06:41:14.938","2026-08-11 06:41:14.938","E2004720A00000000000AA","W20-D-000170","E2004720B00000000000AA","W20-W-000170",12.90843800,77.63036200
4603,"7200000171","Zone B - Division 20 - Ward 20 - Block 2","Individual HHs","4-21","2nd Floor","Owner","Ananya Gowda","8200000171","3",NULL,"2026-08-11 06:41:14.938","2026-08-11 06:41:14.938","E2004720A00000000000AB","W20-D-000171","E2004720B00000000000AB","W20-W-000171",12.90844000,77.63051200
4604,"7200000172","Zone B - Division 20 - Ward 20 - Block 2","Individual HHs","4-22","3rd Floor","Tenant","Aadhya Gowda","8200000172","4",NULL,"2026-08-11 06:41:14.938","2026-08-11 06:41:14.938","E2004720A00000000000AC","W20-D-000172","E2004720B00000000000AC","W20-W-000172",12.90844200,77.63066200
4605,"7200000173","Zone B - Division 20 - Ward 20 - Block 2","Individual HHs","4-23","Ground floor","Owner","Diya Gowda","8200000173","5",NULL,"2026-08-11 06:41:14.938","2026-08-11 06:41:14.938","E2004720A00000000000AD","W20-D-000173","E2004720B00000000000AD","W20-W-000173",12.90844400,77.63081200
4606,"7200000174","Zone B - Division 20 - Ward 20 - Block 2","Individual HHs","4-24","1st Floor","Tenant","Ishita Gowda","8200000174","6",NULL,"2026-08-11 06:41:14.938","2026-08-11 06:41:14.938","E2004720A00000000000AE","W20-D-000174","E2004720B00000000000AE","W20-W-000174",12.90844600,77.63096200
4607,"7200000175","Zone B - Division 20 - Ward 20 - Block 2","Individual HHs","4-25","2nd Floor","Owner","Kavya Gowda","8200000175","1",NULL,"2026-08-11 06:41:14.938","2026-08-11 06:41:14.938","E2004720A00000000000AF","W20-D-000175","E2004720B00000000000AF","W20-W-000175",12.90844800,77.63111200
4608,"7200000176","Zone B - Division 20 - Ward 20 - Block 2","Individual HHs","4-26","3rd Floor","Tenant","Meera Gowda","8200000176","2",NULL,"2026-08-11 06:41:14.938","2026-08-11 06:41:14.938","E2004720A00000000000B0","W20-D-000176","E2004720B00000000000B0","W20-W-000176",12.90855000,77.62751400
4609,"7200000177","Zone B - Division 20 - Ward 20 - Block 2","Individual HHs","4-27","Ground floor","Owner","Sneha Gowda","8200000177","3",NULL,"2026-08-11 06:41:14.938","2026-08-11 06:41:14.938","E2004720A00000000000B1","W20-D-000177","E2004720B00000000000B1","W20-W-000177",12.90855200,77.62766400
4610,"7200000178","Zone B - Division 20 - Ward 20 - Block 2","Individual HHs","4-28","1st Floor","Tenant","Pooja Gowda","8200000178","4",NULL,"2026-08-11 06:41:14.938","2026-08-11 06:41:14.938","E2004720A00000000000B2","W20-D-000178","E2004720B00000000000B2","W20-W-000178",12.90855400,77.62781400
4611,"7200000179","Zone B - Division 20 - Ward 20 - Block 2","Individual HHs","4-29","2nd Floor","Owner","Riya Gowda","8200000179","5",NULL,"2026-08-11 06:41:14.938","2026-08-11 06:41:14.938","E2004720A00000000000B3","W20-D-000179","E2004720B00000000000B3","W20-W-000179",12.90855600,77.62796400
4612,"7200000180","Zone B - Division 20 - Ward 20 - Block 2","Individual HHs","4-30","3rd Floor","Tenant","Nandini Gowda","8200000180","6",NULL,"2026-08-11 06:41:14.938","2026-08-11 06:41:14.938","E2004720A00000000000B4","W20-D-000180","E2004720B00000000000B4","W20-W-000180",12.90855800,77.62811400
4613,"7200000181","Zone B - Division 20 - Ward 20 - Block 2","Individual HHs","4-31","Ground floor","Owner","Sanjay Gowda","8200000181","1",NULL,"2026-08-11 06:41:14.938","2026-08-11 06:41:14.938","E2004720A00000000000B5","W20-D-000181","E2004720B00000000000B5","W20-W-000181",12.90856000,77.62826400
4614,"7200000182","Zone B - Division 20 - Ward 20 - Block 2","Individual HHs","4-32","1st Floor","Tenant","Manoj Gowda","8200000182","2",NULL,"2026-08-11 06:41:14.938","2026-08-11 06:41:14.938","E2004720A00000000000B6","W20-D-000182","E2004720B00000000000B6","W20-W-000182",12.90856200,77.62841400
4615,"7200000183","Zone B - Division 20 - Ward 20 - Block 2","Individual HHs","4-33","2nd Floor","Owner","Suresh Gowda","8200000183","3",NULL,"2026-08-11 06:41:14.938","2026-08-11 06:41:14.938","E2004720A00000000000B7","W20-D-000183","E2004720B00000000000B7","W20-W-000183",12.90856400,77.62856400
4616,"7200000184","Zone B - Division 20 - Ward 20 - Block 2","Individual HHs","4-34","3rd Floor","Tenant","Mahesh Gowda","8200000184","4",NULL,"2026-08-11 06:41:14.938","2026-08-11 06:41:14.938","E2004720A00000000000B8","W20-D-000184","E2004720B00000000000B8","W20-W-000184",12.90856600,77.62871400
4617,"7200000185","Zone B - Division 20 - Ward 20 - Block 2","Individual HHs","4-35","Ground floor","Owner","Prakash Gowda","8200000185","5",NULL,"2026-08-11 06:41:14.938","2026-08-11 06:41:14.938","E2004720A00000000000B9","W20-D-000185","E2004720B00000000000B9","W20-W-000185",12.90856800,77.62886400
4618,"7200000186","Zone B - Division 20 - Ward 20 - Block 2","Individual HHs","4-36","1st Floor","Tenant","Ramesh Gowda","8200000186","6",NULL,"2026-08-11 06:41:14.938","2026-08-11 06:41:14.938","E2004720A00000000000BA","W20-D-000186","E2004720B00000000000BA","W20-W-000186",12.90857000,77.62901400
4619,"7200000187","Zone B - Division 20 - Ward 20 - Block 2","Individual HHs","4-37","2nd Floor","Owner","Ganesh Gowda","8200000187","1",NULL,"2026-08-11 06:41:14.938","2026-08-11 06:41:14.938","E2004720A00000000000BB","W20-D-000187","E2004720B00000000000BB","W20-W-000187",12.90857200,77.62916400
4620,"7200000188","Zone B - Division 20 - Ward 20 - Block 2","Individual HHs","4-38","3rd Floor","Tenant","Dinesh Gowda","8200000188","2",NULL,"2026-08-11 06:41:14.938","2026-08-11 06:41:14.938","E2004720A00000000000BC","W20-D-000188","E2004720B00000000000BC","W20-W-000188",12.90857400,77.62931400
4621,"7200000189","Zone B - Division 20 - Ward 20 - Block 2","Individual HHs","4-39","Ground floor","Owner","Nikhil Gowda","8200000189","3",NULL,"2026-08-11 06:41:14.938","2026-08-11 06:41:14.938","E2004720A00000000000BD","W20-D-000189","E2004720B00000000000BD","W20-W-000189",12.90857600,77.62946400
4622,"7200000190","Zone B - Division 20 - Ward 20 - Block 2","Individual HHs","4-40","1st Floor","Tenant","Varun Gowda","8200000190","4",NULL,"2026-08-11 06:41:14.938","2026-08-11 06:41:14.938","E2004720A00000000000BE","W20-D-000190","E2004720B00000000000BE","W20-W-000190",12.90857800,77.62961400
4623,"7200000191","Zone B - Division 20 - Ward 20 - Block 2","Individual HHs","4-41","2nd Floor","Owner","Priya Gowda","8200000191","5",NULL,"2026-08-11 06:41:14.938","2026-08-11 06:41:14.938","E2004720A00000000000BF","W20-D-000191","E2004720B00000000000BF","W20-W-000191",12.90858000,77.62976400
4624,"7200000192","Zone B - Division 20 - Ward 20 - Block 2","Individual HHs","4-42","3rd Floor","Tenant","Divya Gowda","8200000192","6",NULL,"2026-08-11 06:41:14.938","2026-08-11 06:41:14.938","E2004720A00000000000C0","W20-D-000192","E2004720B00000000000C0","W20-W-000192",12.90858200,77.62991400
4625,"7200000193","Zone B - Division 20 - Ward 20 - Block 2","Individual HHs","4-43","Ground floor","Owner","Swathi Gowda","8200000193","1",NULL,"2026-08-11 06:41:14.938","2026-08-11 06:41:14.938","E2004720A00000000000C1","W20-D-000193","E2004720B00000000000C1","W20-W-000193",12.90858400,77.63006400
4626,"7200000194","Zone B - Division 20 - Ward 20 - Block 2","Individual HHs","4-44","1st Floor","Tenant","Shreya Gowda","8200000194","2",NULL,"2026-08-11 06:41:14.938","2026-08-11 06:41:14.938","E2004720A00000000000C2","W20-D-000194","E2004720B00000000000C2","W20-W-000194",12.90858600,77.63021400
4627,"7200000195","Zone B - Division 20 - Ward 20 - Block 2","Individual HHs","4-45","2nd Floor","Owner","Keerthi Gowda","8200000195","3",NULL,"2026-08-11 06:41:14.938","2026-08-11 06:41:14.938","E2004720A00000000000C3","W20-D-000195","E2004720B00000000000C3","W20-W-000195",12.90858800,77.63036400
4628,"7200000196","Zone B - Division 20 - Ward 20 - Block 2","Individual HHs","4-46","3rd Floor","Tenant","Lakshmi Gowda","8200000196","4",NULL,"2026-08-11 06:41:14.938","2026-08-11 06:41:14.938","E2004720A00000000000C4","W20-D-000196","E2004720B00000000000C4","W20-W-000196",12.90859000,77.63051400
4629,"7200000197","Zone B - Division 20 - Ward 20 - Block 2","Individual HHs","4-47","Ground floor","Owner","Deepa Gowda","8200000197","5",NULL,"2026-08-11 06:41:14.938","2026-08-11 06:41:14.938","E2004720A00000000000C5","W20-D-000197","E2004720B00000000000C5","W20-W-000197",12.90859200,77.63066400
4630,"7200000198","Zone B - Division 20 - Ward 20 - Block 2","Individual HHs","4-48","1st Floor","Tenant","Asha Gowda","8200000198","6",NULL,"2026-08-11 06:41:14.938","2026-08-11 06:41:14.938","E2004720A00000000000C6","W20-D-000198","E2004720B00000000000C6","W20-W-000198",12.90859400,77.63081400
4631,"7200000199","Zone B - Division 20 - Ward 20 - Block 2","Individual HHs","4-49","2nd Floor","Owner","Pallavi Gowda","8200000199","1",NULL,"2026-08-11 06:41:14.938","2026-08-11 06:41:14.938","E2004720A00000000000C7","W20-D-000199","E2004720B00000000000C7","W20-W-000199",12.90859600,77.63096400
4632,"7200000200","Zone B - Division 20 - Ward 20 - Block 2","Individual HHs","4-50","3rd Floor","Tenant","Bhavana Gowda","8200000200","2",NULL,"2026-08-11 06:41:14.938","2026-08-11 06:41:14.938","E2004720A00000000000C8","W20-D-000200","E2004720B00000000000C8","W20-W-000200",12.90859800,77.63111400
4633,"7200000201","Zone B - Division 20 - Ward 20 - Block 3","Individual HHs","5-01","Ground floor","Owner","Aarav Rao","8200000201","3",NULL,"2026-08-11 06:41:14.938","2026-08-11 06:41:14.938","E2004720A00000000000C9","W20-D-000201","E2004720B00000000000C9","W20-W-000201",12.90870000,77.62751600
4634,"7200000202","Zone B - Division 20 - Ward 20 - Block 3","Individual HHs","5-02","1st Floor","Tenant","Vihaan Rao","8200000202","4",NULL,"2026-08-11 06:41:14.938","2026-08-11 06:41:14.938","E2004720A00000000000CA","W20-D-000202","E2004720B00000000000CA","W20-W-000202",12.90870200,77.62766600
4635,"7200000203","Zone B - Division 20 - Ward 20 - Block 3","Individual HHs","5-03","2nd Floor","Owner","Aditya Rao","8200000203","5",NULL,"2026-08-11 06:41:14.938","2026-08-11 06:41:14.938","E2004720A00000000000CB","W20-D-000203","E2004720B00000000000CB","W20-W-000203",12.90870400,77.62781600
4636,"7200000204","Zone B - Division 20 - Ward 20 - Block 3","Individual HHs","5-04","3rd Floor","Tenant","Arjun Rao","8200000204","6",NULL,"2026-08-11 06:41:14.938","2026-08-11 06:41:14.938","E2004720A00000000000CC","W20-D-000204","E2004720B00000000000CC","W20-W-000204",12.90870600,77.62796600
4637,"7200000205","Zone B - Division 20 - Ward 20 - Block 3","Individual HHs","5-05","Ground floor","Owner","Rohan Rao","8200000205","1",NULL,"2026-08-11 06:41:14.938","2026-08-11 06:41:14.938","E2004720A00000000000CD","W20-D-000205","E2004720B00000000000CD","W20-W-000205",12.90870800,77.62811600
4638,"7200000206","Zone B - Division 20 - Ward 20 - Block 3","Individual HHs","5-06","1st Floor","Tenant","Rahul Rao","8200000206","2",NULL,"2026-08-11 06:41:14.938","2026-08-11 06:41:14.938","E2004720A00000000000CE","W20-D-000206","E2004720B00000000000CE","W20-W-000206",12.90871000,77.62826600
4639,"7200000207","Zone B - Division 20 - Ward 20 - Block 3","Individual HHs","5-07","2nd Floor","Owner","Karthik Rao","8200000207","3",NULL,"2026-08-11 06:41:14.938","2026-08-11 06:41:14.938","E2004720A00000000000CF","W20-D-000207","E2004720B00000000000CF","W20-W-000207",12.90871200,77.62841600
4640,"7200000208","Zone B - Division 20 - Ward 20 - Block 3","Individual HHs","5-08","3rd Floor","Tenant","Vikram Rao","8200000208","4",NULL,"2026-08-11 06:41:14.938","2026-08-11 06:41:14.938","E2004720A00000000000D0","W20-D-000208","E2004720B00000000000D0","W20-W-000208",12.90871400,77.62856600
4641,"7200000209","Zone B - Division 20 - Ward 20 - Block 3","Individual HHs","5-09","Ground floor","Owner","Akash Rao","8200000209","5",NULL,"2026-08-11 06:41:14.938","2026-08-11 06:41:14.938","E2004720A00000000000D1","W20-D-000209","E2004720B00000000000D1","W20-W-000209",12.90871600,77.62871600
4642,"7200000210","Zone B - Division 20 - Ward 20 - Block 3","Individual HHs","5-10","1st Floor","Tenant","Siddharth Rao","8200000210","6",NULL,"2026-08-11 06:41:14.938","2026-08-11 06:41:14.938","E2004720A00000000000D2","W20-D-000210","E2004720B00000000000D2","W20-W-000210",12.90871800,77.62886600
4643,"7200000211","Zone B - Division 20 - Ward 20 - Block 3","Individual HHs","5-11","2nd Floor","Owner","Ananya Rao","8200000211","1",NULL,"2026-08-11 06:41:14.938","2026-08-11 06:41:14.938","E2004720A00000000000D3","W20-D-000211","E2004720B00000000000D3","W20-W-000211",12.90872000,77.62901600
4644,"7200000212","Zone B - Division 20 - Ward 20 - Block 3","Individual HHs","5-12","3rd Floor","Tenant","Aadhya Rao","8200000212","2",NULL,"2026-08-11 06:41:14.938","2026-08-11 06:41:14.938","E2004720A00000000000D4","W20-D-000212","E2004720B00000000000D4","W20-W-000212",12.90872200,77.62916600
4645,"7200000213","Zone B - Division 20 - Ward 20 - Block 3","Individual HHs","5-13","Ground floor","Owner","Diya Rao","8200000213","3",NULL,"2026-08-11 06:41:14.938","2026-08-11 06:41:14.938","E2004720A00000000000D5","W20-D-000213","E2004720B00000000000D5","W20-W-000213",12.90872400,77.62931600
4646,"7200000214","Zone B - Division 20 - Ward 20 - Block 3","Individual HHs","5-14","1st Floor","Tenant","Ishita Rao","8200000214","4",NULL,"2026-08-11 06:41:14.938","2026-08-11 06:41:14.938","E2004720A00000000000D6","W20-D-000214","E2004720B00000000000D6","W20-W-000214",12.90872600,77.62946600
4647,"7200000215","Zone B - Division 20 - Ward 20 - Block 3","Individual HHs","5-15","2nd Floor","Owner","Kavya Rao","8200000215","5",NULL,"2026-08-11 06:41:14.938","2026-08-11 06:41:14.938","E2004720A00000000000D7","W20-D-000215","E2004720B00000000000D7","W20-W-000215",12.90872800,77.62961600
4648,"7200000216","Zone B - Division 20 - Ward 20 - Block 3","Individual HHs","5-16","3rd Floor","Tenant","Meera Rao","8200000216","6",NULL,"2026-08-11 06:41:14.938","2026-08-11 06:41:14.938","E2004720A00000000000D8","W20-D-000216","E2004720B00000000000D8","W20-W-000216",12.90873000,77.62976600
4649,"7200000217","Zone B - Division 20 - Ward 20 - Block 3","Individual HHs","5-17","Ground floor","Owner","Sneha Rao","8200000217","1",NULL,"2026-08-11 06:41:14.938","2026-08-11 06:41:14.938","E2004720A00000000000D9","W20-D-000217","E2004720B00000000000D9","W20-W-000217",12.90873200,77.62991600
4650,"7200000218","Zone B - Division 20 - Ward 20 - Block 3","Individual HHs","5-18","1st Floor","Tenant","Pooja Rao","8200000218","2",NULL,"2026-08-11 06:41:14.938","2026-08-11 06:41:14.938","E2004720A00000000000DA","W20-D-000218","E2004720B00000000000DA","W20-W-000218",12.90873400,77.63006600
4651,"7200000219","Zone B - Division 20 - Ward 20 - Block 3","Individual HHs","5-19","2nd Floor","Owner","Riya Rao","8200000219","3",NULL,"2026-08-11 06:41:14.938","2026-08-11 06:41:14.938","E2004720A00000000000DB","W20-D-000219","E2004720B00000000000DB","W20-W-000219",12.90873600,77.63021600
4652,"7200000220","Zone B - Division 20 - Ward 20 - Block 3","Individual HHs","5-20","3rd Floor","Tenant","Nandini Rao","8200000220","4",NULL,"2026-08-11 06:41:14.938","2026-08-11 06:41:14.938","E2004720A00000000000DC","W20-D-000220","E2004720B00000000000DC","W20-W-000220",12.90873800,77.63036600
4653,"7200000221","Zone B - Division 20 - Ward 20 - Block 3","Individual HHs","5-21","Ground floor","Owner","Sanjay Rao","8200000221","5",NULL,"2026-08-11 06:41:14.938","2026-08-11 06:41:14.938","E2004720A00000000000DD","W20-D-000221","E2004720B00000000000DD","W20-W-000221",12.90874000,77.63051600
4654,"7200000222","Zone B - Division 20 - Ward 20 - Block 3","Individual HHs","5-22","1st Floor","Tenant","Manoj Rao","8200000222","6",NULL,"2026-08-11 06:41:14.938","2026-08-11 06:41:14.938","E2004720A00000000000DE","W20-D-000222","E2004720B00000000000DE","W20-W-000222",12.90874200,77.63066600
4655,"7200000223","Zone B - Division 20 - Ward 20 - Block 3","Individual HHs","5-23","2nd Floor","Owner","Suresh Rao","8200000223","1",NULL,"2026-08-11 06:41:14.938","2026-08-11 06:41:14.938","E2004720A00000000000DF","W20-D-000223","E2004720B00000000000DF","W20-W-000223",12.90874400,77.63081600
4656,"7200000224","Zone B - Division 20 - Ward 20 - Block 3","Individual HHs","5-24","3rd Floor","Tenant","Mahesh Rao","8200000224","2",NULL,"2026-08-11 06:41:14.938","2026-08-11 06:41:14.938","E2004720A00000000000E0","W20-D-000224","E2004720B00000000000E0","W20-W-000224",12.90874600,77.63096600
4657,"7200000225","Zone B - Division 20 - Ward 20 - Block 3","Individual HHs","5-25","Ground floor","Owner","Prakash Rao","8200000225","3",NULL,"2026-08-11 06:41:14.938","2026-08-11 06:41:14.938","E2004720A00000000000E1","W20-D-000225","E2004720B00000000000E1","W20-W-000225",12.90874800,77.63111600
4658,"7200000226","Zone B - Division 20 - Ward 20 - Block 3","Individual HHs","5-26","1st Floor","Tenant","Ramesh Rao","8200000226","4",NULL,"2026-08-11 06:41:14.938","2026-08-11 06:41:14.938","E2004720A00000000000E2","W20-D-000226","E2004720B00000000000E2","W20-W-000226",12.90885000,77.62751800
4659,"7200000227","Zone B - Division 20 - Ward 20 - Block 3","Individual HHs","5-27","2nd Floor","Owner","Ganesh Rao","8200000227","5",NULL,"2026-08-11 06:41:14.938","2026-08-11 06:41:14.938","E2004720A00000000000E3","W20-D-000227","E2004720B00000000000E3","W20-W-000227",12.90885200,77.62766800
4660,"7200000228","Zone B - Division 20 - Ward 20 - Block 3","Individual HHs","5-28","3rd Floor","Tenant","Dinesh Rao","8200000228","6",NULL,"2026-08-11 06:41:14.938","2026-08-11 06:41:14.938","E2004720A00000000000E4","W20-D-000228","E2004720B00000000000E4","W20-W-000228",12.90885400,77.62781800
4661,"7200000229","Zone B - Division 20 - Ward 20 - Block 3","Individual HHs","5-29","Ground floor","Owner","Nikhil Rao","8200000229","1",NULL,"2026-08-11 06:41:14.938","2026-08-11 06:41:14.938","E2004720A00000000000E5","W20-D-000229","E2004720B00000000000E5","W20-W-000229",12.90885600,77.62796800
4662,"7200000230","Zone B - Division 20 - Ward 20 - Block 3","Individual HHs","5-30","1st Floor","Tenant","Varun Rao","8200000230","2",NULL,"2026-08-11 06:41:14.938","2026-08-11 06:41:14.938","E2004720A00000000000E6","W20-D-000230","E2004720B00000000000E6","W20-W-000230",12.90885800,77.62811800
4663,"7200000231","Zone B - Division 20 - Ward 20 - Block 3","Individual HHs","5-31","2nd Floor","Owner","Priya Rao","8200000231","3",NULL,"2026-08-11 06:41:14.938","2026-08-11 06:41:14.938","E2004720A00000000000E7","W20-D-000231","E2004720B00000000000E7","W20-W-000231",12.90886000,77.62826800
4664,"7200000232","Zone B - Division 20 - Ward 20 - Block 3","Individual HHs","5-32","3rd Floor","Tenant","Divya Rao","8200000232","4",NULL,"2026-08-11 06:41:14.938","2026-08-11 06:41:14.938","E2004720A00000000000E8","W20-D-000232","E2004720B00000000000E8","W20-W-000232",12.90886200,77.62841800
4665,"7200000233","Zone B - Division 20 - Ward 20 - Block 3","Individual HHs","5-33","Ground floor","Owner","Swathi Rao","8200000233","5",NULL,"2026-08-11 06:41:14.938","2026-08-11 06:41:14.938","E2004720A00000000000E9","W20-D-000233","E2004720B00000000000E9","W20-W-000233",12.90886400,77.62856800
4666,"7200000234","Zone B - Division 20 - Ward 20 - Block 3","Individual HHs","5-34","1st Floor","Tenant","Shreya Rao","8200000234","6",NULL,"2026-08-11 06:41:14.938","2026-08-11 06:41:14.938","E2004720A00000000000EA","W20-D-000234","E2004720B00000000000EA","W20-W-000234",12.90886600,77.62871800
4667,"7200000235","Zone B - Division 20 - Ward 20 - Block 3","Individual HHs","5-35","2nd Floor","Owner","Keerthi Rao","8200000235","1",NULL,"2026-08-11 06:41:14.938","2026-08-11 06:41:14.938","E2004720A00000000000EB","W20-D-000235","E2004720B00000000000EB","W20-W-000235",12.90886800,77.62886800
4668,"7200000236","Zone B - Division 20 - Ward 20 - Block 3","Individual HHs","5-36","3rd Floor","Tenant","Lakshmi Rao","8200000236","2",NULL,"2026-08-11 06:41:14.938","2026-08-11 06:41:14.938","E2004720A00000000000EC","W20-D-000236","E2004720B00000000000EC","W20-W-000236",12.90887000,77.62901800
4669,"7200000237","Zone B - Division 20 - Ward 20 - Block 3","Individual HHs","5-37","Ground floor","Owner","Deepa Rao","8200000237","3",NULL,"2026-08-11 06:41:14.938","2026-08-11 06:41:14.938","E2004720A00000000000ED","W20-D-000237","E2004720B00000000000ED","W20-W-000237",12.90887200,77.62916800
4670,"7200000238","Zone B - Division 20 - Ward 20 - Block 3","Individual HHs","5-38","1st Floor","Tenant","Asha Rao","8200000238","4",NULL,"2026-08-11 06:41:14.938","2026-08-11 06:41:14.938","E2004720A00000000000EE","W20-D-000238","E2004720B00000000000EE","W20-W-000238",12.90887400,77.62931800
4671,"7200000239","Zone B - Division 20 - Ward 20 - Block 3","Individual HHs","5-39","2nd Floor","Owner","Pallavi Rao","8200000239","5",NULL,"2026-08-11 06:41:14.938","2026-08-11 06:41:14.938","E2004720A00000000000EF","W20-D-000239","E2004720B00000000000EF","W20-W-000239",12.90887600,77.62946800
4672,"7200000240","Zone B - Division 20 - Ward 20 - Block 3","Individual HHs","5-40","3rd Floor","Tenant","Bhavana Rao","8200000240","6",NULL,"2026-08-11 06:41:14.938","2026-08-11 06:41:14.938","E2004720A00000000000F0","W20-D-000240","E2004720B00000000000F0","W20-W-000240",12.90887800,77.62961800
4673,"7200000241","Zone B - Division 20 - Ward 20 - Block 3","Individual HHs","5-41","Ground floor","Owner","Aarav Patil","8200000241","1",NULL,"2026-08-11 06:41:14.938","2026-08-11 06:41:14.938","E2004720A00000000000F1","W20-D-000241","E2004720B00000000000F1","W20-W-000241",12.90888000,77.62976800
4674,"7200000242","Zone B - Division 20 - Ward 20 - Block 3","Individual HHs","5-42","1st Floor","Tenant","Vihaan Patil","8200000242","2",NULL,"2026-08-11 06:41:14.938","2026-08-11 06:41:14.938","E2004720A00000000000F2","W20-D-000242","E2004720B00000000000F2","W20-W-000242",12.90888200,77.62991800
4675,"7200000243","Zone B - Division 20 - Ward 20 - Block 3","Individual HHs","5-43","2nd Floor","Owner","Aditya Patil","8200000243","3",NULL,"2026-08-11 06:41:14.938","2026-08-11 06:41:14.938","E2004720A00000000000F3","W20-D-000243","E2004720B00000000000F3","W20-W-000243",12.90888400,77.63006800
4676,"7200000244","Zone B - Division 20 - Ward 20 - Block 3","Individual HHs","5-44","3rd Floor","Tenant","Arjun Patil","8200000244","4",NULL,"2026-08-11 06:41:14.938","2026-08-11 06:41:14.938","E2004720A00000000000F4","W20-D-000244","E2004720B00000000000F4","W20-W-000244",12.90888600,77.63021800
4677,"7200000245","Zone B - Division 20 - Ward 20 - Block 3","Individual HHs","5-45","Ground floor","Owner","Rohan Patil","8200000245","5",NULL,"2026-08-11 06:41:14.938","2026-08-11 06:41:14.938","E2004720A00000000000F5","W20-D-000245","E2004720B00000000000F5","W20-W-000245",12.90888800,77.63036800
4678,"7200000246","Zone B - Division 20 - Ward 20 - Block 3","Individual HHs","5-46","1st Floor","Tenant","Rahul Patil","8200000246","6",NULL,"2026-08-11 06:41:14.938","2026-08-11 06:41:14.938","E2004720A00000000000F6","W20-D-000246","E2004720B00000000000F6","W20-W-000246",12.90889000,77.63051800
4679,"7200000247","Zone B - Division 20 - Ward 20 - Block 3","Individual HHs","5-47","2nd Floor","Owner","Karthik Patil","8200000247","1",NULL,"2026-08-11 06:41:14.938","2026-08-11 06:41:14.938","E2004720A00000000000F7","W20-D-000247","E2004720B00000000000F7","W20-W-000247",12.90889200,77.63066800
4680,"7200000248","Zone B - Division 20 - Ward 20 - Block 3","Individual HHs","5-48","3rd Floor","Tenant","Vikram Patil","8200000248","2",NULL,"2026-08-11 06:41:14.938","2026-08-11 06:41:14.938","E2004720A00000000000F8","W20-D-000248","E2004720B00000000000F8","W20-W-000248",12.90889400,77.63081800
4681,"7200000249","Zone B - Division 20 - Ward 20 - Block 3","Individual HHs","5-49","Ground floor","Owner","Akash Patil","8200000249","3",NULL,"2026-08-11 06:41:14.938","2026-08-11 06:41:14.938","E2004720A00000000000F9","W20-D-000249","E2004720B00000000000F9","W20-W-000249",12.90889600,77.63096800
4682,"7200000250","Zone B - Division 20 - Ward 20 - Block 3","Individual HHs","5-50","1st Floor","Tenant","Siddharth Patil","8200000250","4",NULL,"2026-08-11 06:41:14.938","2026-08-11 06:41:14.938","E2004720A00000000000FA","W20-D-000250","E2004720B00000000000FA","W20-W-000250",12.90889800,77.63111800
4683,"7200000251","Zone B - Division 20 - Ward 20 - Block 3","Individual HHs","6-01","2nd Floor","Owner","Ananya Patil","8200000251","5",NULL,"2026-08-11 06:41:14.938","2026-08-11 06:41:14.938","E2004720A00000000000FB","W20-D-000251","E2004720B00000000000FB","W20-W-000251",12.90900000,77.62752000
4684,"7200000252","Zone B - Division 20 - Ward 20 - Block 3","Individual HHs","6-02","3rd Floor","Tenant","Aadhya Patil","8200000252","6",NULL,"2026-08-11 06:41:14.938","2026-08-11 06:41:14.938","E2004720A00000000000FC","W20-D-000252","E2004720B00000000000FC","W20-W-000252",12.90900200,77.62767000
4685,"7200000253","Zone B - Division 20 - Ward 20 - Block 3","Individual HHs","6-03","Ground floor","Owner","Diya Patil","8200000253","1",NULL,"2026-08-11 06:41:14.938","2026-08-11 06:41:14.938","E2004720A00000000000FD","W20-D-000253","E2004720B00000000000FD","W20-W-000253",12.90900400,77.62782000
4686,"7200000254","Zone B - Division 20 - Ward 20 - Block 3","Individual HHs","6-04","1st Floor","Tenant","Ishita Patil","8200000254","2",NULL,"2026-08-11 06:41:14.938","2026-08-11 06:41:14.938","E2004720A00000000000FE","W20-D-000254","E2004720B00000000000FE","W20-W-000254",12.90900600,77.62797000
4687,"7200000255","Zone B - Division 20 - Ward 20 - Block 3","Individual HHs","6-05","2nd Floor","Owner","Kavya Patil","8200000255","3",NULL,"2026-08-11 06:41:14.938","2026-08-11 06:41:14.938","E2004720A00000000000FF","W20-D-000255","E2004720B00000000000FF","W20-W-000255",12.90900800,77.62812000
4688,"7200000256","Zone B - Division 20 - Ward 20 - Block 3","Individual HHs","6-06","3rd Floor","Tenant","Meera Patil","8200000256","4",NULL,"2026-08-11 06:41:14.938","2026-08-11 06:41:14.938","E2004720A0000000000100","W20-D-000256","E2004720B0000000000100","W20-W-000256",12.90901000,77.62827000
4689,"7200000257","Zone B - Division 20 - Ward 20 - Block 3","Individual HHs","6-07","Ground floor","Owner","Sneha Patil","8200000257","5",NULL,"2026-08-11 06:41:14.938","2026-08-11 06:41:14.938","E2004720A0000000000101","W20-D-000257","E2004720B0000000000101","W20-W-000257",12.90901200,77.62842000
4690,"7200000258","Zone B - Division 20 - Ward 20 - Block 3","Individual HHs","6-08","1st Floor","Tenant","Pooja Patil","8200000258","6",NULL,"2026-08-11 06:41:14.938","2026-08-11 06:41:14.938","E2004720A0000000000102","W20-D-000258","E2004720B0000000000102","W20-W-000258",12.90901400,77.62857000
4691,"7200000259","Zone B - Division 20 - Ward 20 - Block 3","Individual HHs","6-09","2nd Floor","Owner","Riya Patil","8200000259","1",NULL,"2026-08-11 06:41:14.938","2026-08-11 06:41:14.938","E2004720A0000000000103","W20-D-000259","E2004720B0000000000103","W20-W-000259",12.90901600,77.62872000
4692,"7200000260","Zone B - Division 20 - Ward 20 - Block 3","Individual HHs","6-10","3rd Floor","Tenant","Nandini Patil","8200000260","2",NULL,"2026-08-11 06:41:14.939","2026-08-11 06:41:14.939","E2004720A0000000000104","W20-D-000260","E2004720B0000000000104","W20-W-000260",12.90901800,77.62887000
4693,"7200000261","Zone B - Division 20 - Ward 20 - Block 3","Individual HHs","6-11","Ground floor","Owner","Sanjay Patil","8200000261","3",NULL,"2026-08-11 06:41:14.939","2026-08-11 06:41:14.939","E2004720A0000000000105","W20-D-000261","E2004720B0000000000105","W20-W-000261",12.90902000,77.62902000
4694,"7200000262","Zone B - Division 20 - Ward 20 - Block 3","Individual HHs","6-12","1st Floor","Tenant","Manoj Patil","8200000262","4",NULL,"2026-08-11 06:41:14.939","2026-08-11 06:41:14.939","E2004720A0000000000106","W20-D-000262","E2004720B0000000000106","W20-W-000262",12.90902200,77.62917000
4695,"7200000263","Zone B - Division 20 - Ward 20 - Block 3","Individual HHs","6-13","2nd Floor","Owner","Suresh Patil","8200000263","5",NULL,"2026-08-11 06:41:14.939","2026-08-11 06:41:14.939","E2004720A0000000000107","W20-D-000263","E2004720B0000000000107","W20-W-000263",12.90902400,77.62932000
4696,"7200000264","Zone B - Division 20 - Ward 20 - Block 3","Individual HHs","6-14","3rd Floor","Tenant","Mahesh Patil","8200000264","6",NULL,"2026-08-11 06:41:14.939","2026-08-11 06:41:14.939","E2004720A0000000000108","W20-D-000264","E2004720B0000000000108","W20-W-000264",12.90902600,77.62947000
4697,"7200000265","Zone B - Division 20 - Ward 20 - Block 3","Individual HHs","6-15","Ground floor","Owner","Prakash Patil","8200000265","1",NULL,"2026-08-11 06:41:14.939","2026-08-11 06:41:14.939","E2004720A0000000000109","W20-D-000265","E2004720B0000000000109","W20-W-000265",12.90902800,77.62962000
4698,"7200000266","Zone B - Division 20 - Ward 20 - Block 3","Individual HHs","6-16","1st Floor","Tenant","Ramesh Patil","8200000266","2",NULL,"2026-08-11 06:41:14.939","2026-08-11 06:41:14.939","E2004720A000000000010A","W20-D-000266","E2004720B000000000010A","W20-W-000266",12.90903000,77.62977000
4699,"7200000267","Zone B - Division 20 - Ward 20 - Block 3","Individual HHs","6-17","2nd Floor","Owner","Ganesh Patil","8200000267","3",NULL,"2026-08-11 06:41:14.939","2026-08-11 06:41:14.939","E2004720A000000000010B","W20-D-000267","E2004720B000000000010B","W20-W-000267",12.90903200,77.62992000
4700,"7200000268","Zone B - Division 20 - Ward 20 - Block 3","Individual HHs","6-18","3rd Floor","Tenant","Dinesh Patil","8200000268","4",NULL,"2026-08-11 06:41:14.939","2026-08-11 06:41:14.939","E2004720A000000000010C","W20-D-000268","E2004720B000000000010C","W20-W-000268",12.90903400,77.63007000
4701,"7200000269","Zone B - Division 20 - Ward 20 - Block 3","Individual HHs","6-19","Ground floor","Owner","Nikhil Patil","8200000269","5",NULL,"2026-08-11 06:41:14.939","2026-08-11 06:41:14.939","E2004720A000000000010D","W20-D-000269","E2004720B000000000010D","W20-W-000269",12.90903600,77.63022000
4702,"7200000270","Zone B - Division 20 - Ward 20 - Block 3","Individual HHs","6-20","1st Floor","Tenant","Varun Patil","8200000270","6",NULL,"2026-08-11 06:41:14.939","2026-08-11 06:41:14.939","E2004720A000000000010E","W20-D-000270","E2004720B000000000010E","W20-W-000270",12.90903800,77.63037000
4703,"7200000271","Zone B - Division 20 - Ward 20 - Block 3","Individual HHs","6-21","2nd Floor","Owner","Priya Patil","8200000271","1",NULL,"2026-08-11 06:41:14.939","2026-08-11 06:41:14.939","E2004720A000000000010F","W20-D-000271","E2004720B000000000010F","W20-W-000271",12.90904000,77.63052000
4704,"7200000272","Zone B - Division 20 - Ward 20 - Block 3","Individual HHs","6-22","3rd Floor","Tenant","Divya Patil","8200000272","2",NULL,"2026-08-11 06:41:14.939","2026-08-11 06:41:14.939","E2004720A0000000000110","W20-D-000272","E2004720B0000000000110","W20-W-000272",12.90904200,77.63067000
4705,"7200000273","Zone B - Division 20 - Ward 20 - Block 3","Individual HHs","6-23","Ground floor","Owner","Swathi Patil","8200000273","3",NULL,"2026-08-11 06:41:14.939","2026-08-11 06:41:14.939","E2004720A0000000000111","W20-D-000273","E2004720B0000000000111","W20-W-000273",12.90904400,77.63082000
4706,"7200000274","Zone B - Division 20 - Ward 20 - Block 3","Individual HHs","6-24","1st Floor","Tenant","Shreya Patil","8200000274","4",NULL,"2026-08-11 06:41:14.939","2026-08-11 06:41:14.939","E2004720A0000000000112","W20-D-000274","E2004720B0000000000112","W20-W-000274",12.90904600,77.63097000
4707,"7200000275","Zone B - Division 20 - Ward 20 - Block 3","Individual HHs","6-25","2nd Floor","Owner","Keerthi Patil","8200000275","5",NULL,"2026-08-11 06:41:14.939","2026-08-11 06:41:14.939","E2004720A0000000000113","W20-D-000275","E2004720B0000000000113","W20-W-000275",12.90904800,77.63112000
4708,"7200000276","Zone B - Division 20 - Ward 20 - Block 3","Individual HHs","6-26","3rd Floor","Tenant","Lakshmi Patil","8200000276","6",NULL,"2026-08-11 06:41:14.939","2026-08-11 06:41:14.939","E2004720A0000000000114","W20-D-000276","E2004720B0000000000114","W20-W-000276",12.90915000,77.62752200
4709,"7200000277","Zone B - Division 20 - Ward 20 - Block 3","Individual HHs","6-27","Ground floor","Owner","Deepa Patil","8200000277","1",NULL,"2026-08-11 06:41:14.939","2026-08-11 06:41:14.939","E2004720A0000000000115","W20-D-000277","E2004720B0000000000115","W20-W-000277",12.90915200,77.62767200
4710,"7200000278","Zone B - Division 20 - Ward 20 - Block 3","Individual HHs","6-28","1st Floor","Tenant","Asha Patil","8200000278","2",NULL,"2026-08-11 06:41:14.939","2026-08-11 06:41:14.939","E2004720A0000000000116","W20-D-000278","E2004720B0000000000116","W20-W-000278",12.90915400,77.62782200
4711,"7200000279","Zone B - Division 20 - Ward 20 - Block 3","Individual HHs","6-29","2nd Floor","Owner","Pallavi Patil","8200000279","3",NULL,"2026-08-11 06:41:14.939","2026-08-11 06:41:14.939","E2004720A0000000000117","W20-D-000279","E2004720B0000000000117","W20-W-000279",12.90915600,77.62797200
4712,"7200000280","Zone B - Division 20 - Ward 20 - Block 3","Individual HHs","6-30","3rd Floor","Tenant","Bhavana Patil","8200000280","4",NULL,"2026-08-11 06:41:14.939","2026-08-11 06:41:14.939","E2004720A0000000000118","W20-D-000280","E2004720B0000000000118","W20-W-000280",12.90915800,77.62812200
4713,"7200000281","Zone B - Division 20 - Ward 20 - Block 3","Individual HHs","6-31","Ground floor","Owner","Aarav Naik","8200000281","5",NULL,"2026-08-11 06:41:14.939","2026-08-11 06:41:14.939","E2004720A0000000000119","W20-D-000281","E2004720B0000000000119","W20-W-000281",12.90916000,77.62827200
4714,"7200000282","Zone B - Division 20 - Ward 20 - Block 3","Individual HHs","6-32","1st Floor","Tenant","Vihaan Naik","8200000282","6",NULL,"2026-08-11 06:41:14.939","2026-08-11 06:41:14.939","E2004720A000000000011A","W20-D-000282","E2004720B000000000011A","W20-W-000282",12.90916200,77.62842200
4715,"7200000283","Zone B - Division 20 - Ward 20 - Block 3","Individual HHs","6-33","2nd Floor","Owner","Aditya Naik","8200000283","1",NULL,"2026-08-11 06:41:14.939","2026-08-11 06:41:14.939","E2004720A000000000011B","W20-D-000283","E2004720B000000000011B","W20-W-000283",12.90916400,77.62857200
4716,"7200000284","Zone B - Division 20 - Ward 20 - Block 3","Individual HHs","6-34","3rd Floor","Tenant","Arjun Naik","8200000284","2",NULL,"2026-08-11 06:41:14.939","2026-08-11 06:41:14.939","E2004720A000000000011C","W20-D-000284","E2004720B000000000011C","W20-W-000284",12.90916600,77.62872200
4717,"7200000285","Zone B - Division 20 - Ward 20 - Block 3","Individual HHs","6-35","Ground floor","Owner","Rohan Naik","8200000285","3",NULL,"2026-08-11 06:41:14.939","2026-08-11 06:41:14.939","E2004720A000000000011D","W20-D-000285","E2004720B000000000011D","W20-W-000285",12.90916800,77.62887200
4718,"7200000286","Zone B - Division 20 - Ward 20 - Block 3","Individual HHs","6-36","1st Floor","Tenant","Rahul Naik","8200000286","4",NULL,"2026-08-11 06:41:14.939","2026-08-11 06:41:14.939","E2004720A000000000011E","W20-D-000286","E2004720B000000000011E","W20-W-000286",12.90917000,77.62902200
4719,"7200000287","Zone B - Division 20 - Ward 20 - Block 3","Individual HHs","6-37","2nd Floor","Owner","Karthik Naik","8200000287","5",NULL,"2026-08-11 06:41:14.939","2026-08-11 06:41:14.939","E2004720A000000000011F","W20-D-000287","E2004720B000000000011F","W20-W-000287",12.90917200,77.62917200
4720,"7200000288","Zone B - Division 20 - Ward 20 - Block 3","Individual HHs","6-38","3rd Floor","Tenant","Vikram Naik","8200000288","6",NULL,"2026-08-11 06:41:14.939","2026-08-11 06:41:14.939","E2004720A0000000000120","W20-D-000288","E2004720B0000000000120","W20-W-000288",12.90917400,77.62932200
4721,"7200000289","Zone B - Division 20 - Ward 20 - Block 3","Individual HHs","6-39","Ground floor","Owner","Akash Naik","8200000289","1",NULL,"2026-08-11 06:41:14.939","2026-08-11 06:41:14.939","E2004720A0000000000121","W20-D-000289","E2004720B0000000000121","W20-W-000289",12.90917600,77.62947200
4722,"7200000290","Zone B - Division 20 - Ward 20 - Block 3","Individual HHs","6-40","1st Floor","Tenant","Siddharth Naik","8200000290","2",NULL,"2026-08-11 06:41:14.939","2026-08-11 06:41:14.939","E2004720A0000000000122","W20-D-000290","E2004720B0000000000122","W20-W-000290",12.90917800,77.62962200
4723,"7200000291","Zone B - Division 20 - Ward 20 - Block 3","Individual HHs","6-41","2nd Floor","Owner","Ananya Naik","8200000291","3",NULL,"2026-08-11 06:41:14.939","2026-08-11 06:41:14.939","E2004720A0000000000123","W20-D-000291","E2004720B0000000000123","W20-W-000291",12.90918000,77.62977200
4724,"7200000292","Zone B - Division 20 - Ward 20 - Block 3","Individual HHs","6-42","3rd Floor","Tenant","Aadhya Naik","8200000292","4",NULL,"2026-08-11 06:41:14.939","2026-08-11 06:41:14.939","E2004720A0000000000124","W20-D-000292","E2004720B0000000000124","W20-W-000292",12.90918200,77.62992200
4725,"7200000293","Zone B - Division 20 - Ward 20 - Block 3","Individual HHs","6-43","Ground floor","Owner","Diya Naik","8200000293","5",NULL,"2026-08-11 06:41:14.939","2026-08-11 06:41:14.939","E2004720A0000000000125","W20-D-000293","E2004720B0000000000125","W20-W-000293",12.90918400,77.63007200
4726,"7200000294","Zone B - Division 20 - Ward 20 - Block 3","Individual HHs","6-44","1st Floor","Tenant","Ishita Naik","8200000294","6",NULL,"2026-08-11 06:41:14.939","2026-08-11 06:41:14.939","E2004720A0000000000126","W20-D-000294","E2004720B0000000000126","W20-W-000294",12.90918600,77.63022200
4727,"7200000295","Zone B - Division 20 - Ward 20 - Block 3","Individual HHs","6-45","2nd Floor","Owner","Kavya Naik","8200000295","1",NULL,"2026-08-11 06:41:14.939","2026-08-11 06:41:14.939","E2004720A0000000000127","W20-D-000295","E2004720B0000000000127","W20-W-000295",12.90918800,77.63037200
4728,"7200000296","Zone B - Division 20 - Ward 20 - Block 3","Individual HHs","6-46","3rd Floor","Tenant","Meera Naik","8200000296","2",NULL,"2026-08-11 06:41:14.939","2026-08-11 06:41:14.939","E2004720A0000000000128","W20-D-000296","E2004720B0000000000128","W20-W-000296",12.90919000,77.63052200
4729,"7200000297","Zone B - Division 20 - Ward 20 - Block 3","Individual HHs","6-47","Ground floor","Owner","Sneha Naik","8200000297","3",NULL,"2026-08-11 06:41:14.939","2026-08-11 06:41:14.939","E2004720A0000000000129","W20-D-000297","E2004720B0000000000129","W20-W-000297",12.90919200,77.63067200
4730,"7200000298","Zone B - Division 20 - Ward 20 - Block 3","Individual HHs","6-48","1st Floor","Tenant","Pooja Naik","8200000298","4",NULL,"2026-08-11 06:41:14.939","2026-08-11 06:41:14.939","E2004720A000000000012A","W20-D-000298","E2004720B000000000012A","W20-W-000298",12.90919400,77.63082200
4731,"7200000299","Zone B - Division 20 - Ward 20 - Block 3","Individual HHs","6-49","2nd Floor","Owner","Riya Naik","8200000299","5",NULL,"2026-08-11 06:41:14.939","2026-08-11 06:41:14.939","E2004720A000000000012B","W20-D-000299","E2004720B000000000012B","W20-W-000299",12.90919600,77.63097200
4732,"7200000300","Zone B - Division 20 - Ward 20 - Block 3","Individual HHs","6-50","3rd Floor","Tenant","Nandini Naik","8200000300","6",NULL,"2026-08-11 06:41:14.939","2026-08-11 06:41:14.939","E2004720A000000000012C","W20-D-000300","E2004720B000000000012C","W20-W-000300",12.90919800,77.63112200
4733,"7200000301","Zone B - Division 20 - Ward 20 - Block 4","Individual HHs","7-01","Ground floor","Owner","Sanjay Naik","8200000301","1",NULL,"2026-08-11 06:41:14.939","2026-08-11 06:41:14.939","E2004720A000000000012D","W20-D-000301","E2004720B000000000012D","W20-W-000301",12.90930000,77.62752400
4734,"7200000302","Zone B - Division 20 - Ward 20 - Block 4","Individual HHs","7-02","1st Floor","Tenant","Manoj Naik","8200000302","2",NULL,"2026-08-11 06:41:14.939","2026-08-11 06:41:14.939","E2004720A000000000012E","W20-D-000302","E2004720B000000000012E","W20-W-000302",12.90930200,77.62767400
4735,"7200000303","Zone B - Division 20 - Ward 20 - Block 4","Individual HHs","7-03","2nd Floor","Owner","Suresh Naik","8200000303","3",NULL,"2026-08-11 06:41:14.939","2026-08-11 06:41:14.939","E2004720A000000000012F","W20-D-000303","E2004720B000000000012F","W20-W-000303",12.90930400,77.62782400
4736,"7200000304","Zone B - Division 20 - Ward 20 - Block 4","Individual HHs","7-04","3rd Floor","Tenant","Mahesh Naik","8200000304","4",NULL,"2026-08-11 06:41:14.939","2026-08-11 06:41:14.939","E2004720A0000000000130","W20-D-000304","E2004720B0000000000130","W20-W-000304",12.90930600,77.62797400
4737,"7200000305","Zone B - Division 20 - Ward 20 - Block 4","Individual HHs","7-05","Ground floor","Owner","Prakash Naik","8200000305","5",NULL,"2026-08-11 06:41:14.939","2026-08-11 06:41:14.939","E2004720A0000000000131","W20-D-000305","E2004720B0000000000131","W20-W-000305",12.90930800,77.62812400
4738,"7200000306","Zone B - Division 20 - Ward 20 - Block 4","Individual HHs","7-06","1st Floor","Tenant","Ramesh Naik","8200000306","6",NULL,"2026-08-11 06:41:14.939","2026-08-11 06:41:14.939","E2004720A0000000000132","W20-D-000306","E2004720B0000000000132","W20-W-000306",12.90931000,77.62827400
4739,"7200000307","Zone B - Division 20 - Ward 20 - Block 4","Individual HHs","7-07","2nd Floor","Owner","Ganesh Naik","8200000307","1",NULL,"2026-08-11 06:41:14.939","2026-08-11 06:41:14.939","E2004720A0000000000133","W20-D-000307","E2004720B0000000000133","W20-W-000307",12.90931200,77.62842400
4740,"7200000308","Zone B - Division 20 - Ward 20 - Block 4","Individual HHs","7-08","3rd Floor","Tenant","Dinesh Naik","8200000308","2",NULL,"2026-08-11 06:41:14.939","2026-08-11 06:41:14.939","E2004720A0000000000134","W20-D-000308","E2004720B0000000000134","W20-W-000308",12.90931400,77.62857400
4741,"7200000309","Zone B - Division 20 - Ward 20 - Block 4","Individual HHs","7-09","Ground floor","Owner","Nikhil Naik","8200000309","3",NULL,"2026-08-11 06:41:14.939","2026-08-11 06:41:14.939","E2004720A0000000000135","W20-D-000309","E2004720B0000000000135","W20-W-000309",12.90931600,77.62872400
4742,"7200000310","Zone B - Division 20 - Ward 20 - Block 4","Individual HHs","7-10","1st Floor","Tenant","Varun Naik","8200000310","4",NULL,"2026-08-11 06:41:14.939","2026-08-11 06:41:14.939","E2004720A0000000000136","W20-D-000310","E2004720B0000000000136","W20-W-000310",12.90931800,77.62887400
4743,"7200000311","Zone B - Division 20 - Ward 20 - Block 4","Individual HHs","7-11","2nd Floor","Owner","Priya Naik","8200000311","5",NULL,"2026-08-11 06:41:14.939","2026-08-11 06:41:14.939","E2004720A0000000000137","W20-D-000311","E2004720B0000000000137","W20-W-000311",12.90932000,77.62902400
4744,"7200000312","Zone B - Division 20 - Ward 20 - Block 4","Individual HHs","7-12","3rd Floor","Tenant","Divya Naik","8200000312","6",NULL,"2026-08-11 06:41:14.939","2026-08-11 06:41:14.939","E2004720A0000000000138","W20-D-000312","E2004720B0000000000138","W20-W-000312",12.90932200,77.62917400
4745,"7200000313","Zone B - Division 20 - Ward 20 - Block 4","Individual HHs","7-13","Ground floor","Owner","Swathi Naik","8200000313","1",NULL,"2026-08-11 06:41:14.939","2026-08-11 06:41:14.939","E2004720A0000000000139","W20-D-000313","E2004720B0000000000139","W20-W-000313",12.90932400,77.62932400
4746,"7200000314","Zone B - Division 20 - Ward 20 - Block 4","Individual HHs","7-14","1st Floor","Tenant","Shreya Naik","8200000314","2",NULL,"2026-08-11 06:41:14.939","2026-08-11 06:41:14.939","E2004720A000000000013A","W20-D-000314","E2004720B000000000013A","W20-W-000314",12.90932600,77.62947400
4747,"7200000315","Zone B - Division 20 - Ward 20 - Block 4","Individual HHs","7-15","2nd Floor","Owner","Keerthi Naik","8200000315","3",NULL,"2026-08-11 06:41:14.939","2026-08-11 06:41:14.939","E2004720A000000000013B","W20-D-000315","E2004720B000000000013B","W20-W-000315",12.90932800,77.62962400
4748,"7200000316","Zone B - Division 20 - Ward 20 - Block 4","Individual HHs","7-16","3rd Floor","Tenant","Lakshmi Naik","8200000316","4",NULL,"2026-08-11 06:41:14.939","2026-08-11 06:41:14.939","E2004720A000000000013C","W20-D-000316","E2004720B000000000013C","W20-W-000316",12.90933000,77.62977400
4749,"7200000317","Zone B - Division 20 - Ward 20 - Block 4","Individual HHs","7-17","Ground floor","Owner","Deepa Naik","8200000317","5",NULL,"2026-08-11 06:41:14.939","2026-08-11 06:41:14.939","E2004720A000000000013D","W20-D-000317","E2004720B000000000013D","W20-W-000317",12.90933200,77.62992400
4750,"7200000318","Zone B - Division 20 - Ward 20 - Block 4","Individual HHs","7-18","1st Floor","Tenant","Asha Naik","8200000318","6",NULL,"2026-08-11 06:41:14.939","2026-08-11 06:41:14.939","E2004720A000000000013E","W20-D-000318","E2004720B000000000013E","W20-W-000318",12.90933400,77.63007400
4751,"7200000319","Zone B - Division 20 - Ward 20 - Block 4","Individual HHs","7-19","2nd Floor","Owner","Pallavi Naik","8200000319","1",NULL,"2026-08-11 06:41:14.939","2026-08-11 06:41:14.939","E2004720A000000000013F","W20-D-000319","E2004720B000000000013F","W20-W-000319",12.90933600,77.63022400
4752,"7200000320","Zone B - Division 20 - Ward 20 - Block 4","Individual HHs","7-20","3rd Floor","Tenant","Bhavana Naik","8200000320","2",NULL,"2026-08-11 06:41:14.939","2026-08-11 06:41:14.939","E2004720A0000000000140","W20-D-000320","E2004720B0000000000140","W20-W-000320",12.90933800,77.63037400
4753,"7200000321","Zone B - Division 20 - Ward 20 - Block 4","Individual HHs","7-21","Ground floor","Owner","Aarav Joshi","8200000321","3",NULL,"2026-08-11 06:41:14.939","2026-08-11 06:41:14.939","E2004720A0000000000141","W20-D-000321","E2004720B0000000000141","W20-W-000321",12.90934000,77.63052400
4754,"7200000322","Zone B - Division 20 - Ward 20 - Block 4","Individual HHs","7-22","1st Floor","Tenant","Vihaan Joshi","8200000322","4",NULL,"2026-08-11 06:41:14.939","2026-08-11 06:41:14.939","E2004720A0000000000142","W20-D-000322","E2004720B0000000000142","W20-W-000322",12.90934200,77.63067400
4755,"7200000323","Zone B - Division 20 - Ward 20 - Block 4","Individual HHs","7-23","2nd Floor","Owner","Aditya Joshi","8200000323","5",NULL,"2026-08-11 06:41:14.939","2026-08-11 06:41:14.939","E2004720A0000000000143","W20-D-000323","E2004720B0000000000143","W20-W-000323",12.90934400,77.63082400
4756,"7200000324","Zone B - Division 20 - Ward 20 - Block 4","Individual HHs","7-24","3rd Floor","Tenant","Arjun Joshi","8200000324","6",NULL,"2026-08-11 06:41:14.939","2026-08-11 06:41:14.939","E2004720A0000000000144","W20-D-000324","E2004720B0000000000144","W20-W-000324",12.90934600,77.63097400
4757,"7200000325","Zone B - Division 20 - Ward 20 - Block 4","Individual HHs","7-25","Ground floor","Owner","Rohan Joshi","8200000325","1",NULL,"2026-08-11 06:41:14.939","2026-08-11 06:41:14.939","E2004720A0000000000145","W20-D-000325","E2004720B0000000000145","W20-W-000325",12.90934800,77.63112400
4758,"7200000326","Zone B - Division 20 - Ward 20 - Block 4","Individual HHs","7-26","1st Floor","Tenant","Rahul Joshi","8200000326","2",NULL,"2026-08-11 06:41:14.939","2026-08-11 06:41:14.939","E2004720A0000000000146","W20-D-000326","E2004720B0000000000146","W20-W-000326",12.90945000,77.62752600
4759,"7200000327","Zone B - Division 20 - Ward 20 - Block 4","Individual HHs","7-27","2nd Floor","Owner","Karthik Joshi","8200000327","3",NULL,"2026-08-11 06:41:14.939","2026-08-11 06:41:14.939","E2004720A0000000000147","W20-D-000327","E2004720B0000000000147","W20-W-000327",12.90945200,77.62767600
4760,"7200000328","Zone B - Division 20 - Ward 20 - Block 4","Individual HHs","7-28","3rd Floor","Tenant","Vikram Joshi","8200000328","4",NULL,"2026-08-11 06:41:14.939","2026-08-11 06:41:14.939","E2004720A0000000000148","W20-D-000328","E2004720B0000000000148","W20-W-000328",12.90945400,77.62782600
4761,"7200000329","Zone B - Division 20 - Ward 20 - Block 4","Individual HHs","7-29","Ground floor","Owner","Akash Joshi","8200000329","5",NULL,"2026-08-11 06:41:14.939","2026-08-11 06:41:14.939","E2004720A0000000000149","W20-D-000329","E2004720B0000000000149","W20-W-000329",12.90945600,77.62797600
4762,"7200000330","Zone B - Division 20 - Ward 20 - Block 4","Individual HHs","7-30","1st Floor","Tenant","Siddharth Joshi","8200000330","6",NULL,"2026-08-11 06:41:14.939","2026-08-11 06:41:14.939","E2004720A000000000014A","W20-D-000330","E2004720B000000000014A","W20-W-000330",12.90945800,77.62812600
4763,"7200000331","Zone B - Division 20 - Ward 20 - Block 4","Individual HHs","7-31","2nd Floor","Owner","Ananya Joshi","8200000331","1",NULL,"2026-08-11 06:41:14.939","2026-08-11 06:41:14.939","E2004720A000000000014B","W20-D-000331","E2004720B000000000014B","W20-W-000331",12.90946000,77.62827600
4764,"7200000332","Zone B - Division 20 - Ward 20 - Block 4","Individual HHs","7-32","3rd Floor","Tenant","Aadhya Joshi","8200000332","2",NULL,"2026-08-11 06:41:14.939","2026-08-11 06:41:14.939","E2004720A000000000014C","W20-D-000332","E2004720B000000000014C","W20-W-000332",12.90946200,77.62842600
4765,"7200000333","Zone B - Division 20 - Ward 20 - Block 4","Individual HHs","7-33","Ground floor","Owner","Diya Joshi","8200000333","3",NULL,"2026-08-11 06:41:14.939","2026-08-11 06:41:14.939","E2004720A000000000014D","W20-D-000333","E2004720B000000000014D","W20-W-000333",12.90946400,77.62857600
4766,"7200000334","Zone B - Division 20 - Ward 20 - Block 4","Individual HHs","7-34","1st Floor","Tenant","Ishita Joshi","8200000334","4",NULL,"2026-08-11 06:41:14.939","2026-08-11 06:41:14.939","E2004720A000000000014E","W20-D-000334","E2004720B000000000014E","W20-W-000334",12.90946600,77.62872600
4767,"7200000335","Zone B - Division 20 - Ward 20 - Block 4","Individual HHs","7-35","2nd Floor","Owner","Kavya Joshi","8200000335","5",NULL,"2026-08-11 06:41:14.939","2026-08-11 06:41:14.939","E2004720A000000000014F","W20-D-000335","E2004720B000000000014F","W20-W-000335",12.90946800,77.62887600
4768,"7200000336","Zone B - Division 20 - Ward 20 - Block 4","Individual HHs","7-36","3rd Floor","Tenant","Meera Joshi","8200000336","6",NULL,"2026-08-11 06:41:14.939","2026-08-11 06:41:14.939","E2004720A0000000000150","W20-D-000336","E2004720B0000000000150","W20-W-000336",12.90947000,77.62902600
4769,"7200000337","Zone B - Division 20 - Ward 20 - Block 4","Individual HHs","7-37","Ground floor","Owner","Sneha Joshi","8200000337","1",NULL,"2026-08-11 06:41:14.939","2026-08-11 06:41:14.939","E2004720A0000000000151","W20-D-000337","E2004720B0000000000151","W20-W-000337",12.90947200,77.62917600
4770,"7200000338","Zone B - Division 20 - Ward 20 - Block 4","Individual HHs","7-38","1st Floor","Tenant","Pooja Joshi","8200000338","2",NULL,"2026-08-11 06:41:14.939","2026-08-11 06:41:14.939","E2004720A0000000000152","W20-D-000338","E2004720B0000000000152","W20-W-000338",12.90947400,77.62932600
4771,"7200000339","Zone B - Division 20 - Ward 20 - Block 4","Individual HHs","7-39","2nd Floor","Owner","Riya Joshi","8200000339","3",NULL,"2026-08-11 06:41:14.939","2026-08-11 06:41:14.939","E2004720A0000000000153","W20-D-000339","E2004720B0000000000153","W20-W-000339",12.90947600,77.62947600
4772,"7200000340","Zone B - Division 20 - Ward 20 - Block 4","Individual HHs","7-40","3rd Floor","Tenant","Nandini Joshi","8200000340","4",NULL,"2026-08-11 06:41:14.939","2026-08-11 06:41:14.939","E2004720A0000000000154","W20-D-000340","E2004720B0000000000154","W20-W-000340",12.90947800,77.62962600
4773,"7200000341","Zone B - Division 20 - Ward 20 - Block 4","Individual HHs","7-41","Ground floor","Owner","Sanjay Joshi","8200000341","5",NULL,"2026-08-11 06:41:14.939","2026-08-11 06:41:14.939","E2004720A0000000000155","W20-D-000341","E2004720B0000000000155","W20-W-000341",12.90948000,77.62977600
4774,"7200000342","Zone B - Division 20 - Ward 20 - Block 4","Individual HHs","7-42","1st Floor","Tenant","Manoj Joshi","8200000342","6",NULL,"2026-08-11 06:41:14.939","2026-08-11 06:41:14.939","E2004720A0000000000156","W20-D-000342","E2004720B0000000000156","W20-W-000342",12.90948200,77.62992600
4775,"7200000343","Zone B - Division 20 - Ward 20 - Block 4","Individual HHs","7-43","2nd Floor","Owner","Suresh Joshi","8200000343","1",NULL,"2026-08-11 06:41:14.939","2026-08-11 06:41:14.939","E2004720A0000000000157","W20-D-000343","E2004720B0000000000157","W20-W-000343",12.90948400,77.63007600
4776,"7200000344","Zone B - Division 20 - Ward 20 - Block 4","Individual HHs","7-44","3rd Floor","Tenant","Mahesh Joshi","8200000344","2",NULL,"2026-08-11 06:41:14.939","2026-08-11 06:41:14.939","E2004720A0000000000158","W20-D-000344","E2004720B0000000000158","W20-W-000344",12.90948600,77.63022600
4777,"7200000345","Zone B - Division 20 - Ward 20 - Block 4","Individual HHs","7-45","Ground floor","Owner","Prakash Joshi","8200000345","3",NULL,"2026-08-11 06:41:14.939","2026-08-11 06:41:14.939","E2004720A0000000000159","W20-D-000345","E2004720B0000000000159","W20-W-000345",12.90948800,77.63037600
4778,"7200000346","Zone B - Division 20 - Ward 20 - Block 4","Individual HHs","7-46","1st Floor","Tenant","Ramesh Joshi","8200000346","4",NULL,"2026-08-11 06:41:14.939","2026-08-11 06:41:14.939","E2004720A000000000015A","W20-D-000346","E2004720B000000000015A","W20-W-000346",12.90949000,77.63052600
4779,"7200000347","Zone B - Division 20 - Ward 20 - Block 4","Individual HHs","7-47","2nd Floor","Owner","Ganesh Joshi","8200000347","5",NULL,"2026-08-11 06:41:14.939","2026-08-11 06:41:14.939","E2004720A000000000015B","W20-D-000347","E2004720B000000000015B","W20-W-000347",12.90949200,77.63067600
4780,"7200000348","Zone B - Division 20 - Ward 20 - Block 4","Individual HHs","7-48","3rd Floor","Tenant","Dinesh Joshi","8200000348","6",NULL,"2026-08-11 06:41:14.939","2026-08-11 06:41:14.939","E2004720A000000000015C","W20-D-000348","E2004720B000000000015C","W20-W-000348",12.90949400,77.63082600
4781,"7200000349","Zone B - Division 20 - Ward 20 - Block 4","Individual HHs","7-49","Ground floor","Owner","Nikhil Joshi","8200000349","1",NULL,"2026-08-11 06:41:14.939","2026-08-11 06:41:14.939","E2004720A000000000015D","W20-D-000349","E2004720B000000000015D","W20-W-000349",12.90949600,77.63097600
4782,"7200000350","Zone B - Division 20 - Ward 20 - Block 4","Individual HHs","7-50","1st Floor","Tenant","Varun Joshi","8200000350","2",NULL,"2026-08-11 06:41:14.939","2026-08-11 06:41:14.939","E2004720A000000000015E","W20-D-000350","E2004720B000000000015E","W20-W-000350",12.90949800,77.63112600
4783,"7200000351","Zone B - Division 20 - Ward 20 - Block 4","Individual HHs","8-01","2nd Floor","Owner","Priya Joshi","8200000351","3",NULL,"2026-08-11 06:41:14.939","2026-08-11 06:41:14.939","E2004720A000000000015F","W20-D-000351","E2004720B000000000015F","W20-W-000351",12.90960000,77.62752800
4784,"7200000352","Zone B - Division 20 - Ward 20 - Block 4","Individual HHs","8-02","3rd Floor","Tenant","Divya Joshi","8200000352","4",NULL,"2026-08-11 06:41:14.939","2026-08-11 06:41:14.939","E2004720A0000000000160","W20-D-000352","E2004720B0000000000160","W20-W-000352",12.90960200,77.62767800
4785,"7200000353","Zone B - Division 20 - Ward 20 - Block 4","Individual HHs","8-03","Ground floor","Owner","Swathi Joshi","8200000353","5",NULL,"2026-08-11 06:41:14.939","2026-08-11 06:41:14.939","E2004720A0000000000161","W20-D-000353","E2004720B0000000000161","W20-W-000353",12.90960400,77.62782800
4786,"7200000354","Zone B - Division 20 - Ward 20 - Block 4","Individual HHs","8-04","1st Floor","Tenant","Shreya Joshi","8200000354","6",NULL,"2026-08-11 06:41:14.939","2026-08-11 06:41:14.939","E2004720A0000000000162","W20-D-000354","E2004720B0000000000162","W20-W-000354",12.90960600,77.62797800
4787,"7200000355","Zone B - Division 20 - Ward 20 - Block 4","Individual HHs","8-05","2nd Floor","Owner","Keerthi Joshi","8200000355","1",NULL,"2026-08-11 06:41:14.939","2026-08-11 06:41:14.939","E2004720A0000000000163","W20-D-000355","E2004720B0000000000163","W20-W-000355",12.90960800,77.62812800
4788,"7200000356","Zone B - Division 20 - Ward 20 - Block 4","Individual HHs","8-06","3rd Floor","Tenant","Lakshmi Joshi","8200000356","2",NULL,"2026-08-11 06:41:14.939","2026-08-11 06:41:14.939","E2004720A0000000000164","W20-D-000356","E2004720B0000000000164","W20-W-000356",12.90961000,77.62827800
4789,"7200000357","Zone B - Division 20 - Ward 20 - Block 4","Individual HHs","8-07","Ground floor","Owner","Deepa Joshi","8200000357","3",NULL,"2026-08-11 06:41:14.939","2026-08-11 06:41:14.939","E2004720A0000000000165","W20-D-000357","E2004720B0000000000165","W20-W-000357",12.90961200,77.62842800
4790,"7200000358","Zone B - Division 20 - Ward 20 - Block 4","Individual HHs","8-08","1st Floor","Tenant","Asha Joshi","8200000358","4",NULL,"2026-08-11 06:41:14.939","2026-08-11 06:41:14.939","E2004720A0000000000166","W20-D-000358","E2004720B0000000000166","W20-W-000358",12.90961400,77.62857800
4791,"7200000359","Zone B - Division 20 - Ward 20 - Block 4","Individual HHs","8-09","2nd Floor","Owner","Pallavi Joshi","8200000359","5",NULL,"2026-08-11 06:41:14.939","2026-08-11 06:41:14.939","E2004720A0000000000167","W20-D-000359","E2004720B0000000000167","W20-W-000359",12.90961600,77.62872800
4792,"7200000360","Zone B - Division 20 - Ward 20 - Block 4","Individual HHs","8-10","3rd Floor","Tenant","Bhavana Joshi","8200000360","6",NULL,"2026-08-11 06:41:14.939","2026-08-11 06:41:14.939","E2004720A0000000000168","W20-D-000360","E2004720B0000000000168","W20-W-000360",12.90961800,77.62887800
4793,"7200000361","Zone B - Division 20 - Ward 20 - Block 4","Individual HHs","8-11","Ground floor","Owner","Aarav Nair","8200000361","1",NULL,"2026-08-11 06:41:14.939","2026-08-11 06:41:14.939","E2004720A0000000000169","W20-D-000361","E2004720B0000000000169","W20-W-000361",12.90962000,77.62902800
4794,"7200000362","Zone B - Division 20 - Ward 20 - Block 4","Individual HHs","8-12","1st Floor","Tenant","Vihaan Nair","8200000362","2",NULL,"2026-08-11 06:41:14.939","2026-08-11 06:41:14.939","E2004720A000000000016A","W20-D-000362","E2004720B000000000016A","W20-W-000362",12.90962200,77.62917800
4795,"7200000363","Zone B - Division 20 - Ward 20 - Block 4","Individual HHs","8-13","2nd Floor","Owner","Aditya Nair","8200000363","3",NULL,"2026-08-11 06:41:14.939","2026-08-11 06:41:14.939","E2004720A000000000016B","W20-D-000363","E2004720B000000000016B","W20-W-000363",12.90962400,77.62932800
4796,"7200000364","Zone B - Division 20 - Ward 20 - Block 4","Individual HHs","8-14","3rd Floor","Tenant","Arjun Nair","8200000364","4",NULL,"2026-08-11 06:41:14.939","2026-08-11 06:41:14.939","E2004720A000000000016C","W20-D-000364","E2004720B000000000016C","W20-W-000364",12.90962600,77.62947800
4797,"7200000365","Zone B - Division 20 - Ward 20 - Block 4","Individual HHs","8-15","Ground floor","Owner","Rohan Nair","8200000365","5",NULL,"2026-08-11 06:41:14.939","2026-08-11 06:41:14.939","E2004720A000000000016D","W20-D-000365","E2004720B000000000016D","W20-W-000365",12.90962800,77.62962800
4798,"7200000366","Zone B - Division 20 - Ward 20 - Block 4","Individual HHs","8-16","1st Floor","Tenant","Rahul Nair","8200000366","6",NULL,"2026-08-11 06:41:14.939","2026-08-11 06:41:14.939","E2004720A000000000016E","W20-D-000366","E2004720B000000000016E","W20-W-000366",12.90963000,77.62977800
4799,"7200000367","Zone B - Division 20 - Ward 20 - Block 4","Individual HHs","8-17","2nd Floor","Owner","Karthik Nair","8200000367","1",NULL,"2026-08-11 06:41:14.939","2026-08-11 06:41:14.939","E2004720A000000000016F","W20-D-000367","E2004720B000000000016F","W20-W-000367",12.90963200,77.62992800
4800,"7200000368","Zone B - Division 20 - Ward 20 - Block 4","Individual HHs","8-18","3rd Floor","Tenant","Vikram Nair","8200000368","2",NULL,"2026-08-11 06:41:14.939","2026-08-11 06:41:14.939","E2004720A0000000000170","W20-D-000368","E2004720B0000000000170","W20-W-000368",12.90963400,77.63007800
4801,"7200000369","Zone B - Division 20 - Ward 20 - Block 4","Individual HHs","8-19","Ground floor","Owner","Akash Nair","8200000369","3",NULL,"2026-08-11 06:41:14.939","2026-08-11 06:41:14.939","E2004720A0000000000171","W20-D-000369","E2004720B0000000000171","W20-W-000369",12.90963600,77.63022800
4802,"7200000370","Zone B - Division 20 - Ward 20 - Block 4","Individual HHs","8-20","1st Floor","Tenant","Siddharth Nair","8200000370","4",NULL,"2026-08-11 06:41:14.939","2026-08-11 06:41:14.939","E2004720A0000000000172","W20-D-000370","E2004720B0000000000172","W20-W-000370",12.90963800,77.63037800
4803,"7200000371","Zone B - Division 20 - Ward 20 - Block 4","Individual HHs","8-21","2nd Floor","Owner","Ananya Nair","8200000371","5",NULL,"2026-08-11 06:41:14.939","2026-08-11 06:41:14.939","E2004720A0000000000173","W20-D-000371","E2004720B0000000000173","W20-W-000371",12.90964000,77.63052800
4804,"7200000372","Zone B - Division 20 - Ward 20 - Block 4","Individual HHs","8-22","3rd Floor","Tenant","Aadhya Nair","8200000372","6",NULL,"2026-08-11 06:41:14.939","2026-08-11 06:41:14.939","E2004720A0000000000174","W20-D-000372","E2004720B0000000000174","W20-W-000372",12.90964200,77.63067800
4805,"7200000373","Zone B - Division 20 - Ward 20 - Block 4","Individual HHs","8-23","Ground floor","Owner","Diya Nair","8200000373","1",NULL,"2026-08-11 06:41:14.939","2026-08-11 06:41:14.939","E2004720A0000000000175","W20-D-000373","E2004720B0000000000175","W20-W-000373",12.90964400,77.63082800
4806,"7200000374","Zone B - Division 20 - Ward 20 - Block 4","Individual HHs","8-24","1st Floor","Tenant","Ishita Nair","8200000374","2",NULL,"2026-08-11 06:41:14.939","2026-08-11 06:41:14.939","E2004720A0000000000176","W20-D-000374","E2004720B0000000000176","W20-W-000374",12.90964600,77.63097800
4807,"7200000375","Zone B - Division 20 - Ward 20 - Block 4","Individual HHs","8-25","2nd Floor","Owner","Kavya Nair","8200000375","3",NULL,"2026-08-11 06:41:14.939","2026-08-11 06:41:14.939","E2004720A0000000000177","W20-D-000375","E2004720B0000000000177","W20-W-000375",12.90964800,77.63112800
4808,"7200000376","Zone B - Division 20 - Ward 20 - Block 4","Individual HHs","8-26","3rd Floor","Tenant","Meera Nair","8200000376","4",NULL,"2026-08-11 06:41:14.939","2026-08-11 06:41:14.939","E2004720A0000000000178","W20-D-000376","E2004720B0000000000178","W20-W-000376",12.90975000,77.62753000
4809,"7200000377","Zone B - Division 20 - Ward 20 - Block 4","Individual HHs","8-27","Ground floor","Owner","Sneha Nair","8200000377","5",NULL,"2026-08-11 06:41:14.939","2026-08-11 06:41:14.939","E2004720A0000000000179","W20-D-000377","E2004720B0000000000179","W20-W-000377",12.90975200,77.62768000
4810,"7200000378","Zone B - Division 20 - Ward 20 - Block 4","Individual HHs","8-28","1st Floor","Tenant","Pooja Nair","8200000378","6",NULL,"2026-08-11 06:41:14.939","2026-08-11 06:41:14.939","E2004720A000000000017A","W20-D-000378","E2004720B000000000017A","W20-W-000378",12.90975400,77.62783000
4811,"7200000379","Zone B - Division 20 - Ward 20 - Block 4","Individual HHs","8-29","2nd Floor","Owner","Riya Nair","8200000379","1",NULL,"2026-08-11 06:41:14.939","2026-08-11 06:41:14.939","E2004720A000000000017B","W20-D-000379","E2004720B000000000017B","W20-W-000379",12.90975600,77.62798000
4812,"7200000380","Zone B - Division 20 - Ward 20 - Block 4","Individual HHs","8-30","3rd Floor","Tenant","Nandini Nair","8200000380","2",NULL,"2026-08-11 06:41:14.939","2026-08-11 06:41:14.939","E2004720A000000000017C","W20-D-000380","E2004720B000000000017C","W20-W-000380",12.90975800,77.62813000
4813,"7200000381","Zone B - Division 20 - Ward 20 - Block 4","Individual HHs","8-31","Ground floor","Owner","Sanjay Nair","8200000381","3",NULL,"2026-08-11 06:41:14.939","2026-08-11 06:41:14.939","E2004720A000000000017D","W20-D-000381","E2004720B000000000017D","W20-W-000381",12.90976000,77.62828000
4814,"7200000382","Zone B - Division 20 - Ward 20 - Block 4","Individual HHs","8-32","1st Floor","Tenant","Manoj Nair","8200000382","4",NULL,"2026-08-11 06:41:14.939","2026-08-11 06:41:14.939","E2004720A000000000017E","W20-D-000382","E2004720B000000000017E","W20-W-000382",12.90976200,77.62843000
4815,"7200000383","Zone B - Division 20 - Ward 20 - Block 4","Individual HHs","8-33","2nd Floor","Owner","Suresh Nair","8200000383","5",NULL,"2026-08-11 06:41:14.939","2026-08-11 06:41:14.939","E2004720A000000000017F","W20-D-000383","E2004720B000000000017F","W20-W-000383",12.90976400,77.62858000
4816,"7200000384","Zone B - Division 20 - Ward 20 - Block 4","Individual HHs","8-34","3rd Floor","Tenant","Mahesh Nair","8200000384","6",NULL,"2026-08-11 06:41:14.939","2026-08-11 06:41:14.939","E2004720A0000000000180","W20-D-000384","E2004720B0000000000180","W20-W-000384",12.90976600,77.62873000
4817,"7200000385","Zone B - Division 20 - Ward 20 - Block 4","Individual HHs","8-35","Ground floor","Owner","Prakash Nair","8200000385","1",NULL,"2026-08-11 06:41:14.939","2026-08-11 06:41:14.939","E2004720A0000000000181","W20-D-000385","E2004720B0000000000181","W20-W-000385",12.90976800,77.62888000
4818,"7200000386","Zone B - Division 20 - Ward 20 - Block 4","Individual HHs","8-36","1st Floor","Tenant","Ramesh Nair","8200000386","2",NULL,"2026-08-11 06:41:14.939","2026-08-11 06:41:14.939","E2004720A0000000000182","W20-D-000386","E2004720B0000000000182","W20-W-000386",12.90977000,77.62903000
4819,"7200000387","Zone B - Division 20 - Ward 20 - Block 4","Individual HHs","8-37","2nd Floor","Owner","Ganesh Nair","8200000387","3",NULL,"2026-08-11 06:41:14.939","2026-08-11 06:41:14.939","E2004720A0000000000183","W20-D-000387","E2004720B0000000000183","W20-W-000387",12.90977200,77.62918000
4820,"7200000388","Zone B - Division 20 - Ward 20 - Block 4","Individual HHs","8-38","3rd Floor","Tenant","Dinesh Nair","8200000388","4",NULL,"2026-08-11 06:41:14.939","2026-08-11 06:41:14.939","E2004720A0000000000184","W20-D-000388","E2004720B0000000000184","W20-W-000388",12.90977400,77.62933000
4821,"7200000389","Zone B - Division 20 - Ward 20 - Block 4","Individual HHs","8-39","Ground floor","Owner","Nikhil Nair","8200000389","5",NULL,"2026-08-11 06:41:14.939","2026-08-11 06:41:14.939","E2004720A0000000000185","W20-D-000389","E2004720B0000000000185","W20-W-000389",12.90977600,77.62948000
4822,"7200000390","Zone B - Division 20 - Ward 20 - Block 4","Individual HHs","8-40","1st Floor","Tenant","Varun Nair","8200000390","6",NULL,"2026-08-11 06:41:14.939","2026-08-11 06:41:14.939","E2004720A0000000000186","W20-D-000390","E2004720B0000000000186","W20-W-000390",12.90977800,77.62963000
4823,"7200000391","Zone B - Division 20 - Ward 20 - Block 4","Individual HHs","8-41","2nd Floor","Owner","Priya Nair","8200000391","1",NULL,"2026-08-11 06:41:14.939","2026-08-11 06:41:14.939","E2004720A0000000000187","W20-D-000391","E2004720B0000000000187","W20-W-000391",12.90978000,77.62978000
4824,"7200000392","Zone B - Division 20 - Ward 20 - Block 4","Individual HHs","8-42","3rd Floor","Tenant","Divya Nair","8200000392","2",NULL,"2026-08-11 06:41:14.939","2026-08-11 06:41:14.939","E2004720A0000000000188","W20-D-000392","E2004720B0000000000188","W20-W-000392",12.90978200,77.62993000
4825,"7200000393","Zone B - Division 20 - Ward 20 - Block 4","Individual HHs","8-43","Ground floor","Owner","Swathi Nair","8200000393","3",NULL,"2026-08-11 06:41:14.939","2026-08-11 06:41:14.939","E2004720A0000000000189","W20-D-000393","E2004720B0000000000189","W20-W-000393",12.90978400,77.63008000
4826,"7200000394","Zone B - Division 20 - Ward 20 - Block 4","Individual HHs","8-44","1st Floor","Tenant","Shreya Nair","8200000394","4",NULL,"2026-08-11 06:41:14.939","2026-08-11 06:41:14.939","E2004720A000000000018A","W20-D-000394","E2004720B000000000018A","W20-W-000394",12.90978600,77.63023000
4827,"7200000395","Zone B - Division 20 - Ward 20 - Block 4","Individual HHs","8-45","2nd Floor","Owner","Keerthi Nair","8200000395","5",NULL,"2026-08-11 06:41:14.939","2026-08-11 06:41:14.939","E2004720A000000000018B","W20-D-000395","E2004720B000000000018B","W20-W-000395",12.90978800,77.63038000
4828,"7200000396","Zone B - Division 20 - Ward 20 - Block 4","Individual HHs","8-46","3rd Floor","Tenant","Lakshmi Nair","8200000396","6",NULL,"2026-08-11 06:41:14.939","2026-08-11 06:41:14.939","E2004720A000000000018C","W20-D-000396","E2004720B000000000018C","W20-W-000396",12.90979000,77.63053000
4829,"7200000397","Zone B - Division 20 - Ward 20 - Block 4","Individual HHs","8-47","Ground floor","Owner","Deepa Nair","8200000397","1",NULL,"2026-08-11 06:41:14.939","2026-08-11 06:41:14.939","E2004720A000000000018D","W20-D-000397","E2004720B000000000018D","W20-W-000397",12.90979200,77.63068000
4830,"7200000398","Zone B - Division 20 - Ward 20 - Block 4","Individual HHs","8-48","1st Floor","Tenant","Asha Nair","8200000398","2",NULL,"2026-08-11 06:41:14.939","2026-08-11 06:41:14.939","E2004720A000000000018E","W20-D-000398","E2004720B000000000018E","W20-W-000398",12.90979400,77.63083000
4831,"7200000399","Zone B - Division 20 - Ward 20 - Block 4","Individual HHs","8-49","2nd Floor","Owner","Pallavi Nair","8200000399","3",NULL,"2026-08-11 06:41:14.939","2026-08-11 06:41:14.939","E2004720A000000000018F","W20-D-000399","E2004720B000000000018F","W20-W-000399",12.90979600,77.63098000
4832,"7200000400","Zone B - Division 20 - Ward 20 - Block 4","Individual HHs","8-50","3rd Floor","Tenant","Bhavana Nair","8200000400","4",NULL,"2026-08-11 06:41:14.939","2026-08-11 06:41:14.939","E2004720A0000000000190","W20-D-000400","E2004720B0000000000190","W20-W-000400",12.90979800,77.63113000
4833,"7200000401","Zone B - Division 20 - Ward 20 - Block 5","Individual HHs","9-01","Ground floor","Owner","Aarav Iyer","8200000401","5",NULL,"2026-08-11 06:41:14.939","2026-08-11 06:41:14.939","E2004720A0000000000191","W20-D-000401","E2004720B0000000000191","W20-W-000401",12.90990000,77.62753200
4834,"7200000402","Zone B - Division 20 - Ward 20 - Block 5","Individual HHs","9-02","1st Floor","Tenant","Vihaan Iyer","8200000402","6",NULL,"2026-08-11 06:41:14.939","2026-08-11 06:41:14.939","E2004720A0000000000192","W20-D-000402","E2004720B0000000000192","W20-W-000402",12.90990200,77.62768200
4835,"7200000403","Zone B - Division 20 - Ward 20 - Block 5","Individual HHs","9-03","2nd Floor","Owner","Aditya Iyer","8200000403","1",NULL,"2026-08-11 06:41:14.939","2026-08-11 06:41:14.939","E2004720A0000000000193","W20-D-000403","E2004720B0000000000193","W20-W-000403",12.90990400,77.62783200
4836,"7200000404","Zone B - Division 20 - Ward 20 - Block 5","Individual HHs","9-04","3rd Floor","Tenant","Arjun Iyer","8200000404","2",NULL,"2026-08-11 06:41:14.939","2026-08-11 06:41:14.939","E2004720A0000000000194","W20-D-000404","E2004720B0000000000194","W20-W-000404",12.90990600,77.62798200
4837,"7200000405","Zone B - Division 20 - Ward 20 - Block 5","Individual HHs","9-05","Ground floor","Owner","Rohan Iyer","8200000405","3",NULL,"2026-08-11 06:41:14.939","2026-08-11 06:41:14.939","E2004720A0000000000195","W20-D-000405","E2004720B0000000000195","W20-W-000405",12.90990800,77.62813200
4838,"7200000406","Zone B - Division 20 - Ward 20 - Block 5","Individual HHs","9-06","1st Floor","Tenant","Rahul Iyer","8200000406","4",NULL,"2026-08-11 06:41:14.939","2026-08-11 06:41:14.939","E2004720A0000000000196","W20-D-000406","E2004720B0000000000196","W20-W-000406",12.90991000,77.62828200
4839,"7200000407","Zone B - Division 20 - Ward 20 - Block 5","Individual HHs","9-07","2nd Floor","Owner","Karthik Iyer","8200000407","5",NULL,"2026-08-11 06:41:14.939","2026-08-11 06:41:14.939","E2004720A0000000000197","W20-D-000407","E2004720B0000000000197","W20-W-000407",12.90991200,77.62843200
4840,"7200000408","Zone B - Division 20 - Ward 20 - Block 5","Individual HHs","9-08","3rd Floor","Tenant","Vikram Iyer","8200000408","6",NULL,"2026-08-11 06:41:14.939","2026-08-11 06:41:14.939","E2004720A0000000000198","W20-D-000408","E2004720B0000000000198","W20-W-000408",12.90991400,77.62858200
4841,"7200000409","Zone B - Division 20 - Ward 20 - Block 5","Individual HHs","9-09","Ground floor","Owner","Akash Iyer","8200000409","1",NULL,"2026-08-11 06:41:14.939","2026-08-11 06:41:14.939","E2004720A0000000000199","W20-D-000409","E2004720B0000000000199","W20-W-000409",12.90991600,77.62873200
4842,"7200000410","Zone B - Division 20 - Ward 20 - Block 5","Individual HHs","9-10","1st Floor","Tenant","Siddharth Iyer","8200000410","2",NULL,"2026-08-11 06:41:14.939","2026-08-11 06:41:14.939","E2004720A000000000019A","W20-D-000410","E2004720B000000000019A","W20-W-000410",12.90991800,77.62888200
4843,"7200000411","Zone B - Division 20 - Ward 20 - Block 5","Individual HHs","9-11","2nd Floor","Owner","Ananya Iyer","8200000411","3",NULL,"2026-08-11 06:41:14.939","2026-08-11 06:41:14.939","E2004720A000000000019B","W20-D-000411","E2004720B000000000019B","W20-W-000411",12.90992000,77.62903200
4844,"7200000412","Zone B - Division 20 - Ward 20 - Block 5","Individual HHs","9-12","3rd Floor","Tenant","Aadhya Iyer","8200000412","4",NULL,"2026-08-11 06:41:14.939","2026-08-11 06:41:14.939","E2004720A000000000019C","W20-D-000412","E2004720B000000000019C","W20-W-000412",12.90992200,77.62918200
4845,"7200000413","Zone B - Division 20 - Ward 20 - Block 5","Individual HHs","9-13","Ground floor","Owner","Diya Iyer","8200000413","5",NULL,"2026-08-11 06:41:14.939","2026-08-11 06:41:14.939","E2004720A000000000019D","W20-D-000413","E2004720B000000000019D","W20-W-000413",12.90992400,77.62933200
4846,"7200000414","Zone B - Division 20 - Ward 20 - Block 5","Individual HHs","9-14","1st Floor","Tenant","Ishita Iyer","8200000414","6",NULL,"2026-08-11 06:41:14.939","2026-08-11 06:41:14.939","E2004720A000000000019E","W20-D-000414","E2004720B000000000019E","W20-W-000414",12.90992600,77.62948200
4847,"7200000415","Zone B - Division 20 - Ward 20 - Block 5","Individual HHs","9-15","2nd Floor","Owner","Kavya Iyer","8200000415","1",NULL,"2026-08-11 06:41:14.939","2026-08-11 06:41:14.939","E2004720A000000000019F","W20-D-000415","E2004720B000000000019F","W20-W-000415",12.90992800,77.62963200
4848,"7200000416","Zone B - Division 20 - Ward 20 - Block 5","Individual HHs","9-16","3rd Floor","Tenant","Meera Iyer","8200000416","2",NULL,"2026-08-11 06:41:14.939","2026-08-11 06:41:14.939","E2004720A00000000001A0","W20-D-000416","E2004720B00000000001A0","W20-W-000416",12.90993000,77.62978200
4849,"7200000417","Zone B - Division 20 - Ward 20 - Block 5","Individual HHs","9-17","Ground floor","Owner","Sneha Iyer","8200000417","3",NULL,"2026-08-11 06:41:14.939","2026-08-11 06:41:14.939","E2004720A00000000001A1","W20-D-000417","E2004720B00000000001A1","W20-W-000417",12.90993200,77.62993200
4850,"7200000418","Zone B - Division 20 - Ward 20 - Block 5","Individual HHs","9-18","1st Floor","Tenant","Pooja Iyer","8200000418","4",NULL,"2026-08-11 06:41:14.939","2026-08-11 06:41:14.939","E2004720A00000000001A2","W20-D-000418","E2004720B00000000001A2","W20-W-000418",12.90993400,77.63008200
4851,"7200000419","Zone B - Division 20 - Ward 20 - Block 5","Individual HHs","9-19","2nd Floor","Owner","Riya Iyer","8200000419","5",NULL,"2026-08-11 06:41:14.939","2026-08-11 06:41:14.939","E2004720A00000000001A3","W20-D-000419","E2004720B00000000001A3","W20-W-000419",12.90993600,77.63023200
4852,"7200000420","Zone B - Division 20 - Ward 20 - Block 5","Individual HHs","9-20","3rd Floor","Tenant","Nandini Iyer","8200000420","6",NULL,"2026-08-11 06:41:14.939","2026-08-11 06:41:14.939","E2004720A00000000001A4","W20-D-000420","E2004720B00000000001A4","W20-W-000420",12.90993800,77.63038200
4853,"7200000421","Zone B - Division 20 - Ward 20 - Block 5","Individual HHs","9-21","Ground floor","Owner","Sanjay Iyer","8200000421","1",NULL,"2026-08-11 06:41:14.939","2026-08-11 06:41:14.939","E2004720A00000000001A5","W20-D-000421","E2004720B00000000001A5","W20-W-000421",12.90994000,77.63053200
4854,"7200000422","Zone B - Division 20 - Ward 20 - Block 5","Individual HHs","9-22","1st Floor","Tenant","Manoj Iyer","8200000422","2",NULL,"2026-08-11 06:41:14.939","2026-08-11 06:41:14.939","E2004720A00000000001A6","W20-D-000422","E2004720B00000000001A6","W20-W-000422",12.90994200,77.63068200
4855,"7200000423","Zone B - Division 20 - Ward 20 - Block 5","Individual HHs","9-23","2nd Floor","Owner","Suresh Iyer","8200000423","3",NULL,"2026-08-11 06:41:14.939","2026-08-11 06:41:14.939","E2004720A00000000001A7","W20-D-000423","E2004720B00000000001A7","W20-W-000423",12.90994400,77.63083200
4856,"7200000424","Zone B - Division 20 - Ward 20 - Block 5","Individual HHs","9-24","3rd Floor","Tenant","Mahesh Iyer","8200000424","4",NULL,"2026-08-11 06:41:14.939","2026-08-11 06:41:14.939","E2004720A00000000001A8","W20-D-000424","E2004720B00000000001A8","W20-W-000424",12.90994600,77.63098200
4857,"7200000425","Zone B - Division 20 - Ward 20 - Block 5","Individual HHs","9-25","Ground floor","Owner","Prakash Iyer","8200000425","5",NULL,"2026-08-11 06:41:14.939","2026-08-11 06:41:14.939","E2004720A00000000001A9","W20-D-000425","E2004720B00000000001A9","W20-W-000425",12.90994800,77.63113200
4858,"7200000426","Zone B - Division 20 - Ward 20 - Block 5","Individual HHs","9-26","1st Floor","Tenant","Ramesh Iyer","8200000426","6",NULL,"2026-08-11 06:41:14.939","2026-08-11 06:41:14.939","E2004720A00000000001AA","W20-D-000426","E2004720B00000000001AA","W20-W-000426",12.91005000,77.62753400
4859,"7200000427","Zone B - Division 20 - Ward 20 - Block 5","Individual HHs","9-27","2nd Floor","Owner","Ganesh Iyer","8200000427","1",NULL,"2026-08-11 06:41:14.939","2026-08-11 06:41:14.939","E2004720A00000000001AB","W20-D-000427","E2004720B00000000001AB","W20-W-000427",12.91005200,77.62768400
4860,"7200000428","Zone B - Division 20 - Ward 20 - Block 5","Individual HHs","9-28","3rd Floor","Tenant","Dinesh Iyer","8200000428","2",NULL,"2026-08-11 06:41:14.939","2026-08-11 06:41:14.939","E2004720A00000000001AC","W20-D-000428","E2004720B00000000001AC","W20-W-000428",12.91005400,77.62783400
4861,"7200000429","Zone B - Division 20 - Ward 20 - Block 5","Individual HHs","9-29","Ground floor","Owner","Nikhil Iyer","8200000429","3",NULL,"2026-08-11 06:41:14.939","2026-08-11 06:41:14.939","E2004720A00000000001AD","W20-D-000429","E2004720B00000000001AD","W20-W-000429",12.91005600,77.62798400
4862,"7200000430","Zone B - Division 20 - Ward 20 - Block 5","Individual HHs","9-30","1st Floor","Tenant","Varun Iyer","8200000430","4",NULL,"2026-08-11 06:41:14.939","2026-08-11 06:41:14.939","E2004720A00000000001AE","W20-D-000430","E2004720B00000000001AE","W20-W-000430",12.91005800,77.62813400
4863,"7200000431","Zone B - Division 20 - Ward 20 - Block 5","Individual HHs","9-31","2nd Floor","Owner","Priya Iyer","8200000431","5",NULL,"2026-08-11 06:41:14.939","2026-08-11 06:41:14.939","E2004720A00000000001AF","W20-D-000431","E2004720B00000000001AF","W20-W-000431",12.91006000,77.62828400
4864,"7200000432","Zone B - Division 20 - Ward 20 - Block 5","Individual HHs","9-32","3rd Floor","Tenant","Divya Iyer","8200000432","6",NULL,"2026-08-11 06:41:14.939","2026-08-11 06:41:14.939","E2004720A00000000001B0","W20-D-000432","E2004720B00000000001B0","W20-W-000432",12.91006200,77.62843400
4865,"7200000433","Zone B - Division 20 - Ward 20 - Block 5","Individual HHs","9-33","Ground floor","Owner","Swathi Iyer","8200000433","1",NULL,"2026-08-11 06:41:14.939","2026-08-11 06:41:14.939","E2004720A00000000001B1","W20-D-000433","E2004720B00000000001B1","W20-W-000433",12.91006400,77.62858400
4866,"7200000434","Zone B - Division 20 - Ward 20 - Block 5","Individual HHs","9-34","1st Floor","Tenant","Shreya Iyer","8200000434","2",NULL,"2026-08-11 06:41:14.939","2026-08-11 06:41:14.939","E2004720A00000000001B2","W20-D-000434","E2004720B00000000001B2","W20-W-000434",12.91006600,77.62873400
4867,"7200000435","Zone B - Division 20 - Ward 20 - Block 5","Individual HHs","9-35","2nd Floor","Owner","Keerthi Iyer","8200000435","3",NULL,"2026-08-11 06:41:14.939","2026-08-11 06:41:14.939","E2004720A00000000001B3","W20-D-000435","E2004720B00000000001B3","W20-W-000435",12.91006800,77.62888400
4868,"7200000436","Zone B - Division 20 - Ward 20 - Block 5","Individual HHs","9-36","3rd Floor","Tenant","Lakshmi Iyer","8200000436","4",NULL,"2026-08-11 06:41:14.939","2026-08-11 06:41:14.939","E2004720A00000000001B4","W20-D-000436","E2004720B00000000001B4","W20-W-000436",12.91007000,77.62903400
4869,"7200000437","Zone B - Division 20 - Ward 20 - Block 5","Individual HHs","9-37","Ground floor","Owner","Deepa Iyer","8200000437","5",NULL,"2026-08-11 06:41:14.939","2026-08-11 06:41:14.939","E2004720A00000000001B5","W20-D-000437","E2004720B00000000001B5","W20-W-000437",12.91007200,77.62918400
4870,"7200000438","Zone B - Division 20 - Ward 20 - Block 5","Individual HHs","9-38","1st Floor","Tenant","Asha Iyer","8200000438","6",NULL,"2026-08-11 06:41:14.939","2026-08-11 06:41:14.939","E2004720A00000000001B6","W20-D-000438","E2004720B00000000001B6","W20-W-000438",12.91007400,77.62933400
4871,"7200000439","Zone B - Division 20 - Ward 20 - Block 5","Individual HHs","9-39","2nd Floor","Owner","Pallavi Iyer","8200000439","1",NULL,"2026-08-11 06:41:14.939","2026-08-11 06:41:14.939","E2004720A00000000001B7","W20-D-000439","E2004720B00000000001B7","W20-W-000439",12.91007600,77.62948400
4872,"7200000440","Zone B - Division 20 - Ward 20 - Block 5","Individual HHs","9-40","3rd Floor","Tenant","Bhavana Iyer","8200000440","2",NULL,"2026-08-11 06:41:14.939","2026-08-11 06:41:14.939","E2004720A00000000001B8","W20-D-000440","E2004720B00000000001B8","W20-W-000440",12.91007800,77.62963400
4873,"7200000441","Zone B - Division 20 - Ward 20 - Block 5","Individual HHs","9-41","Ground floor","Owner","Aarav Menon","8200000441","3",NULL,"2026-08-11 06:41:14.939","2026-08-11 06:41:14.939","E2004720A00000000001B9","W20-D-000441","E2004720B00000000001B9","W20-W-000441",12.91008000,77.62978400
4874,"7200000442","Zone B - Division 20 - Ward 20 - Block 5","Individual HHs","9-42","1st Floor","Tenant","Vihaan Menon","8200000442","4",NULL,"2026-08-11 06:41:14.939","2026-08-11 06:41:14.939","E2004720A00000000001BA","W20-D-000442","E2004720B00000000001BA","W20-W-000442",12.91008200,77.62993400
4875,"7200000443","Zone B - Division 20 - Ward 20 - Block 5","Individual HHs","9-43","2nd Floor","Owner","Aditya Menon","8200000443","5",NULL,"2026-08-11 06:41:14.939","2026-08-11 06:41:14.939","E2004720A00000000001BB","W20-D-000443","E2004720B00000000001BB","W20-W-000443",12.91008400,77.63008400
4876,"7200000444","Zone B - Division 20 - Ward 20 - Block 5","Individual HHs","9-44","3rd Floor","Tenant","Arjun Menon","8200000444","6",NULL,"2026-08-11 06:41:14.939","2026-08-11 06:41:14.939","E2004720A00000000001BC","W20-D-000444","E2004720B00000000001BC","W20-W-000444",12.91008600,77.63023400
4877,"7200000445","Zone B - Division 20 - Ward 20 - Block 5","Individual HHs","9-45","Ground floor","Owner","Rohan Menon","8200000445","1",NULL,"2026-08-11 06:41:14.939","2026-08-11 06:41:14.939","E2004720A00000000001BD","W20-D-000445","E2004720B00000000001BD","W20-W-000445",12.91008800,77.63038400
4878,"7200000446","Zone B - Division 20 - Ward 20 - Block 5","Individual HHs","9-46","1st Floor","Tenant","Rahul Menon","8200000446","2",NULL,"2026-08-11 06:41:14.939","2026-08-11 06:41:14.939","E2004720A00000000001BE","W20-D-000446","E2004720B00000000001BE","W20-W-000446",12.91009000,77.63053400
4879,"7200000447","Zone B - Division 20 - Ward 20 - Block 5","Individual HHs","9-47","2nd Floor","Owner","Karthik Menon","8200000447","3",NULL,"2026-08-11 06:41:14.939","2026-08-11 06:41:14.939","E2004720A00000000001BF","W20-D-000447","E2004720B00000000001BF","W20-W-000447",12.91009200,77.63068400
4880,"7200000448","Zone B - Division 20 - Ward 20 - Block 5","Individual HHs","9-48","3rd Floor","Tenant","Vikram Menon","8200000448","4",NULL,"2026-08-11 06:41:14.939","2026-08-11 06:41:14.939","E2004720A00000000001C0","W20-D-000448","E2004720B00000000001C0","W20-W-000448",12.91009400,77.63083400
4881,"7200000449","Zone B - Division 20 - Ward 20 - Block 5","Individual HHs","9-49","Ground floor","Owner","Akash Menon","8200000449","5",NULL,"2026-08-11 06:41:14.939","2026-08-11 06:41:14.939","E2004720A00000000001C1","W20-D-000449","E2004720B00000000001C1","W20-W-000449",12.91009600,77.63098400
4882,"7200000450","Zone B - Division 20 - Ward 20 - Block 5","Individual HHs","9-50","1st Floor","Tenant","Siddharth Menon","8200000450","6",NULL,"2026-08-11 06:41:14.939","2026-08-11 06:41:14.939","E2004720A00000000001C2","W20-D-000450","E2004720B00000000001C2","W20-W-000450",12.91009800,77.63113400
4883,"7200000451","Zone B - Division 20 - Ward 20 - Block 5","Individual HHs","10-01","2nd Floor","Owner","Ananya Menon","8200000451","1",NULL,"2026-08-11 06:41:14.939","2026-08-11 06:41:14.939","E2004720A00000000001C3","W20-D-000451","E2004720B00000000001C3","W20-W-000451",12.91020000,77.62753600
4884,"7200000452","Zone B - Division 20 - Ward 20 - Block 5","Individual HHs","10-02","3rd Floor","Tenant","Aadhya Menon","8200000452","2",NULL,"2026-08-11 06:41:14.939","2026-08-11 06:41:14.939","E2004720A00000000001C4","W20-D-000452","E2004720B00000000001C4","W20-W-000452",12.91020200,77.62768600
4885,"7200000453","Zone B - Division 20 - Ward 20 - Block 5","Individual HHs","10-03","Ground floor","Owner","Diya Menon","8200000453","3",NULL,"2026-08-11 06:41:14.939","2026-08-11 06:41:14.939","E2004720A00000000001C5","W20-D-000453","E2004720B00000000001C5","W20-W-000453",12.91020400,77.62783600
4886,"7200000454","Zone B - Division 20 - Ward 20 - Block 5","Individual HHs","10-04","1st Floor","Tenant","Ishita Menon","8200000454","4",NULL,"2026-08-11 06:41:14.939","2026-08-11 06:41:14.939","E2004720A00000000001C6","W20-D-000454","E2004720B00000000001C6","W20-W-000454",12.91020600,77.62798600
4887,"7200000455","Zone B - Division 20 - Ward 20 - Block 5","Individual HHs","10-05","2nd Floor","Owner","Kavya Menon","8200000455","5",NULL,"2026-08-11 06:41:14.939","2026-08-11 06:41:14.939","E2004720A00000000001C7","W20-D-000455","E2004720B00000000001C7","W20-W-000455",12.91020800,77.62813600
4888,"7200000456","Zone B - Division 20 - Ward 20 - Block 5","Individual HHs","10-06","3rd Floor","Tenant","Meera Menon","8200000456","6",NULL,"2026-08-11 06:41:14.939","2026-08-11 06:41:14.939","E2004720A00000000001C8","W20-D-000456","E2004720B00000000001C8","W20-W-000456",12.91021000,77.62828600
4889,"7200000457","Zone B - Division 20 - Ward 20 - Block 5","Individual HHs","10-07","Ground floor","Owner","Sneha Menon","8200000457","1",NULL,"2026-08-11 06:41:14.939","2026-08-11 06:41:14.939","E2004720A00000000001C9","W20-D-000457","E2004720B00000000001C9","W20-W-000457",12.91021200,77.62843600
4890,"7200000458","Zone B - Division 20 - Ward 20 - Block 5","Individual HHs","10-08","1st Floor","Tenant","Pooja Menon","8200000458","2",NULL,"2026-08-11 06:41:14.939","2026-08-11 06:41:14.939","E2004720A00000000001CA","W20-D-000458","E2004720B00000000001CA","W20-W-000458",12.91021400,77.62858600
4891,"7200000459","Zone B - Division 20 - Ward 20 - Block 5","Individual HHs","10-09","2nd Floor","Owner","Riya Menon","8200000459","3",NULL,"2026-08-11 06:41:14.939","2026-08-11 06:41:14.939","E2004720A00000000001CB","W20-D-000459","E2004720B00000000001CB","W20-W-000459",12.91021600,77.62873600
4892,"7200000460","Zone B - Division 20 - Ward 20 - Block 5","Individual HHs","10-10","3rd Floor","Tenant","Nandini Menon","8200000460","4",NULL,"2026-08-11 06:41:14.939","2026-08-11 06:41:14.939","E2004720A00000000001CC","W20-D-000460","E2004720B00000000001CC","W20-W-000460",12.91021800,77.62888600
4893,"7200000461","Zone B - Division 20 - Ward 20 - Block 5","Individual HHs","10-11","Ground floor","Owner","Sanjay Menon","8200000461","5",NULL,"2026-08-11 06:41:14.939","2026-08-11 06:41:14.939","E2004720A00000000001CD","W20-D-000461","E2004720B00000000001CD","W20-W-000461",12.91022000,77.62903600
4894,"7200000462","Zone B - Division 20 - Ward 20 - Block 5","Individual HHs","10-12","1st Floor","Tenant","Manoj Menon","8200000462","6",NULL,"2026-08-11 06:41:14.939","2026-08-11 06:41:14.939","E2004720A00000000001CE","W20-D-000462","E2004720B00000000001CE","W20-W-000462",12.91022200,77.62918600
4895,"7200000463","Zone B - Division 20 - Ward 20 - Block 5","Individual HHs","10-13","2nd Floor","Owner","Suresh Menon","8200000463","1",NULL,"2026-08-11 06:41:14.939","2026-08-11 06:41:14.939","E2004720A00000000001CF","W20-D-000463","E2004720B00000000001CF","W20-W-000463",12.91022400,77.62933600
4896,"7200000464","Zone B - Division 20 - Ward 20 - Block 5","Individual HHs","10-14","3rd Floor","Tenant","Mahesh Menon","8200000464","2",NULL,"2026-08-11 06:41:14.939","2026-08-11 06:41:14.939","E2004720A00000000001D0","W20-D-000464","E2004720B00000000001D0","W20-W-000464",12.91022600,77.62948600
4897,"7200000465","Zone B - Division 20 - Ward 20 - Block 5","Individual HHs","10-15","Ground floor","Owner","Prakash Menon","8200000465","3",NULL,"2026-08-11 06:41:14.939","2026-08-11 06:41:14.939","E2004720A00000000001D1","W20-D-000465","E2004720B00000000001D1","W20-W-000465",12.91022800,77.62963600
4898,"7200000466","Zone B - Division 20 - Ward 20 - Block 5","Individual HHs","10-16","1st Floor","Tenant","Ramesh Menon","8200000466","4",NULL,"2026-08-11 06:41:14.939","2026-08-11 06:41:14.939","E2004720A00000000001D2","W20-D-000466","E2004720B00000000001D2","W20-W-000466",12.91023000,77.62978600
4899,"7200000467","Zone B - Division 20 - Ward 20 - Block 5","Individual HHs","10-17","2nd Floor","Owner","Ganesh Menon","8200000467","5",NULL,"2026-08-11 06:41:14.939","2026-08-11 06:41:14.939","E2004720A00000000001D3","W20-D-000467","E2004720B00000000001D3","W20-W-000467",12.91023200,77.62993600
4900,"7200000468","Zone B - Division 20 - Ward 20 - Block 5","Individual HHs","10-18","3rd Floor","Tenant","Dinesh Menon","8200000468","6",NULL,"2026-08-11 06:41:14.939","2026-08-11 06:41:14.939","E2004720A00000000001D4","W20-D-000468","E2004720B00000000001D4","W20-W-000468",12.91023400,77.63008600
4901,"7200000469","Zone B - Division 20 - Ward 20 - Block 5","Individual HHs","10-19","Ground floor","Owner","Nikhil Menon","8200000469","1",NULL,"2026-08-11 06:41:14.939","2026-08-11 06:41:14.939","E2004720A00000000001D5","W20-D-000469","E2004720B00000000001D5","W20-W-000469",12.91023600,77.63023600
4902,"7200000470","Zone B - Division 20 - Ward 20 - Block 5","Individual HHs","10-20","1st Floor","Tenant","Varun Menon","8200000470","2",NULL,"2026-08-11 06:41:14.939","2026-08-11 06:41:14.939","E2004720A00000000001D6","W20-D-000470","E2004720B00000000001D6","W20-W-000470",12.91023800,77.63038600
4903,"7200000471","Zone B - Division 20 - Ward 20 - Block 5","Individual HHs","10-21","2nd Floor","Owner","Priya Menon","8200000471","3",NULL,"2026-08-11 06:41:14.939","2026-08-11 06:41:14.939","E2004720A00000000001D7","W20-D-000471","E2004720B00000000001D7","W20-W-000471",12.91024000,77.63053600
4904,"7200000472","Zone B - Division 20 - Ward 20 - Block 5","Individual HHs","10-22","3rd Floor","Tenant","Divya Menon","8200000472","4",NULL,"2026-08-11 06:41:14.939","2026-08-11 06:41:14.939","E2004720A00000000001D8","W20-D-000472","E2004720B00000000001D8","W20-W-000472",12.91024200,77.63068600
4905,"7200000473","Zone B - Division 20 - Ward 20 - Block 5","Individual HHs","10-23","Ground floor","Owner","Swathi Menon","8200000473","5",NULL,"2026-08-11 06:41:14.939","2026-08-11 06:41:14.939","E2004720A00000000001D9","W20-D-000473","E2004720B00000000001D9","W20-W-000473",12.91024400,77.63083600
4906,"7200000474","Zone B - Division 20 - Ward 20 - Block 5","Individual HHs","10-24","1st Floor","Tenant","Shreya Menon","8200000474","6",NULL,"2026-08-11 06:41:14.939","2026-08-11 06:41:14.939","E2004720A00000000001DA","W20-D-000474","E2004720B00000000001DA","W20-W-000474",12.91024600,77.63098600
4907,"7200000475","Zone B - Division 20 - Ward 20 - Block 5","Individual HHs","10-25","2nd Floor","Owner","Keerthi Menon","8200000475","1",NULL,"2026-08-11 06:41:14.939","2026-08-11 06:41:14.939","E2004720A00000000001DB","W20-D-000475","E2004720B00000000001DB","W20-W-000475",12.91024800,77.63113600
4908,"7200000476","Zone B - Division 20 - Ward 20 - Block 5","Individual HHs","10-26","3rd Floor","Tenant","Lakshmi Menon","8200000476","2",NULL,"2026-08-11 06:41:14.939","2026-08-11 06:41:14.939","E2004720A00000000001DC","W20-D-000476","E2004720B00000000001DC","W20-W-000476",12.91035000,77.62753800
4909,"7200000477","Zone B - Division 20 - Ward 20 - Block 5","Individual HHs","10-27","Ground floor","Owner","Deepa Menon","8200000477","3",NULL,"2026-08-11 06:41:14.939","2026-08-11 06:41:14.939","E2004720A00000000001DD","W20-D-000477","E2004720B00000000001DD","W20-W-000477",12.91035200,77.62768800
4910,"7200000478","Zone B - Division 20 - Ward 20 - Block 5","Individual HHs","10-28","1st Floor","Tenant","Asha Menon","8200000478","4",NULL,"2026-08-11 06:41:14.939","2026-08-11 06:41:14.939","E2004720A00000000001DE","W20-D-000478","E2004720B00000000001DE","W20-W-000478",12.91035400,77.62783800
4911,"7200000479","Zone B - Division 20 - Ward 20 - Block 5","Individual HHs","10-29","2nd Floor","Owner","Pallavi Menon","8200000479","5",NULL,"2026-08-11 06:41:14.939","2026-08-11 06:41:14.939","E2004720A00000000001DF","W20-D-000479","E2004720B00000000001DF","W20-W-000479",12.91035600,77.62798800
4912,"7200000480","Zone B - Division 20 - Ward 20 - Block 5","Individual HHs","10-30","3rd Floor","Tenant","Bhavana Menon","8200000480","6",NULL,"2026-08-11 06:41:14.939","2026-08-11 06:41:14.939","E2004720A00000000001E0","W20-D-000480","E2004720B00000000001E0","W20-W-000480",12.91035800,77.62813800
4913,"7200000481","Zone B - Division 20 - Ward 20 - Block 5","Individual HHs","10-31","Ground floor","Owner","Aarav Pillai","8200000481","1",NULL,"2026-08-11 06:41:14.939","2026-08-11 06:41:14.939","E2004720A00000000001E1","W20-D-000481","E2004720B00000000001E1","W20-W-000481",12.91036000,77.62828800
4914,"7200000482","Zone B - Division 20 - Ward 20 - Block 5","Individual HHs","10-32","1st Floor","Tenant","Vihaan Pillai","8200000482","2",NULL,"2026-08-11 06:41:14.939","2026-08-11 06:41:14.939","E2004720A00000000001E2","W20-D-000482","E2004720B00000000001E2","W20-W-000482",12.91036200,77.62843800
4915,"7200000483","Zone B - Division 20 - Ward 20 - Block 5","Individual HHs","10-33","2nd Floor","Owner","Aditya Pillai","8200000483","3",NULL,"2026-08-11 06:41:14.939","2026-08-11 06:41:14.939","E2004720A00000000001E3","W20-D-000483","E2004720B00000000001E3","W20-W-000483",12.91036400,77.62858800
4916,"7200000484","Zone B - Division 20 - Ward 20 - Block 5","Individual HHs","10-34","3rd Floor","Tenant","Arjun Pillai","8200000484","4",NULL,"2026-08-11 06:41:14.939","2026-08-11 06:41:14.939","E2004720A00000000001E4","W20-D-000484","E2004720B00000000001E4","W20-W-000484",12.91036600,77.62873800
4917,"7200000485","Zone B - Division 20 - Ward 20 - Block 5","Individual HHs","10-35","Ground floor","Owner","Rohan Pillai","8200000485","5",NULL,"2026-08-11 06:41:14.939","2026-08-11 06:41:14.939","E2004720A00000000001E5","W20-D-000485","E2004720B00000000001E5","W20-W-000485",12.91036800,77.62888800
4918,"7200000486","Zone B - Division 20 - Ward 20 - Block 5","Individual HHs","10-36","1st Floor","Tenant","Rahul Pillai","8200000486","6",NULL,"2026-08-11 06:41:14.939","2026-08-11 06:41:14.939","E2004720A00000000001E6","W20-D-000486","E2004720B00000000001E6","W20-W-000486",12.91037000,77.62903800
4919,"7200000487","Zone B - Division 20 - Ward 20 - Block 5","Individual HHs","10-37","2nd Floor","Owner","Karthik Pillai","8200000487","1",NULL,"2026-08-11 06:41:14.939","2026-08-11 06:41:14.939","E2004720A00000000001E7","W20-D-000487","E2004720B00000000001E7","W20-W-000487",12.91037200,77.62918800
4920,"7200000488","Zone B - Division 20 - Ward 20 - Block 5","Individual HHs","10-38","3rd Floor","Tenant","Vikram Pillai","8200000488","2",NULL,"2026-08-11 06:41:14.939","2026-08-11 06:41:14.939","E2004720A00000000001E8","W20-D-000488","E2004720B00000000001E8","W20-W-000488",12.91037400,77.62933800
4921,"7200000489","Zone B - Division 20 - Ward 20 - Block 5","Individual HHs","10-39","Ground floor","Owner","Akash Pillai","8200000489","3",NULL,"2026-08-11 06:41:14.939","2026-08-11 06:41:14.939","E2004720A00000000001E9","W20-D-000489","E2004720B00000000001E9","W20-W-000489",12.91037600,77.62948800
4922,"7200000490","Zone B - Division 20 - Ward 20 - Block 5","Individual HHs","10-40","1st Floor","Tenant","Siddharth Pillai","8200000490","4",NULL,"2026-08-11 06:41:14.939","2026-08-11 06:41:14.939","E2004720A00000000001EA","W20-D-000490","E2004720B00000000001EA","W20-W-000490",12.91037800,77.62963800
4923,"7200000491","Zone B - Division 20 - Ward 20 - Block 5","Individual HHs","10-41","2nd Floor","Owner","Ananya Pillai","8200000491","5",NULL,"2026-08-11 06:41:14.939","2026-08-11 06:41:14.939","E2004720A00000000001EB","W20-D-000491","E2004720B00000000001EB","W20-W-000491",12.91038000,77.62978800
4924,"7200000492","Zone B - Division 20 - Ward 20 - Block 5","Individual HHs","10-42","3rd Floor","Tenant","Aadhya Pillai","8200000492","6",NULL,"2026-08-11 06:41:14.939","2026-08-11 06:41:14.939","E2004720A00000000001EC","W20-D-000492","E2004720B00000000001EC","W20-W-000492",12.91038200,77.62993800
4925,"7200000493","Zone B - Division 20 - Ward 20 - Block 5","Individual HHs","10-43","Ground floor","Owner","Diya Pillai","8200000493","1",NULL,"2026-08-11 06:41:14.939","2026-08-11 06:41:14.939","E2004720A00000000001ED","W20-D-000493","E2004720B00000000001ED","W20-W-000493",12.91038400,77.63008800
4926,"7200000494","Zone B - Division 20 - Ward 20 - Block 5","Individual HHs","10-44","1st Floor","Tenant","Ishita Pillai","8200000494","2",NULL,"2026-08-11 06:41:14.939","2026-08-11 06:41:14.939","E2004720A00000000001EE","W20-D-000494","E2004720B00000000001EE","W20-W-000494",12.91038600,77.63023800
4927,"7200000495","Zone B - Division 20 - Ward 20 - Block 5","Individual HHs","10-45","2nd Floor","Owner","Kavya Pillai","8200000495","3",NULL,"2026-08-11 06:41:14.939","2026-08-11 06:41:14.939","E2004720A00000000001EF","W20-D-000495","E2004720B00000000001EF","W20-W-000495",12.91038800,77.63038800
4928,"7200000496","Zone B - Division 20 - Ward 20 - Block 5","Individual HHs","10-46","3rd Floor","Tenant","Meera Pillai","8200000496","4",NULL,"2026-08-11 06:41:14.939","2026-08-11 06:41:14.939","E2004720A00000000001F0","W20-D-000496","E2004720B00000000001F0","W20-W-000496",12.91039000,77.63053800
4929,"7200000497","Zone B - Division 20 - Ward 20 - Block 5","Individual HHs","10-47","Ground floor","Owner","Sneha Pillai","8200000497","5",NULL,"2026-08-11 06:41:14.939","2026-08-11 06:41:14.939","E2004720A00000000001F1","W20-D-000497","E2004720B00000000001F1","W20-W-000497",12.91039200,77.63068800
4930,"7200000498","Zone B - Division 20 - Ward 20 - Block 5","Individual HHs","10-48","1st Floor","Tenant","Pooja Pillai","8200000498","6",NULL,"2026-08-11 06:41:14.939","2026-08-11 06:41:14.939","E2004720A00000000001F2","W20-D-000498","E2004720B00000000001F2","W20-W-000498",12.91039400,77.63083800
4931,"7200000499","Zone B - Division 20 - Ward 20 - Block 5","Individual HHs","10-49","2nd Floor","Owner","Riya Pillai","8200000499","1",NULL,"2026-08-11 06:41:14.939","2026-08-11 06:41:14.939","E2004720A00000000001F3","W20-D-000499","E2004720B00000000001F3","W20-W-000499",12.91039600,77.63098800
4932,"7200000500","Zone B - Division 20 - Ward 20 - Block 5","Individual HHs","10-50","3rd Floor","Tenant","Nandini Pillai","8200000500","2",NULL,"2026-08-11 06:41:14.939","2026-08-11 06:41:14.939","E2004720A00000000001F4","W20-D-000500","E2004720B00000000001F4","W20-W-000500",12.91039800,77.63113800
4933,"7200000501","Zone B - Division 20 - Ward 20 - Block 6","Individual HHs","11-01","Ground floor","Owner","Sanjay Pillai","8200000501","3",NULL,"2026-08-11 06:41:14.939","2026-08-11 06:41:14.939","E2004720A00000000001F5","W20-D-000501","E2004720B00000000001F5","W20-W-000501",12.91050000,77.62754000
4934,"7200000502","Zone B - Division 20 - Ward 20 - Block 6","Individual HHs","11-02","1st Floor","Tenant","Manoj Pillai","8200000502","4",NULL,"2026-08-11 06:41:14.939","2026-08-11 06:41:14.939","E2004720A00000000001F6","W20-D-000502","E2004720B00000000001F6","W20-W-000502",12.91050200,77.62769000
4935,"7200000503","Zone B - Division 20 - Ward 20 - Block 6","Individual HHs","11-03","2nd Floor","Owner","Suresh Pillai","8200000503","5",NULL,"2026-08-11 06:41:14.939","2026-08-11 06:41:14.939","E2004720A00000000001F7","W20-D-000503","E2004720B00000000001F7","W20-W-000503",12.91050400,77.62784000
4936,"7200000504","Zone B - Division 20 - Ward 20 - Block 6","Individual HHs","11-04","3rd Floor","Tenant","Mahesh Pillai","8200000504","6",NULL,"2026-08-11 06:41:14.939","2026-08-11 06:41:14.939","E2004720A00000000001F8","W20-D-000504","E2004720B00000000001F8","W20-W-000504",12.91050600,77.62799000
4937,"7200000505","Zone B - Division 20 - Ward 20 - Block 6","Individual HHs","11-05","Ground floor","Owner","Prakash Pillai","8200000505","1",NULL,"2026-08-11 06:41:14.939","2026-08-11 06:41:14.939","E2004720A00000000001F9","W20-D-000505","E2004720B00000000001F9","W20-W-000505",12.91050800,77.62814000
4938,"7200000506","Zone B - Division 20 - Ward 20 - Block 6","Individual HHs","11-06","1st Floor","Tenant","Ramesh Pillai","8200000506","2",NULL,"2026-08-11 06:41:14.939","2026-08-11 06:41:14.939","E2004720A00000000001FA","W20-D-000506","E2004720B00000000001FA","W20-W-000506",12.91051000,77.62829000
4939,"7200000507","Zone B - Division 20 - Ward 20 - Block 6","Individual HHs","11-07","2nd Floor","Owner","Ganesh Pillai","8200000507","3",NULL,"2026-08-11 06:41:14.939","2026-08-11 06:41:14.939","E2004720A00000000001FB","W20-D-000507","E2004720B00000000001FB","W20-W-000507",12.91051200,77.62844000
4940,"7200000508","Zone B - Division 20 - Ward 20 - Block 6","Individual HHs","11-08","3rd Floor","Tenant","Dinesh Pillai","8200000508","4",NULL,"2026-08-11 06:41:14.939","2026-08-11 06:41:14.939","E2004720A00000000001FC","W20-D-000508","E2004720B00000000001FC","W20-W-000508",12.91051400,77.62859000
4941,"7200000509","Zone B - Division 20 - Ward 20 - Block 6","Individual HHs","11-09","Ground floor","Owner","Nikhil Pillai","8200000509","5",NULL,"2026-08-11 06:41:14.939","2026-08-11 06:41:14.939","E2004720A00000000001FD","W20-D-000509","E2004720B00000000001FD","W20-W-000509",12.91051600,77.62874000
4942,"7200000510","Zone B - Division 20 - Ward 20 - Block 6","Individual HHs","11-10","1st Floor","Tenant","Varun Pillai","8200000510","6",NULL,"2026-08-11 06:41:14.939","2026-08-11 06:41:14.939","E2004720A00000000001FE","W20-D-000510","E2004720B00000000001FE","W20-W-000510",12.91051800,77.62889000
4943,"7200000511","Zone B - Division 20 - Ward 20 - Block 6","Individual HHs","11-11","2nd Floor","Owner","Priya Pillai","8200000511","1",NULL,"2026-08-11 06:41:14.939","2026-08-11 06:41:14.939","E2004720A00000000001FF","W20-D-000511","E2004720B00000000001FF","W20-W-000511",12.91052000,77.62904000
4944,"7200000512","Zone B - Division 20 - Ward 20 - Block 6","Individual HHs","11-12","3rd Floor","Tenant","Divya Pillai","8200000512","2",NULL,"2026-08-11 06:41:14.939","2026-08-11 06:41:14.939","E2004720A0000000000200","W20-D-000512","E2004720B0000000000200","W20-W-000512",12.91052200,77.62919000
4945,"7200000513","Zone B - Division 20 - Ward 20 - Block 6","Individual HHs","11-13","Ground floor","Owner","Swathi Pillai","8200000513","3",NULL,"2026-08-11 06:41:14.939","2026-08-11 06:41:14.939","E2004720A0000000000201","W20-D-000513","E2004720B0000000000201","W20-W-000513",12.91052400,77.62934000
4946,"7200000514","Zone B - Division 20 - Ward 20 - Block 6","Individual HHs","11-14","1st Floor","Tenant","Shreya Pillai","8200000514","4",NULL,"2026-08-11 06:41:14.939","2026-08-11 06:41:14.939","E2004720A0000000000202","W20-D-000514","E2004720B0000000000202","W20-W-000514",12.91052600,77.62949000
4947,"7200000515","Zone B - Division 20 - Ward 20 - Block 6","Individual HHs","11-15","2nd Floor","Owner","Keerthi Pillai","8200000515","5",NULL,"2026-08-11 06:41:14.939","2026-08-11 06:41:14.939","E2004720A0000000000203","W20-D-000515","E2004720B0000000000203","W20-W-000515",12.91052800,77.62964000
4948,"7200000516","Zone B - Division 20 - Ward 20 - Block 6","Individual HHs","11-16","3rd Floor","Tenant","Lakshmi Pillai","8200000516","6",NULL,"2026-08-11 06:41:14.939","2026-08-11 06:41:14.939","E2004720A0000000000204","W20-D-000516","E2004720B0000000000204","W20-W-000516",12.91053000,77.62979000
4949,"7200000517","Zone B - Division 20 - Ward 20 - Block 6","Individual HHs","11-17","Ground floor","Owner","Deepa Pillai","8200000517","1",NULL,"2026-08-11 06:41:14.939","2026-08-11 06:41:14.939","E2004720A0000000000205","W20-D-000517","E2004720B0000000000205","W20-W-000517",12.91053200,77.62994000
4950,"7200000518","Zone B - Division 20 - Ward 20 - Block 6","Individual HHs","11-18","1st Floor","Tenant","Asha Pillai","8200000518","2",NULL,"2026-08-11 06:41:14.939","2026-08-11 06:41:14.939","E2004720A0000000000206","W20-D-000518","E2004720B0000000000206","W20-W-000518",12.91053400,77.63009000
4951,"7200000519","Zone B - Division 20 - Ward 20 - Block 6","Individual HHs","11-19","2nd Floor","Owner","Pallavi Pillai","8200000519","3",NULL,"2026-08-11 06:41:14.939","2026-08-11 06:41:14.939","E2004720A0000000000207","W20-D-000519","E2004720B0000000000207","W20-W-000519",12.91053600,77.63024000
4952,"7200000520","Zone B - Division 20 - Ward 20 - Block 6","Individual HHs","11-20","3rd Floor","Tenant","Bhavana Pillai","8200000520","4",NULL,"2026-08-11 06:41:14.939","2026-08-11 06:41:14.939","E2004720A0000000000208","W20-D-000520","E2004720B0000000000208","W20-W-000520",12.91053800,77.63039000
4953,"7200000521","Zone B - Division 20 - Ward 20 - Block 6","Individual HHs","11-21","Ground floor","Owner","Aarav Bhat","8200000521","5",NULL,"2026-08-11 06:41:14.939","2026-08-11 06:41:14.939","E2004720A0000000000209","W20-D-000521","E2004720B0000000000209","W20-W-000521",12.91054000,77.63054000
4954,"7200000522","Zone B - Division 20 - Ward 20 - Block 6","Individual HHs","11-22","1st Floor","Tenant","Vihaan Bhat","8200000522","6",NULL,"2026-08-11 06:41:14.939","2026-08-11 06:41:14.939","E2004720A000000000020A","W20-D-000522","E2004720B000000000020A","W20-W-000522",12.91054200,77.63069000
4955,"7200000523","Zone B - Division 20 - Ward 20 - Block 6","Individual HHs","11-23","2nd Floor","Owner","Aditya Bhat","8200000523","1",NULL,"2026-08-11 06:41:14.939","2026-08-11 06:41:14.939","E2004720A000000000020B","W20-D-000523","E2004720B000000000020B","W20-W-000523",12.91054400,77.63084000
4956,"7200000524","Zone B - Division 20 - Ward 20 - Block 6","Individual HHs","11-24","3rd Floor","Tenant","Arjun Bhat","8200000524","2",NULL,"2026-08-11 06:41:14.939","2026-08-11 06:41:14.939","E2004720A000000000020C","W20-D-000524","E2004720B000000000020C","W20-W-000524",12.91054600,77.63099000
4957,"7200000525","Zone B - Division 20 - Ward 20 - Block 6","Individual HHs","11-25","Ground floor","Owner","Rohan Bhat","8200000525","3",NULL,"2026-08-11 06:41:14.939","2026-08-11 06:41:14.939","E2004720A000000000020D","W20-D-000525","E2004720B000000000020D","W20-W-000525",12.91054800,77.63114000
4958,"7200000526","Zone B - Division 20 - Ward 20 - Block 6","Individual HHs","11-26","1st Floor","Tenant","Rahul Bhat","8200000526","4",NULL,"2026-08-11 06:41:14.939","2026-08-11 06:41:14.939","E2004720A000000000020E","W20-D-000526","E2004720B000000000020E","W20-W-000526",12.91065000,77.62754200
4959,"7200000527","Zone B - Division 20 - Ward 20 - Block 6","Individual HHs","11-27","2nd Floor","Owner","Karthik Bhat","8200000527","5",NULL,"2026-08-11 06:41:14.939","2026-08-11 06:41:14.939","E2004720A000000000020F","W20-D-000527","E2004720B000000000020F","W20-W-000527",12.91065200,77.62769200
4960,"7200000528","Zone B - Division 20 - Ward 20 - Block 6","Individual HHs","11-28","3rd Floor","Tenant","Vikram Bhat","8200000528","6",NULL,"2026-08-11 06:41:14.939","2026-08-11 06:41:14.939","E2004720A0000000000210","W20-D-000528","E2004720B0000000000210","W20-W-000528",12.91065400,77.62784200
4961,"7200000529","Zone B - Division 20 - Ward 20 - Block 6","Individual HHs","11-29","Ground floor","Owner","Akash Bhat","8200000529","1",NULL,"2026-08-11 06:41:14.939","2026-08-11 06:41:14.939","E2004720A0000000000211","W20-D-000529","E2004720B0000000000211","W20-W-000529",12.91065600,77.62799200
4962,"7200000530","Zone B - Division 20 - Ward 20 - Block 6","Individual HHs","11-30","1st Floor","Tenant","Siddharth Bhat","8200000530","2",NULL,"2026-08-11 06:41:14.939","2026-08-11 06:41:14.939","E2004720A0000000000212","W20-D-000530","E2004720B0000000000212","W20-W-000530",12.91065800,77.62814200
4963,"7200000531","Zone B - Division 20 - Ward 20 - Block 6","Individual HHs","11-31","2nd Floor","Owner","Ananya Bhat","8200000531","3",NULL,"2026-08-11 06:41:14.939","2026-08-11 06:41:14.939","E2004720A0000000000213","W20-D-000531","E2004720B0000000000213","W20-W-000531",12.91066000,77.62829200
4964,"7200000532","Zone B - Division 20 - Ward 20 - Block 6","Individual HHs","11-32","3rd Floor","Tenant","Aadhya Bhat","8200000532","4",NULL,"2026-08-11 06:41:14.939","2026-08-11 06:41:14.939","E2004720A0000000000214","W20-D-000532","E2004720B0000000000214","W20-W-000532",12.91066200,77.62844200
4965,"7200000533","Zone B - Division 20 - Ward 20 - Block 6","Individual HHs","11-33","Ground floor","Owner","Diya Bhat","8200000533","5",NULL,"2026-08-11 06:41:14.939","2026-08-11 06:41:14.939","E2004720A0000000000215","W20-D-000533","E2004720B0000000000215","W20-W-000533",12.91066400,77.62859200
4966,"7200000534","Zone B - Division 20 - Ward 20 - Block 6","Individual HHs","11-34","1st Floor","Tenant","Ishita Bhat","8200000534","6",NULL,"2026-08-11 06:41:14.939","2026-08-11 06:41:14.939","E2004720A0000000000216","W20-D-000534","E2004720B0000000000216","W20-W-000534",12.91066600,77.62874200
4967,"7200000535","Zone B - Division 20 - Ward 20 - Block 6","Individual HHs","11-35","2nd Floor","Owner","Kavya Bhat","8200000535","1",NULL,"2026-08-11 06:41:14.939","2026-08-11 06:41:14.939","E2004720A0000000000217","W20-D-000535","E2004720B0000000000217","W20-W-000535",12.91066800,77.62889200
4968,"7200000536","Zone B - Division 20 - Ward 20 - Block 6","Individual HHs","11-36","3rd Floor","Tenant","Meera Bhat","8200000536","2",NULL,"2026-08-11 06:41:14.939","2026-08-11 06:41:14.939","E2004720A0000000000218","W20-D-000536","E2004720B0000000000218","W20-W-000536",12.91067000,77.62904200
4969,"7200000537","Zone B - Division 20 - Ward 20 - Block 6","Individual HHs","11-37","Ground floor","Owner","Sneha Bhat","8200000537","3",NULL,"2026-08-11 06:41:14.939","2026-08-11 06:41:14.939","E2004720A0000000000219","W20-D-000537","E2004720B0000000000219","W20-W-000537",12.91067200,77.62919200
4970,"7200000538","Zone B - Division 20 - Ward 20 - Block 6","Individual HHs","11-38","1st Floor","Tenant","Pooja Bhat","8200000538","4",NULL,"2026-08-11 06:41:14.939","2026-08-11 06:41:14.939","E2004720A000000000021A","W20-D-000538","E2004720B000000000021A","W20-W-000538",12.91067400,77.62934200
4971,"7200000539","Zone B - Division 20 - Ward 20 - Block 6","Individual HHs","11-39","2nd Floor","Owner","Riya Bhat","8200000539","5",NULL,"2026-08-11 06:41:14.939","2026-08-11 06:41:14.939","E2004720A000000000021B","W20-D-000539","E2004720B000000000021B","W20-W-000539",12.91067600,77.62949200
4972,"7200000540","Zone B - Division 20 - Ward 20 - Block 6","Individual HHs","11-40","3rd Floor","Tenant","Nandini Bhat","8200000540","6",NULL,"2026-08-11 06:41:14.939","2026-08-11 06:41:14.939","E2004720A000000000021C","W20-D-000540","E2004720B000000000021C","W20-W-000540",12.91067800,77.62964200
4973,"7200000541","Zone B - Division 20 - Ward 20 - Block 6","Individual HHs","11-41","Ground floor","Owner","Sanjay Bhat","8200000541","1",NULL,"2026-08-11 06:41:14.939","2026-08-11 06:41:14.939","E2004720A000000000021D","W20-D-000541","E2004720B000000000021D","W20-W-000541",12.91068000,77.62979200
4974,"7200000542","Zone B - Division 20 - Ward 20 - Block 6","Individual HHs","11-42","1st Floor","Tenant","Manoj Bhat","8200000542","2",NULL,"2026-08-11 06:41:14.939","2026-08-11 06:41:14.939","E2004720A000000000021E","W20-D-000542","E2004720B000000000021E","W20-W-000542",12.91068200,77.62994200
4975,"7200000543","Zone B - Division 20 - Ward 20 - Block 6","Individual HHs","11-43","2nd Floor","Owner","Suresh Bhat","8200000543","3",NULL,"2026-08-11 06:41:14.939","2026-08-11 06:41:14.939","E2004720A000000000021F","W20-D-000543","E2004720B000000000021F","W20-W-000543",12.91068400,77.63009200
4976,"7200000544","Zone B - Division 20 - Ward 20 - Block 6","Individual HHs","11-44","3rd Floor","Tenant","Mahesh Bhat","8200000544","4",NULL,"2026-08-11 06:41:14.939","2026-08-11 06:41:14.939","E2004720A0000000000220","W20-D-000544","E2004720B0000000000220","W20-W-000544",12.91068600,77.63024200
4977,"7200000545","Zone B - Division 20 - Ward 20 - Block 6","Individual HHs","11-45","Ground floor","Owner","Prakash Bhat","8200000545","5",NULL,"2026-08-11 06:41:14.939","2026-08-11 06:41:14.939","E2004720A0000000000221","W20-D-000545","E2004720B0000000000221","W20-W-000545",12.91068800,77.63039200
4978,"7200000546","Zone B - Division 20 - Ward 20 - Block 6","Individual HHs","11-46","1st Floor","Tenant","Ramesh Bhat","8200000546","6",NULL,"2026-08-11 06:41:14.939","2026-08-11 06:41:14.939","E2004720A0000000000222","W20-D-000546","E2004720B0000000000222","W20-W-000546",12.91069000,77.63054200
4979,"7200000547","Zone B - Division 20 - Ward 20 - Block 6","Individual HHs","11-47","2nd Floor","Owner","Ganesh Bhat","8200000547","1",NULL,"2026-08-11 06:41:14.939","2026-08-11 06:41:14.939","E2004720A0000000000223","W20-D-000547","E2004720B0000000000223","W20-W-000547",12.91069200,77.63069200
4980,"7200000548","Zone B - Division 20 - Ward 20 - Block 6","Individual HHs","11-48","3rd Floor","Tenant","Dinesh Bhat","8200000548","2",NULL,"2026-08-11 06:41:14.939","2026-08-11 06:41:14.939","E2004720A0000000000224","W20-D-000548","E2004720B0000000000224","W20-W-000548",12.91069400,77.63084200
4981,"7200000549","Zone B - Division 20 - Ward 20 - Block 6","Individual HHs","11-49","Ground floor","Owner","Nikhil Bhat","8200000549","3",NULL,"2026-08-11 06:41:14.939","2026-08-11 06:41:14.939","E2004720A0000000000225","W20-D-000549","E2004720B0000000000225","W20-W-000549",12.91069600,77.63099200
4982,"7200000550","Zone B - Division 20 - Ward 20 - Block 6","Individual HHs","11-50","1st Floor","Tenant","Varun Bhat","8200000550","4",NULL,"2026-08-11 06:41:14.939","2026-08-11 06:41:14.939","E2004720A0000000000226","W20-D-000550","E2004720B0000000000226","W20-W-000550",12.91069800,77.63114200
4983,"7200000551","Zone B - Division 20 - Ward 20 - Block 6","Individual HHs","12-01","2nd Floor","Owner","Priya Bhat","8200000551","5",NULL,"2026-08-11 06:41:14.939","2026-08-11 06:41:14.939","E2004720A0000000000227","W20-D-000551","E2004720B0000000000227","W20-W-000551",12.91080000,77.62754400
4984,"7200000552","Zone B - Division 20 - Ward 20 - Block 6","Individual HHs","12-02","3rd Floor","Tenant","Divya Bhat","8200000552","6",NULL,"2026-08-11 06:41:14.939","2026-08-11 06:41:14.939","E2004720A0000000000228","W20-D-000552","E2004720B0000000000228","W20-W-000552",12.91080200,77.62769400
4985,"7200000553","Zone B - Division 20 - Ward 20 - Block 6","Individual HHs","12-03","Ground floor","Owner","Swathi Bhat","8200000553","1",NULL,"2026-08-11 06:41:14.939","2026-08-11 06:41:14.939","E2004720A0000000000229","W20-D-000553","E2004720B0000000000229","W20-W-000553",12.91080400,77.62784400
4986,"7200000554","Zone B - Division 20 - Ward 20 - Block 6","Individual HHs","12-04","1st Floor","Tenant","Shreya Bhat","8200000554","2",NULL,"2026-08-11 06:41:14.939","2026-08-11 06:41:14.939","E2004720A000000000022A","W20-D-000554","E2004720B000000000022A","W20-W-000554",12.91080600,77.62799400
4987,"7200000555","Zone B - Division 20 - Ward 20 - Block 6","Individual HHs","12-05","2nd Floor","Owner","Keerthi Bhat","8200000555","3",NULL,"2026-08-11 06:41:14.939","2026-08-11 06:41:14.939","E2004720A000000000022B","W20-D-000555","E2004720B000000000022B","W20-W-000555",12.91080800,77.62814400
4988,"7200000556","Zone B - Division 20 - Ward 20 - Block 6","Individual HHs","12-06","3rd Floor","Tenant","Lakshmi Bhat","8200000556","4",NULL,"2026-08-11 06:41:14.939","2026-08-11 06:41:14.939","E2004720A000000000022C","W20-D-000556","E2004720B000000000022C","W20-W-000556",12.91081000,77.62829400
4989,"7200000557","Zone B - Division 20 - Ward 20 - Block 6","Individual HHs","12-07","Ground floor","Owner","Deepa Bhat","8200000557","5",NULL,"2026-08-11 06:41:14.939","2026-08-11 06:41:14.939","E2004720A000000000022D","W20-D-000557","E2004720B000000000022D","W20-W-000557",12.91081200,77.62844400
4990,"7200000558","Zone B - Division 20 - Ward 20 - Block 6","Individual HHs","12-08","1st Floor","Tenant","Asha Bhat","8200000558","6",NULL,"2026-08-11 06:41:14.939","2026-08-11 06:41:14.939","E2004720A000000000022E","W20-D-000558","E2004720B000000000022E","W20-W-000558",12.91081400,77.62859400
4991,"7200000559","Zone B - Division 20 - Ward 20 - Block 6","Individual HHs","12-09","2nd Floor","Owner","Pallavi Bhat","8200000559","1",NULL,"2026-08-11 06:41:14.939","2026-08-11 06:41:14.939","E2004720A000000000022F","W20-D-000559","E2004720B000000000022F","W20-W-000559",12.91081600,77.62874400
4992,"7200000560","Zone B - Division 20 - Ward 20 - Block 6","Individual HHs","12-10","3rd Floor","Tenant","Bhavana Bhat","8200000560","2",NULL,"2026-08-11 06:41:14.939","2026-08-11 06:41:14.939","E2004720A0000000000230","W20-D-000560","E2004720B0000000000230","W20-W-000560",12.91081800,77.62889400
4993,"7200000561","Zone B - Division 20 - Ward 20 - Block 6","Individual HHs","12-11","Ground floor","Owner","Aarav Hegde","8200000561","3",NULL,"2026-08-11 06:41:14.939","2026-08-11 06:41:14.939","E2004720A0000000000231","W20-D-000561","E2004720B0000000000231","W20-W-000561",12.91082000,77.62904400
4994,"7200000562","Zone B - Division 20 - Ward 20 - Block 6","Individual HHs","12-12","1st Floor","Tenant","Vihaan Hegde","8200000562","4",NULL,"2026-08-11 06:41:14.939","2026-08-11 06:41:14.939","E2004720A0000000000232","W20-D-000562","E2004720B0000000000232","W20-W-000562",12.91082200,77.62919400
4995,"7200000563","Zone B - Division 20 - Ward 20 - Block 6","Individual HHs","12-13","2nd Floor","Owner","Aditya Hegde","8200000563","5",NULL,"2026-08-11 06:41:14.939","2026-08-11 06:41:14.939","E2004720A0000000000233","W20-D-000563","E2004720B0000000000233","W20-W-000563",12.91082400,77.62934400
4996,"7200000564","Zone B - Division 20 - Ward 20 - Block 6","Individual HHs","12-14","3rd Floor","Tenant","Arjun Hegde","8200000564","6",NULL,"2026-08-11 06:41:14.939","2026-08-11 06:41:14.939","E2004720A0000000000234","W20-D-000564","E2004720B0000000000234","W20-W-000564",12.91082600,77.62949400
4997,"7200000565","Zone B - Division 20 - Ward 20 - Block 6","Individual HHs","12-15","Ground floor","Owner","Rohan Hegde","8200000565","1",NULL,"2026-08-11 06:41:14.939","2026-08-11 06:41:14.939","E2004720A0000000000235","W20-D-000565","E2004720B0000000000235","W20-W-000565",12.91082800,77.62964400
4998,"7200000566","Zone B - Division 20 - Ward 20 - Block 6","Individual HHs","12-16","1st Floor","Tenant","Rahul Hegde","8200000566","2",NULL,"2026-08-11 06:41:14.939","2026-08-11 06:41:14.939","E2004720A0000000000236","W20-D-000566","E2004720B0000000000236","W20-W-000566",12.91083000,77.62979400
4999,"7200000567","Zone B - Division 20 - Ward 20 - Block 6","Individual HHs","12-17","2nd Floor","Owner","Karthik Hegde","8200000567","3",NULL,"2026-08-11 06:41:14.939","2026-08-11 06:41:14.939","E2004720A0000000000237","W20-D-000567","E2004720B0000000000237","W20-W-000567",12.91083200,77.62994400
5000,"7200000568","Zone B - Division 20 - Ward 20 - Block 6","Individual HHs","12-18","3rd Floor","Tenant","Vikram Hegde","8200000568","4",NULL,"2026-08-11 06:41:14.939","2026-08-11 06:41:14.939","E2004720A0000000000238","W20-D-000568","E2004720B0000000000238","W20-W-000568",12.91083400,77.63009400
5001,"7200000569","Zone B - Division 20 - Ward 20 - Block 6","Individual HHs","12-19","Ground floor","Owner","Akash Hegde","8200000569","5",NULL,"2026-08-11 06:41:14.939","2026-08-11 06:41:14.939","E2004720A0000000000239","W20-D-000569","E2004720B0000000000239","W20-W-000569",12.91083600,77.63024400
5002,"7200000570","Zone B - Division 20 - Ward 20 - Block 6","Individual HHs","12-20","1st Floor","Tenant","Siddharth Hegde","8200000570","6",NULL,"2026-08-11 06:41:14.939","2026-08-11 06:41:14.939","E2004720A000000000023A","W20-D-000570","E2004720B000000000023A","W20-W-000570",12.91083800,77.63039400
5003,"7200000571","Zone B - Division 20 - Ward 20 - Block 6","Individual HHs","12-21","2nd Floor","Owner","Ananya Hegde","8200000571","1",NULL,"2026-08-11 06:41:14.939","2026-08-11 06:41:14.939","E2004720A000000000023B","W20-D-000571","E2004720B000000000023B","W20-W-000571",12.91084000,77.63054400
5004,"7200000572","Zone B - Division 20 - Ward 20 - Block 6","Individual HHs","12-22","3rd Floor","Tenant","Aadhya Hegde","8200000572","2",NULL,"2026-08-11 06:41:14.939","2026-08-11 06:41:14.939","E2004720A000000000023C","W20-D-000572","E2004720B000000000023C","W20-W-000572",12.91084200,77.63069400
5005,"7200000573","Zone B - Division 20 - Ward 20 - Block 6","Individual HHs","12-23","Ground floor","Owner","Diya Hegde","8200000573","3",NULL,"2026-08-11 06:41:14.939","2026-08-11 06:41:14.939","E2004720A000000000023D","W20-D-000573","E2004720B000000000023D","W20-W-000573",12.91084400,77.63084400
5006,"7200000574","Zone B - Division 20 - Ward 20 - Block 6","Individual HHs","12-24","1st Floor","Tenant","Ishita Hegde","8200000574","4",NULL,"2026-08-11 06:41:14.939","2026-08-11 06:41:14.939","E2004720A000000000023E","W20-D-000574","E2004720B000000000023E","W20-W-000574",12.91084600,77.63099400
5007,"7200000575","Zone B - Division 20 - Ward 20 - Block 6","Individual HHs","12-25","2nd Floor","Owner","Kavya Hegde","8200000575","5",NULL,"2026-08-11 06:41:14.939","2026-08-11 06:41:14.939","E2004720A000000000023F","W20-D-000575","E2004720B000000000023F","W20-W-000575",12.91084800,77.63114400
5008,"7200000576","Zone B - Division 20 - Ward 20 - Block 6","Individual HHs","12-26","3rd Floor","Tenant","Meera Hegde","8200000576","6",NULL,"2026-08-11 06:41:14.939","2026-08-11 06:41:14.939","E2004720A0000000000240","W20-D-000576","E2004720B0000000000240","W20-W-000576",12.91095000,77.62754600
5009,"7200000577","Zone B - Division 20 - Ward 20 - Block 6","Individual HHs","12-27","Ground floor","Owner","Sneha Hegde","8200000577","1",NULL,"2026-08-11 06:41:14.939","2026-08-11 06:41:14.939","E2004720A0000000000241","W20-D-000577","E2004720B0000000000241","W20-W-000577",12.91095200,77.62769600
5010,"7200000578","Zone B - Division 20 - Ward 20 - Block 6","Individual HHs","12-28","1st Floor","Tenant","Pooja Hegde","8200000578","2",NULL,"2026-08-11 06:41:14.939","2026-08-11 06:41:14.939","E2004720A0000000000242","W20-D-000578","E2004720B0000000000242","W20-W-000578",12.91095400,77.62784600
5011,"7200000579","Zone B - Division 20 - Ward 20 - Block 6","Individual HHs","12-29","2nd Floor","Owner","Riya Hegde","8200000579","3",NULL,"2026-08-11 06:41:14.939","2026-08-11 06:41:14.939","E2004720A0000000000243","W20-D-000579","E2004720B0000000000243","W20-W-000579",12.91095600,77.62799600
5012,"7200000580","Zone B - Division 20 - Ward 20 - Block 6","Individual HHs","12-30","3rd Floor","Tenant","Nandini Hegde","8200000580","4",NULL,"2026-08-11 06:41:14.939","2026-08-11 06:41:14.939","E2004720A0000000000244","W20-D-000580","E2004720B0000000000244","W20-W-000580",12.91095800,77.62814600
5013,"7200000581","Zone B - Division 20 - Ward 20 - Block 6","Individual HHs","12-31","Ground floor","Owner","Sanjay Hegde","8200000581","5",NULL,"2026-08-11 06:41:14.939","2026-08-11 06:41:14.939","E2004720A0000000000245","W20-D-000581","E2004720B0000000000245","W20-W-000581",12.91096000,77.62829600
5014,"7200000582","Zone B - Division 20 - Ward 20 - Block 6","Individual HHs","12-32","1st Floor","Tenant","Manoj Hegde","8200000582","6",NULL,"2026-08-11 06:41:14.939","2026-08-11 06:41:14.939","E2004720A0000000000246","W20-D-000582","E2004720B0000000000246","W20-W-000582",12.91096200,77.62844600
5015,"7200000583","Zone B - Division 20 - Ward 20 - Block 6","Individual HHs","12-33","2nd Floor","Owner","Suresh Hegde","8200000583","1",NULL,"2026-08-11 06:41:14.939","2026-08-11 06:41:14.939","E2004720A0000000000247","W20-D-000583","E2004720B0000000000247","W20-W-000583",12.91096400,77.62859600
5016,"7200000584","Zone B - Division 20 - Ward 20 - Block 6","Individual HHs","12-34","3rd Floor","Tenant","Mahesh Hegde","8200000584","2",NULL,"2026-08-11 06:41:14.939","2026-08-11 06:41:14.939","E2004720A0000000000248","W20-D-000584","E2004720B0000000000248","W20-W-000584",12.91096600,77.62874600
5017,"7200000585","Zone B - Division 20 - Ward 20 - Block 6","Individual HHs","12-35","Ground floor","Owner","Prakash Hegde","8200000585","3",NULL,"2026-08-11 06:41:14.939","2026-08-11 06:41:14.939","E2004720A0000000000249","W20-D-000585","E2004720B0000000000249","W20-W-000585",12.91096800,77.62889600
5018,"7200000586","Zone B - Division 20 - Ward 20 - Block 6","Individual HHs","12-36","1st Floor","Tenant","Ramesh Hegde","8200000586","4",NULL,"2026-08-11 06:41:14.939","2026-08-11 06:41:14.939","E2004720A000000000024A","W20-D-000586","E2004720B000000000024A","W20-W-000586",12.91097000,77.62904600
5019,"7200000587","Zone B - Division 20 - Ward 20 - Block 6","Individual HHs","12-37","2nd Floor","Owner","Ganesh Hegde","8200000587","5",NULL,"2026-08-11 06:41:14.939","2026-08-11 06:41:14.939","E2004720A000000000024B","W20-D-000587","E2004720B000000000024B","W20-W-000587",12.91097200,77.62919600
5020,"7200000588","Zone B - Division 20 - Ward 20 - Block 6","Individual HHs","12-38","3rd Floor","Tenant","Dinesh Hegde","8200000588","6",NULL,"2026-08-11 06:41:14.939","2026-08-11 06:41:14.939","E2004720A000000000024C","W20-D-000588","E2004720B000000000024C","W20-W-000588",12.91097400,77.62934600
5021,"7200000589","Zone B - Division 20 - Ward 20 - Block 6","Individual HHs","12-39","Ground floor","Owner","Nikhil Hegde","8200000589","1",NULL,"2026-08-11 06:41:14.939","2026-08-11 06:41:14.939","E2004720A000000000024D","W20-D-000589","E2004720B000000000024D","W20-W-000589",12.91097600,77.62949600
5022,"7200000590","Zone B - Division 20 - Ward 20 - Block 6","Individual HHs","12-40","1st Floor","Tenant","Varun Hegde","8200000590","2",NULL,"2026-08-11 06:41:14.939","2026-08-11 06:41:14.939","E2004720A000000000024E","W20-D-000590","E2004720B000000000024E","W20-W-000590",12.91097800,77.62964600
5023,"7200000591","Zone B - Division 20 - Ward 20 - Block 6","Individual HHs","12-41","2nd Floor","Owner","Priya Hegde","8200000591","3",NULL,"2026-08-11 06:41:14.939","2026-08-11 06:41:14.939","E2004720A000000000024F","W20-D-000591","E2004720B000000000024F","W20-W-000591",12.91098000,77.62979600
5024,"7200000592","Zone B - Division 20 - Ward 20 - Block 6","Individual HHs","12-42","3rd Floor","Tenant","Divya Hegde","8200000592","4",NULL,"2026-08-11 06:41:14.939","2026-08-11 06:41:14.939","E2004720A0000000000250","W20-D-000592","E2004720B0000000000250","W20-W-000592",12.91098200,77.62994600
5025,"7200000593","Zone B - Division 20 - Ward 20 - Block 6","Individual HHs","12-43","Ground floor","Owner","Swathi Hegde","8200000593","5",NULL,"2026-08-11 06:41:14.939","2026-08-11 06:41:14.939","E2004720A0000000000251","W20-D-000593","E2004720B0000000000251","W20-W-000593",12.91098400,77.63009600
5026,"7200000594","Zone B - Division 20 - Ward 20 - Block 6","Individual HHs","12-44","1st Floor","Tenant","Shreya Hegde","8200000594","6",NULL,"2026-08-11 06:41:14.939","2026-08-11 06:41:14.939","E2004720A0000000000252","W20-D-000594","E2004720B0000000000252","W20-W-000594",12.91098600,77.63024600
5027,"7200000595","Zone B - Division 20 - Ward 20 - Block 6","Individual HHs","12-45","2nd Floor","Owner","Keerthi Hegde","8200000595","1",NULL,"2026-08-11 06:41:14.939","2026-08-11 06:41:14.939","E2004720A0000000000253","W20-D-000595","E2004720B0000000000253","W20-W-000595",12.91098800,77.63039600
5028,"7200000596","Zone B - Division 20 - Ward 20 - Block 6","Individual HHs","12-46","3rd Floor","Tenant","Lakshmi Hegde","8200000596","2",NULL,"2026-08-11 06:41:14.939","2026-08-11 06:41:14.939","E2004720A0000000000254","W20-D-000596","E2004720B0000000000254","W20-W-000596",12.91099000,77.63054600
5029,"7200000597","Zone B - Division 20 - Ward 20 - Block 6","Individual HHs","12-47","Ground floor","Owner","Deepa Hegde","8200000597","3",NULL,"2026-08-11 06:41:14.939","2026-08-11 06:41:14.939","E2004720A0000000000255","W20-D-000597","E2004720B0000000000255","W20-W-000597",12.91099200,77.63069600
5030,"7200000598","Zone B - Division 20 - Ward 20 - Block 6","Individual HHs","12-48","1st Floor","Tenant","Asha Hegde","8200000598","4",NULL,"2026-08-11 06:41:14.939","2026-08-11 06:41:14.939","E2004720A0000000000256","W20-D-000598","E2004720B0000000000256","W20-W-000598",12.91099400,77.63084600
5031,"7200000599","Zone B - Division 20 - Ward 20 - Block 6","Individual HHs","12-49","2nd Floor","Owner","Pallavi Hegde","8200000599","5",NULL,"2026-08-11 06:41:14.939","2026-08-11 06:41:14.939","E2004720A0000000000257","W20-D-000599","E2004720B0000000000257","W20-W-000599",12.91099600,77.63099600
5032,"7200000600","Zone B - Division 20 - Ward 20 - Block 6","Individual HHs","12-50","3rd Floor","Tenant","Bhavana Hegde","8200000600","6",NULL,"2026-08-11 06:41:14.939","2026-08-11 06:41:14.939","E2004720A0000000000258","W20-D-000600","E2004720B0000000000258","W20-W-000600",12.91099800,77.63114600
5033,"7200000601","Zone B - Division 20 - Ward 20 - Block 7","Individual HHs","13-01","Ground floor","Owner","Aarav Desai","8200000601","1",NULL,"2026-08-11 06:41:14.939","2026-08-11 06:41:14.939","E2004720A0000000000259","W20-D-000601","E2004720B0000000000259","W20-W-000601",12.91110000,77.62754800
5034,"7200000602","Zone B - Division 20 - Ward 20 - Block 7","Individual HHs","13-02","1st Floor","Tenant","Vihaan Desai","8200000602","2",NULL,"2026-08-11 06:41:14.939","2026-08-11 06:41:14.939","E2004720A000000000025A","W20-D-000602","E2004720B000000000025A","W20-W-000602",12.91110200,77.62769800
5035,"7200000603","Zone B - Division 20 - Ward 20 - Block 7","Individual HHs","13-03","2nd Floor","Owner","Aditya Desai","8200000603","3",NULL,"2026-08-11 06:41:14.939","2026-08-11 06:41:14.939","E2004720A000000000025B","W20-D-000603","E2004720B000000000025B","W20-W-000603",12.91110400,77.62784800
5036,"7200000604","Zone B - Division 20 - Ward 20 - Block 7","Individual HHs","13-04","3rd Floor","Tenant","Arjun Desai","8200000604","4",NULL,"2026-08-11 06:41:14.939","2026-08-11 06:41:14.939","E2004720A000000000025C","W20-D-000604","E2004720B000000000025C","W20-W-000604",12.91110600,77.62799800
5037,"7200000605","Zone B - Division 20 - Ward 20 - Block 7","Individual HHs","13-05","Ground floor","Owner","Rohan Desai","8200000605","5",NULL,"2026-08-11 06:41:14.939","2026-08-11 06:41:14.939","E2004720A000000000025D","W20-D-000605","E2004720B000000000025D","W20-W-000605",12.91110800,77.62814800
5038,"7200000606","Zone B - Division 20 - Ward 20 - Block 7","Individual HHs","13-06","1st Floor","Tenant","Rahul Desai","8200000606","6",NULL,"2026-08-11 06:41:14.939","2026-08-11 06:41:14.939","E2004720A000000000025E","W20-D-000606","E2004720B000000000025E","W20-W-000606",12.91111000,77.62829800
5039,"7200000607","Zone B - Division 20 - Ward 20 - Block 7","Individual HHs","13-07","2nd Floor","Owner","Karthik Desai","8200000607","1",NULL,"2026-08-11 06:41:14.939","2026-08-11 06:41:14.939","E2004720A000000000025F","W20-D-000607","E2004720B000000000025F","W20-W-000607",12.91111200,77.62844800
5040,"7200000608","Zone B - Division 20 - Ward 20 - Block 7","Individual HHs","13-08","3rd Floor","Tenant","Vikram Desai","8200000608","2",NULL,"2026-08-11 06:41:14.939","2026-08-11 06:41:14.939","E2004720A0000000000260","W20-D-000608","E2004720B0000000000260","W20-W-000608",12.91111400,77.62859800
5041,"7200000609","Zone B - Division 20 - Ward 20 - Block 7","Individual HHs","13-09","Ground floor","Owner","Akash Desai","8200000609","3",NULL,"2026-08-11 06:41:14.939","2026-08-11 06:41:14.939","E2004720A0000000000261","W20-D-000609","E2004720B0000000000261","W20-W-000609",12.91111600,77.62874800
5042,"7200000610","Zone B - Division 20 - Ward 20 - Block 7","Individual HHs","13-10","1st Floor","Tenant","Siddharth Desai","8200000610","4",NULL,"2026-08-11 06:41:14.939","2026-08-11 06:41:14.939","E2004720A0000000000262","W20-D-000610","E2004720B0000000000262","W20-W-000610",12.91111800,77.62889800
5043,"7200000611","Zone B - Division 20 - Ward 20 - Block 7","Individual HHs","13-11","2nd Floor","Owner","Ananya Desai","8200000611","5",NULL,"2026-08-11 06:41:14.939","2026-08-11 06:41:14.939","E2004720A0000000000263","W20-D-000611","E2004720B0000000000263","W20-W-000611",12.91112000,77.62904800
5044,"7200000612","Zone B - Division 20 - Ward 20 - Block 7","Individual HHs","13-12","3rd Floor","Tenant","Aadhya Desai","8200000612","6",NULL,"2026-08-11 06:41:14.939","2026-08-11 06:41:14.939","E2004720A0000000000264","W20-D-000612","E2004720B0000000000264","W20-W-000612",12.91112200,77.62919800
5045,"7200000613","Zone B - Division 20 - Ward 20 - Block 7","Individual HHs","13-13","Ground floor","Owner","Diya Desai","8200000613","1",NULL,"2026-08-11 06:41:14.939","2026-08-11 06:41:14.939","E2004720A0000000000265","W20-D-000613","E2004720B0000000000265","W20-W-000613",12.91112400,77.62934800
5046,"7200000614","Zone B - Division 20 - Ward 20 - Block 7","Individual HHs","13-14","1st Floor","Tenant","Ishita Desai","8200000614","2",NULL,"2026-08-11 06:41:14.939","2026-08-11 06:41:14.939","E2004720A0000000000266","W20-D-000614","E2004720B0000000000266","W20-W-000614",12.91112600,77.62949800
5047,"7200000615","Zone B - Division 20 - Ward 20 - Block 7","Individual HHs","13-15","2nd Floor","Owner","Kavya Desai","8200000615","3",NULL,"2026-08-11 06:41:14.939","2026-08-11 06:41:14.939","E2004720A0000000000267","W20-D-000615","E2004720B0000000000267","W20-W-000615",12.91112800,77.62964800
5048,"7200000616","Zone B - Division 20 - Ward 20 - Block 7","Individual HHs","13-16","3rd Floor","Tenant","Meera Desai","8200000616","4",NULL,"2026-08-11 06:41:14.939","2026-08-11 06:41:14.939","E2004720A0000000000268","W20-D-000616","E2004720B0000000000268","W20-W-000616",12.91113000,77.62979800
5049,"7200000617","Zone B - Division 20 - Ward 20 - Block 7","Individual HHs","13-17","Ground floor","Owner","Sneha Desai","8200000617","5",NULL,"2026-08-11 06:41:14.939","2026-08-11 06:41:14.939","E2004720A0000000000269","W20-D-000617","E2004720B0000000000269","W20-W-000617",12.91113200,77.62994800
5050,"7200000618","Zone B - Division 20 - Ward 20 - Block 7","Individual HHs","13-18","1st Floor","Tenant","Pooja Desai","8200000618","6",NULL,"2026-08-11 06:41:14.939","2026-08-11 06:41:14.939","E2004720A000000000026A","W20-D-000618","E2004720B000000000026A","W20-W-000618",12.91113400,77.63009800
5051,"7200000619","Zone B - Division 20 - Ward 20 - Block 7","Individual HHs","13-19","2nd Floor","Owner","Riya Desai","8200000619","1",NULL,"2026-08-11 06:41:14.939","2026-08-11 06:41:14.939","E2004720A000000000026B","W20-D-000619","E2004720B000000000026B","W20-W-000619",12.91113600,77.63024800
5052,"7200000620","Zone B - Division 20 - Ward 20 - Block 7","Individual HHs","13-20","3rd Floor","Tenant","Nandini Desai","8200000620","2",NULL,"2026-08-11 06:41:14.939","2026-08-11 06:41:14.939","E2004720A000000000026C","W20-D-000620","E2004720B000000000026C","W20-W-000620",12.91113800,77.63039800
5053,"7200000621","Zone B - Division 20 - Ward 20 - Block 7","Individual HHs","13-21","Ground floor","Owner","Sanjay Desai","8200000621","3",NULL,"2026-08-11 06:41:14.939","2026-08-11 06:41:14.939","E2004720A000000000026D","W20-D-000621","E2004720B000000000026D","W20-W-000621",12.91114000,77.63054800
5054,"7200000622","Zone B - Division 20 - Ward 20 - Block 7","Individual HHs","13-22","1st Floor","Tenant","Manoj Desai","8200000622","4",NULL,"2026-08-11 06:41:14.939","2026-08-11 06:41:14.939","E2004720A000000000026E","W20-D-000622","E2004720B000000000026E","W20-W-000622",12.91114200,77.63069800
5055,"7200000623","Zone B - Division 20 - Ward 20 - Block 7","Individual HHs","13-23","2nd Floor","Owner","Suresh Desai","8200000623","5",NULL,"2026-08-11 06:41:14.939","2026-08-11 06:41:14.939","E2004720A000000000026F","W20-D-000623","E2004720B000000000026F","W20-W-000623",12.91114400,77.63084800
5056,"7200000624","Zone B - Division 20 - Ward 20 - Block 7","Individual HHs","13-24","3rd Floor","Tenant","Mahesh Desai","8200000624","6",NULL,"2026-08-11 06:41:14.939","2026-08-11 06:41:14.939","E2004720A0000000000270","W20-D-000624","E2004720B0000000000270","W20-W-000624",12.91114600,77.63099800
5057,"7200000625","Zone B - Division 20 - Ward 20 - Block 7","Individual HHs","13-25","Ground floor","Owner","Prakash Desai","8200000625","1",NULL,"2026-08-11 06:41:14.939","2026-08-11 06:41:14.939","E2004720A0000000000271","W20-D-000625","E2004720B0000000000271","W20-W-000625",12.91114800,77.63114800
5058,"7200000626","Zone B - Division 20 - Ward 20 - Block 7","Individual HHs","13-26","1st Floor","Tenant","Ramesh Desai","8200000626","2",NULL,"2026-08-11 06:41:14.939","2026-08-11 06:41:14.939","E2004720A0000000000272","W20-D-000626","E2004720B0000000000272","W20-W-000626",12.91125000,77.62755000
5059,"7200000627","Zone B - Division 20 - Ward 20 - Block 7","Individual HHs","13-27","2nd Floor","Owner","Ganesh Desai","8200000627","3",NULL,"2026-08-11 06:41:14.939","2026-08-11 06:41:14.939","E2004720A0000000000273","W20-D-000627","E2004720B0000000000273","W20-W-000627",12.91125200,77.62770000
5060,"7200000628","Zone B - Division 20 - Ward 20 - Block 7","Individual HHs","13-28","3rd Floor","Tenant","Dinesh Desai","8200000628","4",NULL,"2026-08-11 06:41:14.939","2026-08-11 06:41:14.939","E2004720A0000000000274","W20-D-000628","E2004720B0000000000274","W20-W-000628",12.91125400,77.62785000
5061,"7200000629","Zone B - Division 20 - Ward 20 - Block 7","Individual HHs","13-29","Ground floor","Owner","Nikhil Desai","8200000629","5",NULL,"2026-08-11 06:41:14.939","2026-08-11 06:41:14.939","E2004720A0000000000275","W20-D-000629","E2004720B0000000000275","W20-W-000629",12.91125600,77.62800000
5062,"7200000630","Zone B - Division 20 - Ward 20 - Block 7","Individual HHs","13-30","1st Floor","Tenant","Varun Desai","8200000630","6",NULL,"2026-08-11 06:41:14.939","2026-08-11 06:41:14.939","E2004720A0000000000276","W20-D-000630","E2004720B0000000000276","W20-W-000630",12.91125800,77.62815000
5063,"7200000631","Zone B - Division 20 - Ward 20 - Block 7","Individual HHs","13-31","2nd Floor","Owner","Priya Desai","8200000631","1",NULL,"2026-08-11 06:41:14.939","2026-08-11 06:41:14.939","E2004720A0000000000277","W20-D-000631","E2004720B0000000000277","W20-W-000631",12.91126000,77.62830000
5064,"7200000632","Zone B - Division 20 - Ward 20 - Block 7","Individual HHs","13-32","3rd Floor","Tenant","Divya Desai","8200000632","2",NULL,"2026-08-11 06:41:14.939","2026-08-11 06:41:14.939","E2004720A0000000000278","W20-D-000632","E2004720B0000000000278","W20-W-000632",12.91126200,77.62845000
5065,"7200000633","Zone B - Division 20 - Ward 20 - Block 7","Individual HHs","13-33","Ground floor","Owner","Swathi Desai","8200000633","3",NULL,"2026-08-11 06:41:14.939","2026-08-11 06:41:14.939","E2004720A0000000000279","W20-D-000633","E2004720B0000000000279","W20-W-000633",12.91126400,77.62860000
5066,"7200000634","Zone B - Division 20 - Ward 20 - Block 7","Individual HHs","13-34","1st Floor","Tenant","Shreya Desai","8200000634","4",NULL,"2026-08-11 06:41:14.939","2026-08-11 06:41:14.939","E2004720A000000000027A","W20-D-000634","E2004720B000000000027A","W20-W-000634",12.91126600,77.62875000
5067,"7200000635","Zone B - Division 20 - Ward 20 - Block 7","Individual HHs","13-35","2nd Floor","Owner","Keerthi Desai","8200000635","5",NULL,"2026-08-11 06:41:14.939","2026-08-11 06:41:14.939","E2004720A000000000027B","W20-D-000635","E2004720B000000000027B","W20-W-000635",12.91126800,77.62890000
5068,"7200000636","Zone B - Division 20 - Ward 20 - Block 7","Individual HHs","13-36","3rd Floor","Tenant","Lakshmi Desai","8200000636","6",NULL,"2026-08-11 06:41:14.939","2026-08-11 06:41:14.939","E2004720A000000000027C","W20-D-000636","E2004720B000000000027C","W20-W-000636",12.91127000,77.62905000
5069,"7200000637","Zone B - Division 20 - Ward 20 - Block 7","Individual HHs","13-37","Ground floor","Owner","Deepa Desai","8200000637","1",NULL,"2026-08-11 06:41:14.939","2026-08-11 06:41:14.939","E2004720A000000000027D","W20-D-000637","E2004720B000000000027D","W20-W-000637",12.91127200,77.62920000
5070,"7200000638","Zone B - Division 20 - Ward 20 - Block 7","Individual HHs","13-38","1st Floor","Tenant","Asha Desai","8200000638","2",NULL,"2026-08-11 06:41:14.939","2026-08-11 06:41:14.939","E2004720A000000000027E","W20-D-000638","E2004720B000000000027E","W20-W-000638",12.91127400,77.62935000
5071,"7200000639","Zone B - Division 20 - Ward 20 - Block 7","Individual HHs","13-39","2nd Floor","Owner","Pallavi Desai","8200000639","3",NULL,"2026-08-11 06:41:14.939","2026-08-11 06:41:14.939","E2004720A000000000027F","W20-D-000639","E2004720B000000000027F","W20-W-000639",12.91127600,77.62950000
5072,"7200000640","Zone B - Division 20 - Ward 20 - Block 7","Individual HHs","13-40","3rd Floor","Tenant","Bhavana Desai","8200000640","4",NULL,"2026-08-11 06:41:14.939","2026-08-11 06:41:14.939","E2004720A0000000000280","W20-D-000640","E2004720B0000000000280","W20-W-000640",12.91127800,77.62965000
5073,"7200000641","Zone B - Division 20 - Ward 20 - Block 7","Individual HHs","13-41","Ground floor","Owner","Aarav Kulkarni","8200000641","5",NULL,"2026-08-11 06:41:14.939","2026-08-11 06:41:14.939","E2004720A0000000000281","W20-D-000641","E2004720B0000000000281","W20-W-000641",12.91128000,77.62980000
5074,"7200000642","Zone B - Division 20 - Ward 20 - Block 7","Individual HHs","13-42","1st Floor","Tenant","Vihaan Kulkarni","8200000642","6",NULL,"2026-08-11 06:41:14.939","2026-08-11 06:41:14.939","E2004720A0000000000282","W20-D-000642","E2004720B0000000000282","W20-W-000642",12.91128200,77.62995000
5075,"7200000643","Zone B - Division 20 - Ward 20 - Block 7","Individual HHs","13-43","2nd Floor","Owner","Aditya Kulkarni","8200000643","1",NULL,"2026-08-11 06:41:14.939","2026-08-11 06:41:14.939","E2004720A0000000000283","W20-D-000643","E2004720B0000000000283","W20-W-000643",12.91128400,77.63010000
5076,"7200000644","Zone B - Division 20 - Ward 20 - Block 7","Individual HHs","13-44","3rd Floor","Tenant","Arjun Kulkarni","8200000644","2",NULL,"2026-08-11 06:41:14.939","2026-08-11 06:41:14.939","E2004720A0000000000284","W20-D-000644","E2004720B0000000000284","W20-W-000644",12.91128600,77.63025000
5077,"7200000645","Zone B - Division 20 - Ward 20 - Block 7","Individual HHs","13-45","Ground floor","Owner","Rohan Kulkarni","8200000645","3",NULL,"2026-08-11 06:41:14.939","2026-08-11 06:41:14.939","E2004720A0000000000285","W20-D-000645","E2004720B0000000000285","W20-W-000645",12.91128800,77.63040000
5078,"7200000646","Zone B - Division 20 - Ward 20 - Block 7","Individual HHs","13-46","1st Floor","Tenant","Rahul Kulkarni","8200000646","4",NULL,"2026-08-11 06:41:14.939","2026-08-11 06:41:14.939","E2004720A0000000000286","W20-D-000646","E2004720B0000000000286","W20-W-000646",12.91129000,77.63055000
5079,"7200000647","Zone B - Division 20 - Ward 20 - Block 7","Individual HHs","13-47","2nd Floor","Owner","Karthik Kulkarni","8200000647","5",NULL,"2026-08-11 06:41:14.939","2026-08-11 06:41:14.939","E2004720A0000000000287","W20-D-000647","E2004720B0000000000287","W20-W-000647",12.91129200,77.63070000
5080,"7200000648","Zone B - Division 20 - Ward 20 - Block 7","Individual HHs","13-48","3rd Floor","Tenant","Vikram Kulkarni","8200000648","6",NULL,"2026-08-11 06:41:14.939","2026-08-11 06:41:14.939","E2004720A0000000000288","W20-D-000648","E2004720B0000000000288","W20-W-000648",12.91129400,77.63085000
5081,"7200000649","Zone B - Division 20 - Ward 20 - Block 7","Individual HHs","13-49","Ground floor","Owner","Akash Kulkarni","8200000649","1",NULL,"2026-08-11 06:41:14.939","2026-08-11 06:41:14.939","E2004720A0000000000289","W20-D-000649","E2004720B0000000000289","W20-W-000649",12.91129600,77.63100000
5082,"7200000650","Zone B - Division 20 - Ward 20 - Block 7","Individual HHs","13-50","1st Floor","Tenant","Siddharth Kulkarni","8200000650","2",NULL,"2026-08-11 06:41:14.939","2026-08-11 06:41:14.939","E2004720A000000000028A","W20-D-000650","E2004720B000000000028A","W20-W-000650",12.91129800,77.63115000
5083,"7200000651","Zone B - Division 20 - Ward 20 - Block 7","Individual HHs","14-01","2nd Floor","Owner","Ananya Kulkarni","8200000651","3",NULL,"2026-08-11 06:41:14.939","2026-08-11 06:41:14.939","E2004720A000000000028B","W20-D-000651","E2004720B000000000028B","W20-W-000651",12.91140000,77.62755200
5084,"7200000652","Zone B - Division 20 - Ward 20 - Block 7","Individual HHs","14-02","3rd Floor","Tenant","Aadhya Kulkarni","8200000652","4",NULL,"2026-08-11 06:41:14.939","2026-08-11 06:41:14.939","E2004720A000000000028C","W20-D-000652","E2004720B000000000028C","W20-W-000652",12.91140200,77.62770200
5085,"7200000653","Zone B - Division 20 - Ward 20 - Block 7","Individual HHs","14-03","Ground floor","Owner","Diya Kulkarni","8200000653","5",NULL,"2026-08-11 06:41:14.939","2026-08-11 06:41:14.939","E2004720A000000000028D","W20-D-000653","E2004720B000000000028D","W20-W-000653",12.91140400,77.62785200
5086,"7200000654","Zone B - Division 20 - Ward 20 - Block 7","Individual HHs","14-04","1st Floor","Tenant","Ishita Kulkarni","8200000654","6",NULL,"2026-08-11 06:41:14.939","2026-08-11 06:41:14.939","E2004720A000000000028E","W20-D-000654","E2004720B000000000028E","W20-W-000654",12.91140600,77.62800200
5087,"7200000655","Zone B - Division 20 - Ward 20 - Block 7","Individual HHs","14-05","2nd Floor","Owner","Kavya Kulkarni","8200000655","1",NULL,"2026-08-11 06:41:14.939","2026-08-11 06:41:14.939","E2004720A000000000028F","W20-D-000655","E2004720B000000000028F","W20-W-000655",12.91140800,77.62815200
5088,"7200000656","Zone B - Division 20 - Ward 20 - Block 7","Individual HHs","14-06","3rd Floor","Tenant","Meera Kulkarni","8200000656","2",NULL,"2026-08-11 06:41:14.939","2026-08-11 06:41:14.939","E2004720A0000000000290","W20-D-000656","E2004720B0000000000290","W20-W-000656",12.91141000,77.62830200
5089,"7200000657","Zone B - Division 20 - Ward 20 - Block 7","Individual HHs","14-07","Ground floor","Owner","Sneha Kulkarni","8200000657","3",NULL,"2026-08-11 06:41:14.939","2026-08-11 06:41:14.939","E2004720A0000000000291","W20-D-000657","E2004720B0000000000291","W20-W-000657",12.91141200,77.62845200
5090,"7200000658","Zone B - Division 20 - Ward 20 - Block 7","Individual HHs","14-08","1st Floor","Tenant","Pooja Kulkarni","8200000658","4",NULL,"2026-08-11 06:41:14.939","2026-08-11 06:41:14.939","E2004720A0000000000292","W20-D-000658","E2004720B0000000000292","W20-W-000658",12.91141400,77.62860200
5091,"7200000659","Zone B - Division 20 - Ward 20 - Block 7","Individual HHs","14-09","2nd Floor","Owner","Riya Kulkarni","8200000659","5",NULL,"2026-08-11 06:41:14.939","2026-08-11 06:41:14.939","E2004720A0000000000293","W20-D-000659","E2004720B0000000000293","W20-W-000659",12.91141600,77.62875200
5092,"7200000660","Zone B - Division 20 - Ward 20 - Block 7","Individual HHs","14-10","3rd Floor","Tenant","Nandini Kulkarni","8200000660","6",NULL,"2026-08-11 06:41:14.939","2026-08-11 06:41:14.939","E2004720A0000000000294","W20-D-000660","E2004720B0000000000294","W20-W-000660",12.91141800,77.62890200
5093,"7200000661","Zone B - Division 20 - Ward 20 - Block 7","Individual HHs","14-11","Ground floor","Owner","Sanjay Kulkarni","8200000661","1",NULL,"2026-08-11 06:41:14.939","2026-08-11 06:41:14.939","E2004720A0000000000295","W20-D-000661","E2004720B0000000000295","W20-W-000661",12.91142000,77.62905200
5094,"7200000662","Zone B - Division 20 - Ward 20 - Block 7","Individual HHs","14-12","1st Floor","Tenant","Manoj Kulkarni","8200000662","2",NULL,"2026-08-11 06:41:14.939","2026-08-11 06:41:14.939","E2004720A0000000000296","W20-D-000662","E2004720B0000000000296","W20-W-000662",12.91142200,77.62920200
5095,"7200000663","Zone B - Division 20 - Ward 20 - Block 7","Individual HHs","14-13","2nd Floor","Owner","Suresh Kulkarni","8200000663","3",NULL,"2026-08-11 06:41:14.939","2026-08-11 06:41:14.939","E2004720A0000000000297","W20-D-000663","E2004720B0000000000297","W20-W-000663",12.91142400,77.62935200
5096,"7200000664","Zone B - Division 20 - Ward 20 - Block 7","Individual HHs","14-14","3rd Floor","Tenant","Mahesh Kulkarni","8200000664","4",NULL,"2026-08-11 06:41:14.939","2026-08-11 06:41:14.939","E2004720A0000000000298","W20-D-000664","E2004720B0000000000298","W20-W-000664",12.91142600,77.62950200
5097,"7200000665","Zone B - Division 20 - Ward 20 - Block 7","Individual HHs","14-15","Ground floor","Owner","Prakash Kulkarni","8200000665","5",NULL,"2026-08-11 06:41:14.939","2026-08-11 06:41:14.939","E2004720A0000000000299","W20-D-000665","E2004720B0000000000299","W20-W-000665",12.91142800,77.62965200
5098,"7200000666","Zone B - Division 20 - Ward 20 - Block 7","Individual HHs","14-16","1st Floor","Tenant","Ramesh Kulkarni","8200000666","6",NULL,"2026-08-11 06:41:14.939","2026-08-11 06:41:14.939","E2004720A000000000029A","W20-D-000666","E2004720B000000000029A","W20-W-000666",12.91143000,77.62980200
5099,"7200000667","Zone B - Division 20 - Ward 20 - Block 7","Individual HHs","14-17","2nd Floor","Owner","Ganesh Kulkarni","8200000667","1",NULL,"2026-08-11 06:41:14.939","2026-08-11 06:41:14.939","E2004720A000000000029B","W20-D-000667","E2004720B000000000029B","W20-W-000667",12.91143200,77.62995200
5100,"7200000668","Zone B - Division 20 - Ward 20 - Block 7","Individual HHs","14-18","3rd Floor","Tenant","Dinesh Kulkarni","8200000668","2",NULL,"2026-08-11 06:41:14.939","2026-08-11 06:41:14.939","E2004720A000000000029C","W20-D-000668","E2004720B000000000029C","W20-W-000668",12.91143400,77.63010200
5101,"7200000669","Zone B - Division 20 - Ward 20 - Block 7","Individual HHs","14-19","Ground floor","Owner","Nikhil Kulkarni","8200000669","3",NULL,"2026-08-11 06:41:14.939","2026-08-11 06:41:14.939","E2004720A000000000029D","W20-D-000669","E2004720B000000000029D","W20-W-000669",12.91143600,77.63025200
5102,"7200000670","Zone B - Division 20 - Ward 20 - Block 7","Individual HHs","14-20","1st Floor","Tenant","Varun Kulkarni","8200000670","4",NULL,"2026-08-11 06:41:14.939","2026-08-11 06:41:14.939","E2004720A000000000029E","W20-D-000670","E2004720B000000000029E","W20-W-000670",12.91143800,77.63040200
5103,"7200000671","Zone B - Division 20 - Ward 20 - Block 7","Individual HHs","14-21","2nd Floor","Owner","Priya Kulkarni","8200000671","5",NULL,"2026-08-11 06:41:14.939","2026-08-11 06:41:14.939","E2004720A000000000029F","W20-D-000671","E2004720B000000000029F","W20-W-000671",12.91144000,77.63055200
5104,"7200000672","Zone B - Division 20 - Ward 20 - Block 7","Individual HHs","14-22","3rd Floor","Tenant","Divya Kulkarni","8200000672","6",NULL,"2026-08-11 06:41:14.939","2026-08-11 06:41:14.939","E2004720A00000000002A0","W20-D-000672","E2004720B00000000002A0","W20-W-000672",12.91144200,77.63070200
5105,"7200000673","Zone B - Division 20 - Ward 20 - Block 7","Individual HHs","14-23","Ground floor","Owner","Swathi Kulkarni","8200000673","1",NULL,"2026-08-11 06:41:14.939","2026-08-11 06:41:14.939","E2004720A00000000002A1","W20-D-000673","E2004720B00000000002A1","W20-W-000673",12.91144400,77.63085200
5106,"7200000674","Zone B - Division 20 - Ward 20 - Block 7","Individual HHs","14-24","1st Floor","Tenant","Shreya Kulkarni","8200000674","2",NULL,"2026-08-11 06:41:14.939","2026-08-11 06:41:14.939","E2004720A00000000002A2","W20-D-000674","E2004720B00000000002A2","W20-W-000674",12.91144600,77.63100200
5107,"7200000675","Zone B - Division 20 - Ward 20 - Block 7","Individual HHs","14-25","2nd Floor","Owner","Keerthi Kulkarni","8200000675","3",NULL,"2026-08-11 06:41:14.939","2026-08-11 06:41:14.939","E2004720A00000000002A3","W20-D-000675","E2004720B00000000002A3","W20-W-000675",12.91144800,77.63115200
5108,"7200000676","Zone B - Division 20 - Ward 20 - Block 7","Individual HHs","14-26","3rd Floor","Tenant","Lakshmi Kulkarni","8200000676","4",NULL,"2026-08-11 06:41:14.939","2026-08-11 06:41:14.939","E2004720A00000000002A4","W20-D-000676","E2004720B00000000002A4","W20-W-000676",12.91155000,77.62755400
5109,"7200000677","Zone B - Division 20 - Ward 20 - Block 7","Individual HHs","14-27","Ground floor","Owner","Deepa Kulkarni","8200000677","5",NULL,"2026-08-11 06:41:14.939","2026-08-11 06:41:14.939","E2004720A00000000002A5","W20-D-000677","E2004720B00000000002A5","W20-W-000677",12.91155200,77.62770400
5110,"7200000678","Zone B - Division 20 - Ward 20 - Block 7","Individual HHs","14-28","1st Floor","Tenant","Asha Kulkarni","8200000678","6",NULL,"2026-08-11 06:41:14.939","2026-08-11 06:41:14.939","E2004720A00000000002A6","W20-D-000678","E2004720B00000000002A6","W20-W-000678",12.91155400,77.62785400
5111,"7200000679","Zone B - Division 20 - Ward 20 - Block 7","Individual HHs","14-29","2nd Floor","Owner","Pallavi Kulkarni","8200000679","1",NULL,"2026-08-11 06:41:14.939","2026-08-11 06:41:14.939","E2004720A00000000002A7","W20-D-000679","E2004720B00000000002A7","W20-W-000679",12.91155600,77.62800400
5112,"7200000680","Zone B - Division 20 - Ward 20 - Block 7","Individual HHs","14-30","3rd Floor","Tenant","Bhavana Kulkarni","8200000680","2",NULL,"2026-08-11 06:41:14.939","2026-08-11 06:41:14.939","E2004720A00000000002A8","W20-D-000680","E2004720B00000000002A8","W20-W-000680",12.91155800,77.62815400
5113,"7200000681","Zone B - Division 20 - Ward 20 - Block 7","Individual HHs","14-31","Ground floor","Owner","Aarav Verma","8200000681","3",NULL,"2026-08-11 06:41:14.939","2026-08-11 06:41:14.939","E2004720A00000000002A9","W20-D-000681","E2004720B00000000002A9","W20-W-000681",12.91156000,77.62830400
5114,"7200000682","Zone B - Division 20 - Ward 20 - Block 7","Individual HHs","14-32","1st Floor","Tenant","Vihaan Verma","8200000682","4",NULL,"2026-08-11 06:41:14.939","2026-08-11 06:41:14.939","E2004720A00000000002AA","W20-D-000682","E2004720B00000000002AA","W20-W-000682",12.91156200,77.62845400
5115,"7200000683","Zone B - Division 20 - Ward 20 - Block 7","Individual HHs","14-33","2nd Floor","Owner","Aditya Verma","8200000683","5",NULL,"2026-08-11 06:41:14.939","2026-08-11 06:41:14.939","E2004720A00000000002AB","W20-D-000683","E2004720B00000000002AB","W20-W-000683",12.91156400,77.62860400
5116,"7200000684","Zone B - Division 20 - Ward 20 - Block 7","Individual HHs","14-34","3rd Floor","Tenant","Arjun Verma","8200000684","6",NULL,"2026-08-11 06:41:14.939","2026-08-11 06:41:14.939","E2004720A00000000002AC","W20-D-000684","E2004720B00000000002AC","W20-W-000684",12.91156600,77.62875400
5117,"7200000685","Zone B - Division 20 - Ward 20 - Block 7","Individual HHs","14-35","Ground floor","Owner","Rohan Verma","8200000685","1",NULL,"2026-08-11 06:41:14.939","2026-08-11 06:41:14.939","E2004720A00000000002AD","W20-D-000685","E2004720B00000000002AD","W20-W-000685",12.91156800,77.62890400
5118,"7200000686","Zone B - Division 20 - Ward 20 - Block 7","Individual HHs","14-36","1st Floor","Tenant","Rahul Verma","8200000686","2",NULL,"2026-08-11 06:41:14.939","2026-08-11 06:41:14.939","E2004720A00000000002AE","W20-D-000686","E2004720B00000000002AE","W20-W-000686",12.91157000,77.62905400
5119,"7200000687","Zone B - Division 20 - Ward 20 - Block 7","Individual HHs","14-37","2nd Floor","Owner","Karthik Verma","8200000687","3",NULL,"2026-08-11 06:41:14.939","2026-08-11 06:41:14.939","E2004720A00000000002AF","W20-D-000687","E2004720B00000000002AF","W20-W-000687",12.91157200,77.62920400
5120,"7200000688","Zone B - Division 20 - Ward 20 - Block 7","Individual HHs","14-38","3rd Floor","Tenant","Vikram Verma","8200000688","4",NULL,"2026-08-11 06:41:14.939","2026-08-11 06:41:14.939","E2004720A00000000002B0","W20-D-000688","E2004720B00000000002B0","W20-W-000688",12.91157400,77.62935400
5121,"7200000689","Zone B - Division 20 - Ward 20 - Block 7","Individual HHs","14-39","Ground floor","Owner","Akash Verma","8200000689","5",NULL,"2026-08-11 06:41:14.939","2026-08-11 06:41:14.939","E2004720A00000000002B1","W20-D-000689","E2004720B00000000002B1","W20-W-000689",12.91157600,77.62950400
5122,"7200000690","Zone B - Division 20 - Ward 20 - Block 7","Individual HHs","14-40","1st Floor","Tenant","Siddharth Verma","8200000690","6",NULL,"2026-08-11 06:41:14.939","2026-08-11 06:41:14.939","E2004720A00000000002B2","W20-D-000690","E2004720B00000000002B2","W20-W-000690",12.91157800,77.62965400
5123,"7200000691","Zone B - Division 20 - Ward 20 - Block 7","Individual HHs","14-41","2nd Floor","Owner","Ananya Verma","8200000691","1",NULL,"2026-08-11 06:41:14.939","2026-08-11 06:41:14.939","E2004720A00000000002B3","W20-D-000691","E2004720B00000000002B3","W20-W-000691",12.91158000,77.62980400
5124,"7200000692","Zone B - Division 20 - Ward 20 - Block 7","Individual HHs","14-42","3rd Floor","Tenant","Aadhya Verma","8200000692","2",NULL,"2026-08-11 06:41:14.939","2026-08-11 06:41:14.939","E2004720A00000000002B4","W20-D-000692","E2004720B00000000002B4","W20-W-000692",12.91158200,77.62995400
5125,"7200000693","Zone B - Division 20 - Ward 20 - Block 7","Individual HHs","14-43","Ground floor","Owner","Diya Verma","8200000693","3",NULL,"2026-08-11 06:41:14.939","2026-08-11 06:41:14.939","E2004720A00000000002B5","W20-D-000693","E2004720B00000000002B5","W20-W-000693",12.91158400,77.63010400
5126,"7200000694","Zone B - Division 20 - Ward 20 - Block 7","Individual HHs","14-44","1st Floor","Tenant","Ishita Verma","8200000694","4",NULL,"2026-08-11 06:41:14.939","2026-08-11 06:41:14.939","E2004720A00000000002B6","W20-D-000694","E2004720B00000000002B6","W20-W-000694",12.91158600,77.63025400
5127,"7200000695","Zone B - Division 20 - Ward 20 - Block 7","Individual HHs","14-45","2nd Floor","Owner","Kavya Verma","8200000695","5",NULL,"2026-08-11 06:41:14.939","2026-08-11 06:41:14.939","E2004720A00000000002B7","W20-D-000695","E2004720B00000000002B7","W20-W-000695",12.91158800,77.63040400
5128,"7200000696","Zone B - Division 20 - Ward 20 - Block 7","Individual HHs","14-46","3rd Floor","Tenant","Meera Verma","8200000696","6",NULL,"2026-08-11 06:41:14.939","2026-08-11 06:41:14.939","E2004720A00000000002B8","W20-D-000696","E2004720B00000000002B8","W20-W-000696",12.91159000,77.63055400
5129,"7200000697","Zone B - Division 20 - Ward 20 - Block 7","Individual HHs","14-47","Ground floor","Owner","Sneha Verma","8200000697","1",NULL,"2026-08-11 06:41:14.939","2026-08-11 06:41:14.939","E2004720A00000000002B9","W20-D-000697","E2004720B00000000002B9","W20-W-000697",12.91159200,77.63070400
5130,"7200000698","Zone B - Division 20 - Ward 20 - Block 7","Individual HHs","14-48","1st Floor","Tenant","Pooja Verma","8200000698","2",NULL,"2026-08-11 06:41:14.939","2026-08-11 06:41:14.939","E2004720A00000000002BA","W20-D-000698","E2004720B00000000002BA","W20-W-000698",12.91159400,77.63085400
5131,"7200000699","Zone B - Division 20 - Ward 20 - Block 7","Individual HHs","14-49","2nd Floor","Owner","Riya Verma","8200000699","3",NULL,"2026-08-11 06:41:14.939","2026-08-11 06:41:14.939","E2004720A00000000002BB","W20-D-000699","E2004720B00000000002BB","W20-W-000699",12.91159600,77.63100400
5132,"7200000700","Zone B - Division 20 - Ward 20 - Block 7","Individual HHs","14-50","3rd Floor","Tenant","Nandini Verma","8200000700","4",NULL,"2026-08-11 06:41:14.939","2026-08-11 06:41:14.939","E2004720A00000000002BC","W20-D-000700","E2004720B00000000002BC","W20-W-000700",12.91159800,77.63115400
5133,"7200000701","Zone B - Division 20 - Ward 20 - Block 8","Individual HHs","15-01","Ground floor","Owner","Sanjay Verma","8200000701","5",NULL,"2026-08-11 06:41:14.939","2026-08-11 06:41:14.939","E2004720A00000000002BD","W20-D-000701","E2004720B00000000002BD","W20-W-000701",12.91170000,77.62755600
5134,"7200000702","Zone B - Division 20 - Ward 20 - Block 8","Individual HHs","15-02","1st Floor","Tenant","Manoj Verma","8200000702","6",NULL,"2026-08-11 06:41:14.939","2026-08-11 06:41:14.939","E2004720A00000000002BE","W20-D-000702","E2004720B00000000002BE","W20-W-000702",12.91170200,77.62770600
5135,"7200000703","Zone B - Division 20 - Ward 20 - Block 8","Individual HHs","15-03","2nd Floor","Owner","Suresh Verma","8200000703","1",NULL,"2026-08-11 06:41:14.939","2026-08-11 06:41:14.939","E2004720A00000000002BF","W20-D-000703","E2004720B00000000002BF","W20-W-000703",12.91170400,77.62785600
5136,"7200000704","Zone B - Division 20 - Ward 20 - Block 8","Individual HHs","15-04","3rd Floor","Tenant","Mahesh Verma","8200000704","2",NULL,"2026-08-11 06:41:14.939","2026-08-11 06:41:14.939","E2004720A00000000002C0","W20-D-000704","E2004720B00000000002C0","W20-W-000704",12.91170600,77.62800600
5137,"7200000705","Zone B - Division 20 - Ward 20 - Block 8","Individual HHs","15-05","Ground floor","Owner","Prakash Verma","8200000705","3",NULL,"2026-08-11 06:41:14.939","2026-08-11 06:41:14.939","E2004720A00000000002C1","W20-D-000705","E2004720B00000000002C1","W20-W-000705",12.91170800,77.62815600
5138,"7200000706","Zone B - Division 20 - Ward 20 - Block 8","Individual HHs","15-06","1st Floor","Tenant","Ramesh Verma","8200000706","4",NULL,"2026-08-11 06:41:14.939","2026-08-11 06:41:14.939","E2004720A00000000002C2","W20-D-000706","E2004720B00000000002C2","W20-W-000706",12.91171000,77.62830600
5139,"7200000707","Zone B - Division 20 - Ward 20 - Block 8","Individual HHs","15-07","2nd Floor","Owner","Ganesh Verma","8200000707","5",NULL,"2026-08-11 06:41:14.939","2026-08-11 06:41:14.939","E2004720A00000000002C3","W20-D-000707","E2004720B00000000002C3","W20-W-000707",12.91171200,77.62845600
5140,"7200000708","Zone B - Division 20 - Ward 20 - Block 8","Individual HHs","15-08","3rd Floor","Tenant","Dinesh Verma","8200000708","6",NULL,"2026-08-11 06:41:14.939","2026-08-11 06:41:14.939","E2004720A00000000002C4","W20-D-000708","E2004720B00000000002C4","W20-W-000708",12.91171400,77.62860600
5141,"7200000709","Zone B - Division 20 - Ward 20 - Block 8","Individual HHs","15-09","Ground floor","Owner","Nikhil Verma","8200000709","1",NULL,"2026-08-11 06:41:14.939","2026-08-11 06:41:14.939","E2004720A00000000002C5","W20-D-000709","E2004720B00000000002C5","W20-W-000709",12.91171600,77.62875600
5142,"7200000710","Zone B - Division 20 - Ward 20 - Block 8","Individual HHs","15-10","1st Floor","Tenant","Varun Verma","8200000710","2",NULL,"2026-08-11 06:41:14.939","2026-08-11 06:41:14.939","E2004720A00000000002C6","W20-D-000710","E2004720B00000000002C6","W20-W-000710",12.91171800,77.62890600
5143,"7200000711","Zone B - Division 20 - Ward 20 - Block 8","Individual HHs","15-11","2nd Floor","Owner","Priya Verma","8200000711","3",NULL,"2026-08-11 06:41:14.939","2026-08-11 06:41:14.939","E2004720A00000000002C7","W20-D-000711","E2004720B00000000002C7","W20-W-000711",12.91172000,77.62905600
5144,"7200000712","Zone B - Division 20 - Ward 20 - Block 8","Individual HHs","15-12","3rd Floor","Tenant","Divya Verma","8200000712","4",NULL,"2026-08-11 06:41:14.939","2026-08-11 06:41:14.939","E2004720A00000000002C8","W20-D-000712","E2004720B00000000002C8","W20-W-000712",12.91172200,77.62920600
5145,"7200000713","Zone B - Division 20 - Ward 20 - Block 8","Individual HHs","15-13","Ground floor","Owner","Swathi Verma","8200000713","5",NULL,"2026-08-11 06:41:14.939","2026-08-11 06:41:14.939","E2004720A00000000002C9","W20-D-000713","E2004720B00000000002C9","W20-W-000713",12.91172400,77.62935600
5146,"7200000714","Zone B - Division 20 - Ward 20 - Block 8","Individual HHs","15-14","1st Floor","Tenant","Shreya Verma","8200000714","6",NULL,"2026-08-11 06:41:14.939","2026-08-11 06:41:14.939","E2004720A00000000002CA","W20-D-000714","E2004720B00000000002CA","W20-W-000714",12.91172600,77.62950600
5147,"7200000715","Zone B - Division 20 - Ward 20 - Block 8","Individual HHs","15-15","2nd Floor","Owner","Keerthi Verma","8200000715","1",NULL,"2026-08-11 06:41:14.939","2026-08-11 06:41:14.939","E2004720A00000000002CB","W20-D-000715","E2004720B00000000002CB","W20-W-000715",12.91172800,77.62965600
5148,"7200000716","Zone B - Division 20 - Ward 20 - Block 8","Individual HHs","15-16","3rd Floor","Tenant","Lakshmi Verma","8200000716","2",NULL,"2026-08-11 06:41:14.939","2026-08-11 06:41:14.939","E2004720A00000000002CC","W20-D-000716","E2004720B00000000002CC","W20-W-000716",12.91173000,77.62980600
5149,"7200000717","Zone B - Division 20 - Ward 20 - Block 8","Individual HHs","15-17","Ground floor","Owner","Deepa Verma","8200000717","3",NULL,"2026-08-11 06:41:14.939","2026-08-11 06:41:14.939","E2004720A00000000002CD","W20-D-000717","E2004720B00000000002CD","W20-W-000717",12.91173200,77.62995600
5150,"7200000718","Zone B - Division 20 - Ward 20 - Block 8","Individual HHs","15-18","1st Floor","Tenant","Asha Verma","8200000718","4",NULL,"2026-08-11 06:41:14.939","2026-08-11 06:41:14.939","E2004720A00000000002CE","W20-D-000718","E2004720B00000000002CE","W20-W-000718",12.91173400,77.63010600
5151,"7200000719","Zone B - Division 20 - Ward 20 - Block 8","Individual HHs","15-19","2nd Floor","Owner","Pallavi Verma","8200000719","5",NULL,"2026-08-11 06:41:14.939","2026-08-11 06:41:14.939","E2004720A00000000002CF","W20-D-000719","E2004720B00000000002CF","W20-W-000719",12.91173600,77.63025600
5152,"7200000720","Zone B - Division 20 - Ward 20 - Block 8","Individual HHs","15-20","3rd Floor","Tenant","Bhavana Verma","8200000720","6",NULL,"2026-08-11 06:41:14.939","2026-08-11 06:41:14.939","E2004720A00000000002D0","W20-D-000720","E2004720B00000000002D0","W20-W-000720",12.91173800,77.63040600
5153,"7200000721","Zone B - Division 20 - Ward 20 - Block 8","Individual HHs","15-21","Ground floor","Owner","Aarav Singh","8200000721","1",NULL,"2026-08-11 06:41:14.939","2026-08-11 06:41:14.939","E2004720A00000000002D1","W20-D-000721","E2004720B00000000002D1","W20-W-000721",12.91174000,77.63055600
5154,"7200000722","Zone B - Division 20 - Ward 20 - Block 8","Individual HHs","15-22","1st Floor","Tenant","Vihaan Singh","8200000722","2",NULL,"2026-08-11 06:41:14.939","2026-08-11 06:41:14.939","E2004720A00000000002D2","W20-D-000722","E2004720B00000000002D2","W20-W-000722",12.91174200,77.63070600
5155,"7200000723","Zone B - Division 20 - Ward 20 - Block 8","Individual HHs","15-23","2nd Floor","Owner","Aditya Singh","8200000723","3",NULL,"2026-08-11 06:41:14.939","2026-08-11 06:41:14.939","E2004720A00000000002D3","W20-D-000723","E2004720B00000000002D3","W20-W-000723",12.91174400,77.63085600
5156,"7200000724","Zone B - Division 20 - Ward 20 - Block 8","Individual HHs","15-24","3rd Floor","Tenant","Arjun Singh","8200000724","4",NULL,"2026-08-11 06:41:14.939","2026-08-11 06:41:14.939","E2004720A00000000002D4","W20-D-000724","E2004720B00000000002D4","W20-W-000724",12.91174600,77.63100600
5157,"7200000725","Zone B - Division 20 - Ward 20 - Block 8","Individual HHs","15-25","Ground floor","Owner","Rohan Singh","8200000725","5",NULL,"2026-08-11 06:41:14.939","2026-08-11 06:41:14.939","E2004720A00000000002D5","W20-D-000725","E2004720B00000000002D5","W20-W-000725",12.91174800,77.63115600
5158,"7200000726","Zone B - Division 20 - Ward 20 - Block 8","Individual HHs","15-26","1st Floor","Tenant","Rahul Singh","8200000726","6",NULL,"2026-08-11 06:41:14.939","2026-08-11 06:41:14.939","E2004720A00000000002D6","W20-D-000726","E2004720B00000000002D6","W20-W-000726",12.91185000,77.62755800
5159,"7200000727","Zone B - Division 20 - Ward 20 - Block 8","Individual HHs","15-27","2nd Floor","Owner","Karthik Singh","8200000727","1",NULL,"2026-08-11 06:41:14.939","2026-08-11 06:41:14.939","E2004720A00000000002D7","W20-D-000727","E2004720B00000000002D7","W20-W-000727",12.91185200,77.62770800
5160,"7200000728","Zone B - Division 20 - Ward 20 - Block 8","Individual HHs","15-28","3rd Floor","Tenant","Vikram Singh","8200000728","2",NULL,"2026-08-11 06:41:14.939","2026-08-11 06:41:14.939","E2004720A00000000002D8","W20-D-000728","E2004720B00000000002D8","W20-W-000728",12.91185400,77.62785800
5161,"7200000729","Zone B - Division 20 - Ward 20 - Block 8","Individual HHs","15-29","Ground floor","Owner","Akash Singh","8200000729","3",NULL,"2026-08-11 06:41:14.939","2026-08-11 06:41:14.939","E2004720A00000000002D9","W20-D-000729","E2004720B00000000002D9","W20-W-000729",12.91185600,77.62800800
5162,"7200000730","Zone B - Division 20 - Ward 20 - Block 8","Individual HHs","15-30","1st Floor","Tenant","Siddharth Singh","8200000730","4",NULL,"2026-08-11 06:41:14.939","2026-08-11 06:41:14.939","E2004720A00000000002DA","W20-D-000730","E2004720B00000000002DA","W20-W-000730",12.91185800,77.62815800
5163,"7200000731","Zone B - Division 20 - Ward 20 - Block 8","Individual HHs","15-31","2nd Floor","Owner","Ananya Singh","8200000731","5",NULL,"2026-08-11 06:41:14.939","2026-08-11 06:41:14.939","E2004720A00000000002DB","W20-D-000731","E2004720B00000000002DB","W20-W-000731",12.91186000,77.62830800
5164,"7200000732","Zone B - Division 20 - Ward 20 - Block 8","Individual HHs","15-32","3rd Floor","Tenant","Aadhya Singh","8200000732","6",NULL,"2026-08-11 06:41:14.939","2026-08-11 06:41:14.939","E2004720A00000000002DC","W20-D-000732","E2004720B00000000002DC","W20-W-000732",12.91186200,77.62845800
5165,"7200000733","Zone B - Division 20 - Ward 20 - Block 8","Individual HHs","15-33","Ground floor","Owner","Diya Singh","8200000733","1",NULL,"2026-08-11 06:41:14.939","2026-08-11 06:41:14.939","E2004720A00000000002DD","W20-D-000733","E2004720B00000000002DD","W20-W-000733",12.91186400,77.62860800
5166,"7200000734","Zone B - Division 20 - Ward 20 - Block 8","Individual HHs","15-34","1st Floor","Tenant","Ishita Singh","8200000734","2",NULL,"2026-08-11 06:41:14.939","2026-08-11 06:41:14.939","E2004720A00000000002DE","W20-D-000734","E2004720B00000000002DE","W20-W-000734",12.91186600,77.62875800
5167,"7200000735","Zone B - Division 20 - Ward 20 - Block 8","Individual HHs","15-35","2nd Floor","Owner","Kavya Singh","8200000735","3",NULL,"2026-08-11 06:41:14.939","2026-08-11 06:41:14.939","E2004720A00000000002DF","W20-D-000735","E2004720B00000000002DF","W20-W-000735",12.91186800,77.62890800
5168,"7200000736","Zone B - Division 20 - Ward 20 - Block 8","Individual HHs","15-36","3rd Floor","Tenant","Meera Singh","8200000736","4",NULL,"2026-08-11 06:41:14.939","2026-08-11 06:41:14.939","E2004720A00000000002E0","W20-D-000736","E2004720B00000000002E0","W20-W-000736",12.91187000,77.62905800
5169,"7200000737","Zone B - Division 20 - Ward 20 - Block 8","Individual HHs","15-37","Ground floor","Owner","Sneha Singh","8200000737","5",NULL,"2026-08-11 06:41:14.939","2026-08-11 06:41:14.939","E2004720A00000000002E1","W20-D-000737","E2004720B00000000002E1","W20-W-000737",12.91187200,77.62920800
5170,"7200000738","Zone B - Division 20 - Ward 20 - Block 8","Individual HHs","15-38","1st Floor","Tenant","Pooja Singh","8200000738","6",NULL,"2026-08-11 06:41:14.939","2026-08-11 06:41:14.939","E2004720A00000000002E2","W20-D-000738","E2004720B00000000002E2","W20-W-000738",12.91187400,77.62935800
5171,"7200000739","Zone B - Division 20 - Ward 20 - Block 8","Individual HHs","15-39","2nd Floor","Owner","Riya Singh","8200000739","1",NULL,"2026-08-11 06:41:14.939","2026-08-11 06:41:14.939","E2004720A00000000002E3","W20-D-000739","E2004720B00000000002E3","W20-W-000739",12.91187600,77.62950800
5172,"7200000740","Zone B - Division 20 - Ward 20 - Block 8","Individual HHs","15-40","3rd Floor","Tenant","Nandini Singh","8200000740","2",NULL,"2026-08-11 06:41:14.939","2026-08-11 06:41:14.939","E2004720A00000000002E4","W20-D-000740","E2004720B00000000002E4","W20-W-000740",12.91187800,77.62965800
5173,"7200000741","Zone B - Division 20 - Ward 20 - Block 8","Individual HHs","15-41","Ground floor","Owner","Sanjay Singh","8200000741","3",NULL,"2026-08-11 06:41:14.939","2026-08-11 06:41:14.939","E2004720A00000000002E5","W20-D-000741","E2004720B00000000002E5","W20-W-000741",12.91188000,77.62980800
5174,"7200000742","Zone B - Division 20 - Ward 20 - Block 8","Individual HHs","15-42","1st Floor","Tenant","Manoj Singh","8200000742","4",NULL,"2026-08-11 06:41:14.939","2026-08-11 06:41:14.939","E2004720A00000000002E6","W20-D-000742","E2004720B00000000002E6","W20-W-000742",12.91188200,77.62995800
5175,"7200000743","Zone B - Division 20 - Ward 20 - Block 8","Individual HHs","15-43","2nd Floor","Owner","Suresh Singh","8200000743","5",NULL,"2026-08-11 06:41:14.939","2026-08-11 06:41:14.939","E2004720A00000000002E7","W20-D-000743","E2004720B00000000002E7","W20-W-000743",12.91188400,77.63010800
5176,"7200000744","Zone B - Division 20 - Ward 20 - Block 8","Individual HHs","15-44","3rd Floor","Tenant","Mahesh Singh","8200000744","6",NULL,"2026-08-11 06:41:14.939","2026-08-11 06:41:14.939","E2004720A00000000002E8","W20-D-000744","E2004720B00000000002E8","W20-W-000744",12.91188600,77.63025800
5177,"7200000745","Zone B - Division 20 - Ward 20 - Block 8","Individual HHs","15-45","Ground floor","Owner","Prakash Singh","8200000745","1",NULL,"2026-08-11 06:41:14.939","2026-08-11 06:41:14.939","E2004720A00000000002E9","W20-D-000745","E2004720B00000000002E9","W20-W-000745",12.91188800,77.63040800
5178,"7200000746","Zone B - Division 20 - Ward 20 - Block 8","Individual HHs","15-46","1st Floor","Tenant","Ramesh Singh","8200000746","2",NULL,"2026-08-11 06:41:14.939","2026-08-11 06:41:14.939","E2004720A00000000002EA","W20-D-000746","E2004720B00000000002EA","W20-W-000746",12.91189000,77.63055800
5179,"7200000747","Zone B - Division 20 - Ward 20 - Block 8","Individual HHs","15-47","2nd Floor","Owner","Ganesh Singh","8200000747","3",NULL,"2026-08-11 06:41:14.939","2026-08-11 06:41:14.939","E2004720A00000000002EB","W20-D-000747","E2004720B00000000002EB","W20-W-000747",12.91189200,77.63070800
5180,"7200000748","Zone B - Division 20 - Ward 20 - Block 8","Individual HHs","15-48","3rd Floor","Tenant","Dinesh Singh","8200000748","4",NULL,"2026-08-11 06:41:14.939","2026-08-11 06:41:14.939","E2004720A00000000002EC","W20-D-000748","E2004720B00000000002EC","W20-W-000748",12.91189400,77.63085800
5181,"7200000749","Zone B - Division 20 - Ward 20 - Block 8","Individual HHs","15-49","Ground floor","Owner","Nikhil Singh","8200000749","5",NULL,"2026-08-11 06:41:14.939","2026-08-11 06:41:14.939","E2004720A00000000002ED","W20-D-000749","E2004720B00000000002ED","W20-W-000749",12.91189600,77.63100800
5182,"7200000750","Zone B - Division 20 - Ward 20 - Block 8","Individual HHs","15-50","1st Floor","Tenant","Varun Singh","8200000750","6",NULL,"2026-08-11 06:41:14.939","2026-08-11 06:41:14.939","E2004720A00000000002EE","W20-D-000750","E2004720B00000000002EE","W20-W-000750",12.91189800,77.63115800
5183,"7200000751","Zone B - Division 20 - Ward 20 - Block 8","Individual HHs","16-01","2nd Floor","Owner","Priya Singh","8200000751","1",NULL,"2026-08-11 06:41:14.939","2026-08-11 06:41:14.939","E2004720A00000000002EF","W20-D-000751","E2004720B00000000002EF","W20-W-000751",12.91200000,77.62756000
5184,"7200000752","Zone B - Division 20 - Ward 20 - Block 8","Individual HHs","16-02","3rd Floor","Tenant","Divya Singh","8200000752","2",NULL,"2026-08-11 06:41:14.939","2026-08-11 06:41:14.939","E2004720A00000000002F0","W20-D-000752","E2004720B00000000002F0","W20-W-000752",12.91200200,77.62771000
5185,"7200000753","Zone B - Division 20 - Ward 20 - Block 8","Individual HHs","16-03","Ground floor","Owner","Swathi Singh","8200000753","3",NULL,"2026-08-11 06:41:14.939","2026-08-11 06:41:14.939","E2004720A00000000002F1","W20-D-000753","E2004720B00000000002F1","W20-W-000753",12.91200400,77.62786000
5186,"7200000754","Zone B - Division 20 - Ward 20 - Block 8","Individual HHs","16-04","1st Floor","Tenant","Shreya Singh","8200000754","4",NULL,"2026-08-11 06:41:14.939","2026-08-11 06:41:14.939","E2004720A00000000002F2","W20-D-000754","E2004720B00000000002F2","W20-W-000754",12.91200600,77.62801000
5187,"7200000755","Zone B - Division 20 - Ward 20 - Block 8","Individual HHs","16-05","2nd Floor","Owner","Keerthi Singh","8200000755","5",NULL,"2026-08-11 06:41:14.939","2026-08-11 06:41:14.939","E2004720A00000000002F3","W20-D-000755","E2004720B00000000002F3","W20-W-000755",12.91200800,77.62816000
5188,"7200000756","Zone B - Division 20 - Ward 20 - Block 8","Individual HHs","16-06","3rd Floor","Tenant","Lakshmi Singh","8200000756","6",NULL,"2026-08-11 06:41:14.939","2026-08-11 06:41:14.939","E2004720A00000000002F4","W20-D-000756","E2004720B00000000002F4","W20-W-000756",12.91201000,77.62831000
5189,"7200000757","Zone B - Division 20 - Ward 20 - Block 8","Individual HHs","16-07","Ground floor","Owner","Deepa Singh","8200000757","1",NULL,"2026-08-11 06:41:14.939","2026-08-11 06:41:14.939","E2004720A00000000002F5","W20-D-000757","E2004720B00000000002F5","W20-W-000757",12.91201200,77.62846000
5190,"7200000758","Zone B - Division 20 - Ward 20 - Block 8","Individual HHs","16-08","1st Floor","Tenant","Asha Singh","8200000758","2",NULL,"2026-08-11 06:41:14.939","2026-08-11 06:41:14.939","E2004720A00000000002F6","W20-D-000758","E2004720B00000000002F6","W20-W-000758",12.91201400,77.62861000
5191,"7200000759","Zone B - Division 20 - Ward 20 - Block 8","Individual HHs","16-09","2nd Floor","Owner","Pallavi Singh","8200000759","3",NULL,"2026-08-11 06:41:14.939","2026-08-11 06:41:14.939","E2004720A00000000002F7","W20-D-000759","E2004720B00000000002F7","W20-W-000759",12.91201600,77.62876000
5192,"7200000760","Zone B - Division 20 - Ward 20 - Block 8","Individual HHs","16-10","3rd Floor","Tenant","Bhavana Singh","8200000760","4",NULL,"2026-08-11 06:41:14.939","2026-08-11 06:41:14.939","E2004720A00000000002F8","W20-D-000760","E2004720B00000000002F8","W20-W-000760",12.91201800,77.62891000
5193,"7200000761","Zone B - Division 20 - Ward 20 - Block 8","Individual HHs","16-11","Ground floor","Owner","Aarav Das","8200000761","5",NULL,"2026-08-11 06:41:14.939","2026-08-11 06:41:14.939","E2004720A00000000002F9","W20-D-000761","E2004720B00000000002F9","W20-W-000761",12.91202000,77.62906000
5194,"7200000762","Zone B - Division 20 - Ward 20 - Block 8","Individual HHs","16-12","1st Floor","Tenant","Vihaan Das","8200000762","6",NULL,"2026-08-11 06:41:14.939","2026-08-11 06:41:14.939","E2004720A00000000002FA","W20-D-000762","E2004720B00000000002FA","W20-W-000762",12.91202200,77.62921000
5195,"7200000763","Zone B - Division 20 - Ward 20 - Block 8","Individual HHs","16-13","2nd Floor","Owner","Aditya Das","8200000763","1",NULL,"2026-08-11 06:41:14.939","2026-08-11 06:41:14.939","E2004720A00000000002FB","W20-D-000763","E2004720B00000000002FB","W20-W-000763",12.91202400,77.62936000
5196,"7200000764","Zone B - Division 20 - Ward 20 - Block 8","Individual HHs","16-14","3rd Floor","Tenant","Arjun Das","8200000764","2",NULL,"2026-08-11 06:41:14.939","2026-08-11 06:41:14.939","E2004720A00000000002FC","W20-D-000764","E2004720B00000000002FC","W20-W-000764",12.91202600,77.62951000
5197,"7200000765","Zone B - Division 20 - Ward 20 - Block 8","Individual HHs","16-15","Ground floor","Owner","Rohan Das","8200000765","3",NULL,"2026-08-11 06:41:14.939","2026-08-11 06:41:14.939","E2004720A00000000002FD","W20-D-000765","E2004720B00000000002FD","W20-W-000765",12.91202800,77.62966000
5198,"7200000766","Zone B - Division 20 - Ward 20 - Block 8","Individual HHs","16-16","1st Floor","Tenant","Rahul Das","8200000766","4",NULL,"2026-08-11 06:41:14.939","2026-08-11 06:41:14.939","E2004720A00000000002FE","W20-D-000766","E2004720B00000000002FE","W20-W-000766",12.91203000,77.62981000
5199,"7200000767","Zone B - Division 20 - Ward 20 - Block 8","Individual HHs","16-17","2nd Floor","Owner","Karthik Das","8200000767","5",NULL,"2026-08-11 06:41:14.94","2026-08-11 06:41:14.94","E2004720A00000000002FF","W20-D-000767","E2004720B00000000002FF","W20-W-000767",12.91203200,77.62996000
5200,"7200000768","Zone B - Division 20 - Ward 20 - Block 8","Individual HHs","16-18","3rd Floor","Tenant","Vikram Das","8200000768","6",NULL,"2026-08-11 06:41:14.94","2026-08-11 06:41:14.94","E2004720A0000000000300","W20-D-000768","E2004720B0000000000300","W20-W-000768",12.91203400,77.63011000
5201,"7200000769","Zone B - Division 20 - Ward 20 - Block 8","Individual HHs","16-19","Ground floor","Owner","Akash Das","8200000769","1",NULL,"2026-08-11 06:41:14.94","2026-08-11 06:41:14.94","E2004720A0000000000301","W20-D-000769","E2004720B0000000000301","W20-W-000769",12.91203600,77.63026000
5202,"7200000770","Zone B - Division 20 - Ward 20 - Block 8","Individual HHs","16-20","1st Floor","Tenant","Siddharth Das","8200000770","2",NULL,"2026-08-11 06:41:14.94","2026-08-11 06:41:14.94","E2004720A0000000000302","W20-D-000770","E2004720B0000000000302","W20-W-000770",12.91203800,77.63041000
5203,"7200000771","Zone B - Division 20 - Ward 20 - Block 8","Individual HHs","16-21","2nd Floor","Owner","Ananya Das","8200000771","3",NULL,"2026-08-11 06:41:14.94","2026-08-11 06:41:14.94","E2004720A0000000000303","W20-D-000771","E2004720B0000000000303","W20-W-000771",12.91204000,77.63056000
5204,"7200000772","Zone B - Division 20 - Ward 20 - Block 8","Individual HHs","16-22","3rd Floor","Tenant","Aadhya Das","8200000772","4",NULL,"2026-08-11 06:41:14.94","2026-08-11 06:41:14.94","E2004720A0000000000304","W20-D-000772","E2004720B0000000000304","W20-W-000772",12.91204200,77.63071000
5205,"7200000773","Zone B - Division 20 - Ward 20 - Block 8","Individual HHs","16-23","Ground floor","Owner","Diya Das","8200000773","5",NULL,"2026-08-11 06:41:14.94","2026-08-11 06:41:14.94","E2004720A0000000000305","W20-D-000773","E2004720B0000000000305","W20-W-000773",12.91204400,77.63086000
5206,"7200000774","Zone B - Division 20 - Ward 20 - Block 8","Individual HHs","16-24","1st Floor","Tenant","Ishita Das","8200000774","6",NULL,"2026-08-11 06:41:14.94","2026-08-11 06:41:14.94","E2004720A0000000000306","W20-D-000774","E2004720B0000000000306","W20-W-000774",12.91204600,77.63101000
5207,"7200000775","Zone B - Division 20 - Ward 20 - Block 8","Individual HHs","16-25","2nd Floor","Owner","Kavya Das","8200000775","1",NULL,"2026-08-11 06:41:14.94","2026-08-11 06:41:14.94","E2004720A0000000000307","W20-D-000775","E2004720B0000000000307","W20-W-000775",12.91204800,77.63116000
5208,"7200000776","Zone B - Division 20 - Ward 20 - Block 8","Individual HHs","16-26","3rd Floor","Tenant","Meera Das","8200000776","2",NULL,"2026-08-11 06:41:14.94","2026-08-11 06:41:14.94","E2004720A0000000000308","W20-D-000776","E2004720B0000000000308","W20-W-000776",12.91215000,77.62756200
5209,"7200000777","Zone B - Division 20 - Ward 20 - Block 8","Individual HHs","16-27","Ground floor","Owner","Sneha Das","8200000777","3",NULL,"2026-08-11 06:41:14.94","2026-08-11 06:41:14.94","E2004720A0000000000309","W20-D-000777","E2004720B0000000000309","W20-W-000777",12.91215200,77.62771200
5210,"7200000778","Zone B - Division 20 - Ward 20 - Block 8","Individual HHs","16-28","1st Floor","Tenant","Pooja Das","8200000778","4",NULL,"2026-08-11 06:41:14.94","2026-08-11 06:41:14.94","E2004720A000000000030A","W20-D-000778","E2004720B000000000030A","W20-W-000778",12.91215400,77.62786200
5211,"7200000779","Zone B - Division 20 - Ward 20 - Block 8","Individual HHs","16-29","2nd Floor","Owner","Riya Das","8200000779","5",NULL,"2026-08-11 06:41:14.94","2026-08-11 06:41:14.94","E2004720A000000000030B","W20-D-000779","E2004720B000000000030B","W20-W-000779",12.91215600,77.62801200
5212,"7200000780","Zone B - Division 20 - Ward 20 - Block 8","Individual HHs","16-30","3rd Floor","Tenant","Nandini Das","8200000780","6",NULL,"2026-08-11 06:41:14.94","2026-08-11 06:41:14.94","E2004720A000000000030C","W20-D-000780","E2004720B000000000030C","W20-W-000780",12.91215800,77.62816200
5213,"7200000781","Zone B - Division 20 - Ward 20 - Block 8","Individual HHs","16-31","Ground floor","Owner","Sanjay Das","8200000781","1",NULL,"2026-08-11 06:41:14.94","2026-08-11 06:41:14.94","E2004720A000000000030D","W20-D-000781","E2004720B000000000030D","W20-W-000781",12.91216000,77.62831200
5214,"7200000782","Zone B - Division 20 - Ward 20 - Block 8","Individual HHs","16-32","1st Floor","Tenant","Manoj Das","8200000782","2",NULL,"2026-08-11 06:41:14.94","2026-08-11 06:41:14.94","E2004720A000000000030E","W20-D-000782","E2004720B000000000030E","W20-W-000782",12.91216200,77.62846200
5215,"7200000783","Zone B - Division 20 - Ward 20 - Block 8","Individual HHs","16-33","2nd Floor","Owner","Suresh Das","8200000783","3",NULL,"2026-08-11 06:41:14.94","2026-08-11 06:41:14.94","E2004720A000000000030F","W20-D-000783","E2004720B000000000030F","W20-W-000783",12.91216400,77.62861200
5216,"7200000784","Zone B - Division 20 - Ward 20 - Block 8","Individual HHs","16-34","3rd Floor","Tenant","Mahesh Das","8200000784","4",NULL,"2026-08-11 06:41:14.94","2026-08-11 06:41:14.94","E2004720A0000000000310","W20-D-000784","E2004720B0000000000310","W20-W-000784",12.91216600,77.62876200
5217,"7200000785","Zone B - Division 20 - Ward 20 - Block 8","Individual HHs","16-35","Ground floor","Owner","Prakash Das","8200000785","5",NULL,"2026-08-11 06:41:14.94","2026-08-11 06:41:14.94","E2004720A0000000000311","W20-D-000785","E2004720B0000000000311","W20-W-000785",12.91216800,77.62891200
5218,"7200000786","Zone B - Division 20 - Ward 20 - Block 8","Individual HHs","16-36","1st Floor","Tenant","Ramesh Das","8200000786","6",NULL,"2026-08-11 06:41:14.94","2026-08-11 06:41:14.94","E2004720A0000000000312","W20-D-000786","E2004720B0000000000312","W20-W-000786",12.91217000,77.62906200
5219,"7200000787","Zone B - Division 20 - Ward 20 - Block 8","Individual HHs","16-37","2nd Floor","Owner","Ganesh Das","8200000787","1",NULL,"2026-08-11 06:41:14.94","2026-08-11 06:41:14.94","E2004720A0000000000313","W20-D-000787","E2004720B0000000000313","W20-W-000787",12.91217200,77.62921200
5220,"7200000788","Zone B - Division 20 - Ward 20 - Block 8","Individual HHs","16-38","3rd Floor","Tenant","Dinesh Das","8200000788","2",NULL,"2026-08-11 06:41:14.94","2026-08-11 06:41:14.94","E2004720A0000000000314","W20-D-000788","E2004720B0000000000314","W20-W-000788",12.91217400,77.62936200
5221,"7200000789","Zone B - Division 20 - Ward 20 - Block 8","Individual HHs","16-39","Ground floor","Owner","Nikhil Das","8200000789","3",NULL,"2026-08-11 06:41:14.94","2026-08-11 06:41:14.94","E2004720A0000000000315","W20-D-000789","E2004720B0000000000315","W20-W-000789",12.91217600,77.62951200
5222,"7200000790","Zone B - Division 20 - Ward 20 - Block 8","Individual HHs","16-40","1st Floor","Tenant","Varun Das","8200000790","4",NULL,"2026-08-11 06:41:14.94","2026-08-11 06:41:14.94","E2004720A0000000000316","W20-D-000790","E2004720B0000000000316","W20-W-000790",12.91217800,77.62966200
5223,"7200000791","Zone B - Division 20 - Ward 20 - Block 8","Individual HHs","16-41","2nd Floor","Owner","Priya Das","8200000791","5",NULL,"2026-08-11 06:41:14.94","2026-08-11 06:41:14.94","E2004720A0000000000317","W20-D-000791","E2004720B0000000000317","W20-W-000791",12.91218000,77.62981200
5224,"7200000792","Zone B - Division 20 - Ward 20 - Block 8","Individual HHs","16-42","3rd Floor","Tenant","Divya Das","8200000792","6",NULL,"2026-08-11 06:41:14.94","2026-08-11 06:41:14.94","E2004720A0000000000318","W20-D-000792","E2004720B0000000000318","W20-W-000792",12.91218200,77.62996200
5225,"7200000793","Zone B - Division 20 - Ward 20 - Block 8","Individual HHs","16-43","Ground floor","Owner","Swathi Das","8200000793","1",NULL,"2026-08-11 06:41:14.94","2026-08-11 06:41:14.94","E2004720A0000000000319","W20-D-000793","E2004720B0000000000319","W20-W-000793",12.91218400,77.63011200
5226,"7200000794","Zone B - Division 20 - Ward 20 - Block 8","Individual HHs","16-44","1st Floor","Tenant","Shreya Das","8200000794","2",NULL,"2026-08-11 06:41:14.94","2026-08-11 06:41:14.94","E2004720A000000000031A","W20-D-000794","E2004720B000000000031A","W20-W-000794",12.91218600,77.63026200
5227,"7200000795","Zone B - Division 20 - Ward 20 - Block 8","Individual HHs","16-45","2nd Floor","Owner","Keerthi Das","8200000795","3",NULL,"2026-08-11 06:41:14.94","2026-08-11 06:41:14.94","E2004720A000000000031B","W20-D-000795","E2004720B000000000031B","W20-W-000795",12.91218800,77.63041200
5228,"7200000796","Zone B - Division 20 - Ward 20 - Block 8","Individual HHs","16-46","3rd Floor","Tenant","Lakshmi Das","8200000796","4",NULL,"2026-08-11 06:41:14.94","2026-08-11 06:41:14.94","E2004720A000000000031C","W20-D-000796","E2004720B000000000031C","W20-W-000796",12.91219000,77.63056200
5229,"7200000797","Zone B - Division 20 - Ward 20 - Block 8","Individual HHs","16-47","Ground floor","Owner","Deepa Das","8200000797","5",NULL,"2026-08-11 06:41:14.94","2026-08-11 06:41:14.94","E2004720A000000000031D","W20-D-000797","E2004720B000000000031D","W20-W-000797",12.91219200,77.63071200
5230,"7200000798","Zone B - Division 20 - Ward 20 - Block 8","Individual HHs","16-48","1st Floor","Tenant","Asha Das","8200000798","6",NULL,"2026-08-11 06:41:14.94","2026-08-11 06:41:14.94","E2004720A000000000031E","W20-D-000798","E2004720B000000000031E","W20-W-000798",12.91219400,77.63086200
5231,"7200000799","Zone B - Division 20 - Ward 20 - Block 8","Individual HHs","16-49","2nd Floor","Owner","Pallavi Das","8200000799","1",NULL,"2026-08-11 06:41:14.94","2026-08-11 06:41:14.94","E2004720A000000000031F","W20-D-000799","E2004720B000000000031F","W20-W-000799",12.91219600,77.63101200
5232,"7200000800","Zone B - Division 20 - Ward 20 - Block 8","Individual HHs","16-50","3rd Floor","Tenant","Bhavana Das","8200000800","2",NULL,"2026-08-11 06:41:14.94","2026-08-11 06:41:14.94","E2004720A0000000000320","W20-D-000800","E2004720B0000000000320","W20-W-000800",12.91219800,77.63116200
5233,"7200000801","Zone B - Division 20 - Ward 20 - Block 9","Individual HHs","17-01","Ground floor","Owner","Aarav Kumar","8200000801","3",NULL,"2026-08-11 06:41:14.94","2026-08-11 06:41:14.94","E2004720A0000000000321","W20-D-000801","E2004720B0000000000321","W20-W-000801",12.91230000,77.62756400
5234,"7200000802","Zone B - Division 20 - Ward 20 - Block 9","Individual HHs","17-02","1st Floor","Tenant","Vihaan Kumar","8200000802","4",NULL,"2026-08-11 06:41:14.94","2026-08-11 06:41:14.94","E2004720A0000000000322","W20-D-000802","E2004720B0000000000322","W20-W-000802",12.91230200,77.62771400
5235,"7200000803","Zone B - Division 20 - Ward 20 - Block 9","Individual HHs","17-03","2nd Floor","Owner","Aditya Kumar","8200000803","5",NULL,"2026-08-11 06:41:14.94","2026-08-11 06:41:14.94","E2004720A0000000000323","W20-D-000803","E2004720B0000000000323","W20-W-000803",12.91230400,77.62786400
5236,"7200000804","Zone B - Division 20 - Ward 20 - Block 9","Individual HHs","17-04","3rd Floor","Tenant","Arjun Kumar","8200000804","6",NULL,"2026-08-11 06:41:14.94","2026-08-11 06:41:14.94","E2004720A0000000000324","W20-D-000804","E2004720B0000000000324","W20-W-000804",12.91230600,77.62801400
5237,"7200000805","Zone B - Division 20 - Ward 20 - Block 9","Individual HHs","17-05","Ground floor","Owner","Rohan Kumar","8200000805","1",NULL,"2026-08-11 06:41:14.94","2026-08-11 06:41:14.94","E2004720A0000000000325","W20-D-000805","E2004720B0000000000325","W20-W-000805",12.91230800,77.62816400
5238,"7200000806","Zone B - Division 20 - Ward 20 - Block 9","Individual HHs","17-06","1st Floor","Tenant","Rahul Kumar","8200000806","2",NULL,"2026-08-11 06:41:14.94","2026-08-11 06:41:14.94","E2004720A0000000000326","W20-D-000806","E2004720B0000000000326","W20-W-000806",12.91231000,77.62831400
5239,"7200000807","Zone B - Division 20 - Ward 20 - Block 9","Individual HHs","17-07","2nd Floor","Owner","Karthik Kumar","8200000807","3",NULL,"2026-08-11 06:41:14.94","2026-08-11 06:41:14.94","E2004720A0000000000327","W20-D-000807","E2004720B0000000000327","W20-W-000807",12.91231200,77.62846400
5240,"7200000808","Zone B - Division 20 - Ward 20 - Block 9","Individual HHs","17-08","3rd Floor","Tenant","Vikram Kumar","8200000808","4",NULL,"2026-08-11 06:41:14.94","2026-08-11 06:41:14.94","E2004720A0000000000328","W20-D-000808","E2004720B0000000000328","W20-W-000808",12.91231400,77.62861400
5241,"7200000809","Zone B - Division 20 - Ward 20 - Block 9","Individual HHs","17-09","Ground floor","Owner","Akash Kumar","8200000809","5",NULL,"2026-08-11 06:41:14.94","2026-08-11 06:41:14.94","E2004720A0000000000329","W20-D-000809","E2004720B0000000000329","W20-W-000809",12.91231600,77.62876400
5242,"7200000810","Zone B - Division 20 - Ward 20 - Block 9","Individual HHs","17-10","1st Floor","Tenant","Siddharth Kumar","8200000810","6",NULL,"2026-08-11 06:41:14.94","2026-08-11 06:41:14.94","E2004720A000000000032A","W20-D-000810","E2004720B000000000032A","W20-W-000810",12.91231800,77.62891400
5243,"7200000811","Zone B - Division 20 - Ward 20 - Block 9","Individual HHs","17-11","2nd Floor","Owner","Ananya Kumar","8200000811","1",NULL,"2026-08-11 06:41:14.94","2026-08-11 06:41:14.94","E2004720A000000000032B","W20-D-000811","E2004720B000000000032B","W20-W-000811",12.91232000,77.62906400
5244,"7200000812","Zone B - Division 20 - Ward 20 - Block 9","Individual HHs","17-12","3rd Floor","Tenant","Aadhya Kumar","8200000812","2",NULL,"2026-08-11 06:41:14.94","2026-08-11 06:41:14.94","E2004720A000000000032C","W20-D-000812","E2004720B000000000032C","W20-W-000812",12.91232200,77.62921400
5245,"7200000813","Zone B - Division 20 - Ward 20 - Block 9","Individual HHs","17-13","Ground floor","Owner","Diya Kumar","8200000813","3",NULL,"2026-08-11 06:41:14.94","2026-08-11 06:41:14.94","E2004720A000000000032D","W20-D-000813","E2004720B000000000032D","W20-W-000813",12.91232400,77.62936400
5246,"7200000814","Zone B - Division 20 - Ward 20 - Block 9","Individual HHs","17-14","1st Floor","Tenant","Ishita Kumar","8200000814","4",NULL,"2026-08-11 06:41:14.94","2026-08-11 06:41:14.94","E2004720A000000000032E","W20-D-000814","E2004720B000000000032E","W20-W-000814",12.91232600,77.62951400
5247,"7200000815","Zone B - Division 20 - Ward 20 - Block 9","Individual HHs","17-15","2nd Floor","Owner","Kavya Kumar","8200000815","5",NULL,"2026-08-11 06:41:14.94","2026-08-11 06:41:14.94","E2004720A000000000032F","W20-D-000815","E2004720B000000000032F","W20-W-000815",12.91232800,77.62966400
5248,"7200000816","Zone B - Division 20 - Ward 20 - Block 9","Individual HHs","17-16","3rd Floor","Tenant","Meera Kumar","8200000816","6",NULL,"2026-08-11 06:41:14.94","2026-08-11 06:41:14.94","E2004720A0000000000330","W20-D-000816","E2004720B0000000000330","W20-W-000816",12.91233000,77.62981400
5249,"7200000817","Zone B - Division 20 - Ward 20 - Block 9","Individual HHs","17-17","Ground floor","Owner","Sneha Kumar","8200000817","1",NULL,"2026-08-11 06:41:14.94","2026-08-11 06:41:14.94","E2004720A0000000000331","W20-D-000817","E2004720B0000000000331","W20-W-000817",12.91233200,77.62996400
5250,"7200000818","Zone B - Division 20 - Ward 20 - Block 9","Individual HHs","17-18","1st Floor","Tenant","Pooja Kumar","8200000818","2",NULL,"2026-08-11 06:41:14.94","2026-08-11 06:41:14.94","E2004720A0000000000332","W20-D-000818","E2004720B0000000000332","W20-W-000818",12.91233400,77.63011400
5251,"7200000819","Zone B - Division 20 - Ward 20 - Block 9","Individual HHs","17-19","2nd Floor","Owner","Riya Kumar","8200000819","3",NULL,"2026-08-11 06:41:14.94","2026-08-11 06:41:14.94","E2004720A0000000000333","W20-D-000819","E2004720B0000000000333","W20-W-000819",12.91233600,77.63026400
5252,"7200000820","Zone B - Division 20 - Ward 20 - Block 9","Individual HHs","17-20","3rd Floor","Tenant","Nandini Kumar","8200000820","4",NULL,"2026-08-11 06:41:14.94","2026-08-11 06:41:14.94","E2004720A0000000000334","W20-D-000820","E2004720B0000000000334","W20-W-000820",12.91233800,77.63041400
5253,"7200000821","Zone B - Division 20 - Ward 20 - Block 9","Individual HHs","17-21","Ground floor","Owner","Sanjay Kumar","8200000821","5",NULL,"2026-08-11 06:41:14.94","2026-08-11 06:41:14.94","E2004720A0000000000335","W20-D-000821","E2004720B0000000000335","W20-W-000821",12.91234000,77.63056400
5254,"7200000822","Zone B - Division 20 - Ward 20 - Block 9","Individual HHs","17-22","1st Floor","Tenant","Manoj Kumar","8200000822","6",NULL,"2026-08-11 06:41:14.94","2026-08-11 06:41:14.94","E2004720A0000000000336","W20-D-000822","E2004720B0000000000336","W20-W-000822",12.91234200,77.63071400
5255,"7200000823","Zone B - Division 20 - Ward 20 - Block 9","Individual HHs","17-23","2nd Floor","Owner","Suresh Kumar","8200000823","1",NULL,"2026-08-11 06:41:14.94","2026-08-11 06:41:14.94","E2004720A0000000000337","W20-D-000823","E2004720B0000000000337","W20-W-000823",12.91234400,77.63086400
5256,"7200000824","Zone B - Division 20 - Ward 20 - Block 9","Individual HHs","17-24","3rd Floor","Tenant","Mahesh Kumar","8200000824","2",NULL,"2026-08-11 06:41:14.94","2026-08-11 06:41:14.94","E2004720A0000000000338","W20-D-000824","E2004720B0000000000338","W20-W-000824",12.91234600,77.63101400
5257,"7200000825","Zone B - Division 20 - Ward 20 - Block 9","Individual HHs","17-25","Ground floor","Owner","Prakash Kumar","8200000825","3",NULL,"2026-08-11 06:41:14.94","2026-08-11 06:41:14.94","E2004720A0000000000339","W20-D-000825","E2004720B0000000000339","W20-W-000825",12.91234800,77.63116400
5258,"7200000826","Zone B - Division 20 - Ward 20 - Block 9","Individual HHs","17-26","1st Floor","Tenant","Ramesh Kumar","8200000826","4",NULL,"2026-08-11 06:41:14.94","2026-08-11 06:41:14.94","E2004720A000000000033A","W20-D-000826","E2004720B000000000033A","W20-W-000826",12.91245000,77.62756600
5259,"7200000827","Zone B - Division 20 - Ward 20 - Block 9","Individual HHs","17-27","2nd Floor","Owner","Ganesh Kumar","8200000827","5",NULL,"2026-08-11 06:41:14.94","2026-08-11 06:41:14.94","E2004720A000000000033B","W20-D-000827","E2004720B000000000033B","W20-W-000827",12.91245200,77.62771600
5260,"7200000828","Zone B - Division 20 - Ward 20 - Block 9","Individual HHs","17-28","3rd Floor","Tenant","Dinesh Kumar","8200000828","6",NULL,"2026-08-11 06:41:14.94","2026-08-11 06:41:14.94","E2004720A000000000033C","W20-D-000828","E2004720B000000000033C","W20-W-000828",12.91245400,77.62786600
5261,"7200000829","Zone B - Division 20 - Ward 20 - Block 9","Individual HHs","17-29","Ground floor","Owner","Nikhil Kumar","8200000829","1",NULL,"2026-08-11 06:41:14.94","2026-08-11 06:41:14.94","E2004720A000000000033D","W20-D-000829","E2004720B000000000033D","W20-W-000829",12.91245600,77.62801600
5262,"7200000830","Zone B - Division 20 - Ward 20 - Block 9","Individual HHs","17-30","1st Floor","Tenant","Varun Kumar","8200000830","2",NULL,"2026-08-11 06:41:14.94","2026-08-11 06:41:14.94","E2004720A000000000033E","W20-D-000830","E2004720B000000000033E","W20-W-000830",12.91245800,77.62816600
5263,"7200000831","Zone B - Division 20 - Ward 20 - Block 9","Individual HHs","17-31","2nd Floor","Owner","Priya Kumar","8200000831","3",NULL,"2026-08-11 06:41:14.94","2026-08-11 06:41:14.94","E2004720A000000000033F","W20-D-000831","E2004720B000000000033F","W20-W-000831",12.91246000,77.62831600
5264,"7200000832","Zone B - Division 20 - Ward 20 - Block 9","Individual HHs","17-32","3rd Floor","Tenant","Divya Kumar","8200000832","4",NULL,"2026-08-11 06:41:14.94","2026-08-11 06:41:14.94","E2004720A0000000000340","W20-D-000832","E2004720B0000000000340","W20-W-000832",12.91246200,77.62846600
5265,"7200000833","Zone B - Division 20 - Ward 20 - Block 9","Individual HHs","17-33","Ground floor","Owner","Swathi Kumar","8200000833","5",NULL,"2026-08-11 06:41:14.94","2026-08-11 06:41:14.94","E2004720A0000000000341","W20-D-000833","E2004720B0000000000341","W20-W-000833",12.91246400,77.62861600
5266,"7200000834","Zone B - Division 20 - Ward 20 - Block 9","Individual HHs","17-34","1st Floor","Tenant","Shreya Kumar","8200000834","6",NULL,"2026-08-11 06:41:14.94","2026-08-11 06:41:14.94","E2004720A0000000000342","W20-D-000834","E2004720B0000000000342","W20-W-000834",12.91246600,77.62876600
5267,"7200000835","Zone B - Division 20 - Ward 20 - Block 9","Individual HHs","17-35","2nd Floor","Owner","Keerthi Kumar","8200000835","1",NULL,"2026-08-11 06:41:14.94","2026-08-11 06:41:14.94","E2004720A0000000000343","W20-D-000835","E2004720B0000000000343","W20-W-000835",12.91246800,77.62891600
5268,"7200000836","Zone B - Division 20 - Ward 20 - Block 9","Individual HHs","17-36","3rd Floor","Tenant","Lakshmi Kumar","8200000836","2",NULL,"2026-08-11 06:41:14.94","2026-08-11 06:41:14.94","E2004720A0000000000344","W20-D-000836","E2004720B0000000000344","W20-W-000836",12.91247000,77.62906600
5269,"7200000837","Zone B - Division 20 - Ward 20 - Block 9","Individual HHs","17-37","Ground floor","Owner","Deepa Kumar","8200000837","3",NULL,"2026-08-11 06:41:14.94","2026-08-11 06:41:14.94","E2004720A0000000000345","W20-D-000837","E2004720B0000000000345","W20-W-000837",12.91247200,77.62921600
5270,"7200000838","Zone B - Division 20 - Ward 20 - Block 9","Individual HHs","17-38","1st Floor","Tenant","Asha Kumar","8200000838","4",NULL,"2026-08-11 06:41:14.94","2026-08-11 06:41:14.94","E2004720A0000000000346","W20-D-000838","E2004720B0000000000346","W20-W-000838",12.91247400,77.62936600
5271,"7200000839","Zone B - Division 20 - Ward 20 - Block 9","Individual HHs","17-39","2nd Floor","Owner","Pallavi Kumar","8200000839","5",NULL,"2026-08-11 06:41:14.94","2026-08-11 06:41:14.94","E2004720A0000000000347","W20-D-000839","E2004720B0000000000347","W20-W-000839",12.91247600,77.62951600
5272,"7200000840","Zone B - Division 20 - Ward 20 - Block 9","Individual HHs","17-40","3rd Floor","Tenant","Bhavana Kumar","8200000840","6",NULL,"2026-08-11 06:41:14.94","2026-08-11 06:41:14.94","E2004720A0000000000348","W20-D-000840","E2004720B0000000000348","W20-W-000840",12.91247800,77.62966600
5273,"7200000841","Zone B - Division 20 - Ward 20 - Block 9","Individual HHs","17-41","Ground floor","Owner","Aarav Sharma","8200000841","1",NULL,"2026-08-11 06:41:14.94","2026-08-11 06:41:14.94","E2004720A0000000000349","W20-D-000841","E2004720B0000000000349","W20-W-000841",12.91248000,77.62981600
5274,"7200000842","Zone B - Division 20 - Ward 20 - Block 9","Individual HHs","17-42","1st Floor","Tenant","Vihaan Sharma","8200000842","2",NULL,"2026-08-11 06:41:14.94","2026-08-11 06:41:14.94","E2004720A000000000034A","W20-D-000842","E2004720B000000000034A","W20-W-000842",12.91248200,77.62996600
5275,"7200000843","Zone B - Division 20 - Ward 20 - Block 9","Individual HHs","17-43","2nd Floor","Owner","Aditya Sharma","8200000843","3",NULL,"2026-08-11 06:41:14.94","2026-08-11 06:41:14.94","E2004720A000000000034B","W20-D-000843","E2004720B000000000034B","W20-W-000843",12.91248400,77.63011600
5276,"7200000844","Zone B - Division 20 - Ward 20 - Block 9","Individual HHs","17-44","3rd Floor","Tenant","Arjun Sharma","8200000844","4",NULL,"2026-08-11 06:41:14.94","2026-08-11 06:41:14.94","E2004720A000000000034C","W20-D-000844","E2004720B000000000034C","W20-W-000844",12.91248600,77.63026600
5277,"7200000845","Zone B - Division 20 - Ward 20 - Block 9","Individual HHs","17-45","Ground floor","Owner","Rohan Sharma","8200000845","5",NULL,"2026-08-11 06:41:14.94","2026-08-11 06:41:14.94","E2004720A000000000034D","W20-D-000845","E2004720B000000000034D","W20-W-000845",12.91248800,77.63041600
5278,"7200000846","Zone B - Division 20 - Ward 20 - Block 9","Individual HHs","17-46","1st Floor","Tenant","Rahul Sharma","8200000846","6",NULL,"2026-08-11 06:41:14.94","2026-08-11 06:41:14.94","E2004720A000000000034E","W20-D-000846","E2004720B000000000034E","W20-W-000846",12.91249000,77.63056600
5279,"7200000847","Zone B - Division 20 - Ward 20 - Block 9","Individual HHs","17-47","2nd Floor","Owner","Karthik Sharma","8200000847","1",NULL,"2026-08-11 06:41:14.94","2026-08-11 06:41:14.94","E2004720A000000000034F","W20-D-000847","E2004720B000000000034F","W20-W-000847",12.91249200,77.63071600
5280,"7200000848","Zone B - Division 20 - Ward 20 - Block 9","Individual HHs","17-48","3rd Floor","Tenant","Vikram Sharma","8200000848","2",NULL,"2026-08-11 06:41:14.94","2026-08-11 06:41:14.94","E2004720A0000000000350","W20-D-000848","E2004720B0000000000350","W20-W-000848",12.91249400,77.63086600
5281,"7200000849","Zone B - Division 20 - Ward 20 - Block 9","Individual HHs","17-49","Ground floor","Owner","Akash Sharma","8200000849","3",NULL,"2026-08-11 06:41:14.94","2026-08-11 06:41:14.94","E2004720A0000000000351","W20-D-000849","E2004720B0000000000351","W20-W-000849",12.91249600,77.63101600
5282,"7200000850","Zone B - Division 20 - Ward 20 - Block 9","Individual HHs","17-50","1st Floor","Tenant","Siddharth Sharma","8200000850","4",NULL,"2026-08-11 06:41:14.94","2026-08-11 06:41:14.94","E2004720A0000000000352","W20-D-000850","E2004720B0000000000352","W20-W-000850",12.91249800,77.63116600
5283,"7200000851","Zone B - Division 20 - Ward 20 - Block 9","Individual HHs","18-01","2nd Floor","Owner","Ananya Sharma","8200000851","5",NULL,"2026-08-11 06:41:14.94","2026-08-11 06:41:14.94","E2004720A0000000000353","W20-D-000851","E2004720B0000000000353","W20-W-000851",12.91260000,77.62756800
5284,"7200000852","Zone B - Division 20 - Ward 20 - Block 9","Individual HHs","18-02","3rd Floor","Tenant","Aadhya Sharma","8200000852","6",NULL,"2026-08-11 06:41:14.94","2026-08-11 06:41:14.94","E2004720A0000000000354","W20-D-000852","E2004720B0000000000354","W20-W-000852",12.91260200,77.62771800
5285,"7200000853","Zone B - Division 20 - Ward 20 - Block 9","Individual HHs","18-03","Ground floor","Owner","Diya Sharma","8200000853","1",NULL,"2026-08-11 06:41:14.94","2026-08-11 06:41:14.94","E2004720A0000000000355","W20-D-000853","E2004720B0000000000355","W20-W-000853",12.91260400,77.62786800
5286,"7200000854","Zone B - Division 20 - Ward 20 - Block 9","Individual HHs","18-04","1st Floor","Tenant","Ishita Sharma","8200000854","2",NULL,"2026-08-11 06:41:14.94","2026-08-11 06:41:14.94","E2004720A0000000000356","W20-D-000854","E2004720B0000000000356","W20-W-000854",12.91260600,77.62801800
5287,"7200000855","Zone B - Division 20 - Ward 20 - Block 9","Individual HHs","18-05","2nd Floor","Owner","Kavya Sharma","8200000855","3",NULL,"2026-08-11 06:41:14.94","2026-08-11 06:41:14.94","E2004720A0000000000357","W20-D-000855","E2004720B0000000000357","W20-W-000855",12.91260800,77.62816800
5288,"7200000856","Zone B - Division 20 - Ward 20 - Block 9","Individual HHs","18-06","3rd Floor","Tenant","Meera Sharma","8200000856","4",NULL,"2026-08-11 06:41:14.94","2026-08-11 06:41:14.94","E2004720A0000000000358","W20-D-000856","E2004720B0000000000358","W20-W-000856",12.91261000,77.62831800
5289,"7200000857","Zone B - Division 20 - Ward 20 - Block 9","Individual HHs","18-07","Ground floor","Owner","Sneha Sharma","8200000857","5",NULL,"2026-08-11 06:41:14.94","2026-08-11 06:41:14.94","E2004720A0000000000359","W20-D-000857","E2004720B0000000000359","W20-W-000857",12.91261200,77.62846800
5290,"7200000858","Zone B - Division 20 - Ward 20 - Block 9","Individual HHs","18-08","1st Floor","Tenant","Pooja Sharma","8200000858","6",NULL,"2026-08-11 06:41:14.94","2026-08-11 06:41:14.94","E2004720A000000000035A","W20-D-000858","E2004720B000000000035A","W20-W-000858",12.91261400,77.62861800
5291,"7200000859","Zone B - Division 20 - Ward 20 - Block 9","Individual HHs","18-09","2nd Floor","Owner","Riya Sharma","8200000859","1",NULL,"2026-08-11 06:41:14.94","2026-08-11 06:41:14.94","E2004720A000000000035B","W20-D-000859","E2004720B000000000035B","W20-W-000859",12.91261600,77.62876800
5292,"7200000860","Zone B - Division 20 - Ward 20 - Block 9","Individual HHs","18-10","3rd Floor","Tenant","Nandini Sharma","8200000860","2",NULL,"2026-08-11 06:41:14.94","2026-08-11 06:41:14.94","E2004720A000000000035C","W20-D-000860","E2004720B000000000035C","W20-W-000860",12.91261800,77.62891800
5293,"7200000861","Zone B - Division 20 - Ward 20 - Block 9","Individual HHs","18-11","Ground floor","Owner","Sanjay Sharma","8200000861","3",NULL,"2026-08-11 06:41:14.94","2026-08-11 06:41:14.94","E2004720A000000000035D","W20-D-000861","E2004720B000000000035D","W20-W-000861",12.91262000,77.62906800
5294,"7200000862","Zone B - Division 20 - Ward 20 - Block 9","Individual HHs","18-12","1st Floor","Tenant","Manoj Sharma","8200000862","4",NULL,"2026-08-11 06:41:14.94","2026-08-11 06:41:14.94","E2004720A000000000035E","W20-D-000862","E2004720B000000000035E","W20-W-000862",12.91262200,77.62921800
5295,"7200000863","Zone B - Division 20 - Ward 20 - Block 9","Individual HHs","18-13","2nd Floor","Owner","Suresh Sharma","8200000863","5",NULL,"2026-08-11 06:41:14.94","2026-08-11 06:41:14.94","E2004720A000000000035F","W20-D-000863","E2004720B000000000035F","W20-W-000863",12.91262400,77.62936800
5296,"7200000864","Zone B - Division 20 - Ward 20 - Block 9","Individual HHs","18-14","3rd Floor","Tenant","Mahesh Sharma","8200000864","6",NULL,"2026-08-11 06:41:14.94","2026-08-11 06:41:14.94","E2004720A0000000000360","W20-D-000864","E2004720B0000000000360","W20-W-000864",12.91262600,77.62951800
5297,"7200000865","Zone B - Division 20 - Ward 20 - Block 9","Individual HHs","18-15","Ground floor","Owner","Prakash Sharma","8200000865","1",NULL,"2026-08-11 06:41:14.94","2026-08-11 06:41:14.94","E2004720A0000000000361","W20-D-000865","E2004720B0000000000361","W20-W-000865",12.91262800,77.62966800
5298,"7200000866","Zone B - Division 20 - Ward 20 - Block 9","Individual HHs","18-16","1st Floor","Tenant","Ramesh Sharma","8200000866","2",NULL,"2026-08-11 06:41:14.94","2026-08-11 06:41:14.94","E2004720A0000000000362","W20-D-000866","E2004720B0000000000362","W20-W-000866",12.91263000,77.62981800
5299,"7200000867","Zone B - Division 20 - Ward 20 - Block 9","Individual HHs","18-17","2nd Floor","Owner","Ganesh Sharma","8200000867","3",NULL,"2026-08-11 06:41:14.94","2026-08-11 06:41:14.94","E2004720A0000000000363","W20-D-000867","E2004720B0000000000363","W20-W-000867",12.91263200,77.62996800
5300,"7200000868","Zone B - Division 20 - Ward 20 - Block 9","Individual HHs","18-18","3rd Floor","Tenant","Dinesh Sharma","8200000868","4",NULL,"2026-08-11 06:41:14.94","2026-08-11 06:41:14.94","E2004720A0000000000364","W20-D-000868","E2004720B0000000000364","W20-W-000868",12.91263400,77.63011800
5301,"7200000869","Zone B - Division 20 - Ward 20 - Block 9","Individual HHs","18-19","Ground floor","Owner","Nikhil Sharma","8200000869","5",NULL,"2026-08-11 06:41:14.94","2026-08-11 06:41:14.94","E2004720A0000000000365","W20-D-000869","E2004720B0000000000365","W20-W-000869",12.91263600,77.63026800
5302,"7200000870","Zone B - Division 20 - Ward 20 - Block 9","Individual HHs","18-20","1st Floor","Tenant","Varun Sharma","8200000870","6",NULL,"2026-08-11 06:41:14.94","2026-08-11 06:41:14.94","E2004720A0000000000366","W20-D-000870","E2004720B0000000000366","W20-W-000870",12.91263800,77.63041800
5303,"7200000871","Zone B - Division 20 - Ward 20 - Block 9","Individual HHs","18-21","2nd Floor","Owner","Priya Sharma","8200000871","1",NULL,"2026-08-11 06:41:14.94","2026-08-11 06:41:14.94","E2004720A0000000000367","W20-D-000871","E2004720B0000000000367","W20-W-000871",12.91264000,77.63056800
5304,"7200000872","Zone B - Division 20 - Ward 20 - Block 9","Individual HHs","18-22","3rd Floor","Tenant","Divya Sharma","8200000872","2",NULL,"2026-08-11 06:41:14.94","2026-08-11 06:41:14.94","E2004720A0000000000368","W20-D-000872","E2004720B0000000000368","W20-W-000872",12.91264200,77.63071800
5305,"7200000873","Zone B - Division 20 - Ward 20 - Block 9","Individual HHs","18-23","Ground floor","Owner","Swathi Sharma","8200000873","3",NULL,"2026-08-11 06:41:14.94","2026-08-11 06:41:14.94","E2004720A0000000000369","W20-D-000873","E2004720B0000000000369","W20-W-000873",12.91264400,77.63086800
5306,"7200000874","Zone B - Division 20 - Ward 20 - Block 9","Individual HHs","18-24","1st Floor","Tenant","Shreya Sharma","8200000874","4",NULL,"2026-08-11 06:41:14.94","2026-08-11 06:41:14.94","E2004720A000000000036A","W20-D-000874","E2004720B000000000036A","W20-W-000874",12.91264600,77.63101800
5307,"7200000875","Zone B - Division 20 - Ward 20 - Block 9","Individual HHs","18-25","2nd Floor","Owner","Keerthi Sharma","8200000875","5",NULL,"2026-08-11 06:41:14.94","2026-08-11 06:41:14.94","E2004720A000000000036B","W20-D-000875","E2004720B000000000036B","W20-W-000875",12.91264800,77.63116800
5308,"7200000876","Zone B - Division 20 - Ward 20 - Block 9","Individual HHs","18-26","3rd Floor","Tenant","Lakshmi Sharma","8200000876","6",NULL,"2026-08-11 06:41:14.94","2026-08-11 06:41:14.94","E2004720A000000000036C","W20-D-000876","E2004720B000000000036C","W20-W-000876",12.91275000,77.62757000
5309,"7200000877","Zone B - Division 20 - Ward 20 - Block 9","Individual HHs","18-27","Ground floor","Owner","Deepa Sharma","8200000877","1",NULL,"2026-08-11 06:41:14.94","2026-08-11 06:41:14.94","E2004720A000000000036D","W20-D-000877","E2004720B000000000036D","W20-W-000877",12.91275200,77.62772000
5310,"7200000878","Zone B - Division 20 - Ward 20 - Block 9","Individual HHs","18-28","1st Floor","Tenant","Asha Sharma","8200000878","2",NULL,"2026-08-11 06:41:14.94","2026-08-11 06:41:14.94","E2004720A000000000036E","W20-D-000878","E2004720B000000000036E","W20-W-000878",12.91275400,77.62787000
5311,"7200000879","Zone B - Division 20 - Ward 20 - Block 9","Individual HHs","18-29","2nd Floor","Owner","Pallavi Sharma","8200000879","3",NULL,"2026-08-11 06:41:14.94","2026-08-11 06:41:14.94","E2004720A000000000036F","W20-D-000879","E2004720B000000000036F","W20-W-000879",12.91275600,77.62802000
5312,"7200000880","Zone B - Division 20 - Ward 20 - Block 9","Individual HHs","18-30","3rd Floor","Tenant","Bhavana Sharma","8200000880","4",NULL,"2026-08-11 06:41:14.94","2026-08-11 06:41:14.94","E2004720A0000000000370","W20-D-000880","E2004720B0000000000370","W20-W-000880",12.91275800,77.62817000
5313,"7200000881","Zone B - Division 20 - Ward 20 - Block 9","Individual HHs","18-31","Ground floor","Owner","Aarav Reddy","8200000881","5",NULL,"2026-08-11 06:41:14.94","2026-08-11 06:41:14.94","E2004720A0000000000371","W20-D-000881","E2004720B0000000000371","W20-W-000881",12.91276000,77.62832000
5314,"7200000882","Zone B - Division 20 - Ward 20 - Block 9","Individual HHs","18-32","1st Floor","Tenant","Vihaan Reddy","8200000882","6",NULL,"2026-08-11 06:41:14.94","2026-08-11 06:41:14.94","E2004720A0000000000372","W20-D-000882","E2004720B0000000000372","W20-W-000882",12.91276200,77.62847000
5315,"7200000883","Zone B - Division 20 - Ward 20 - Block 9","Individual HHs","18-33","2nd Floor","Owner","Aditya Reddy","8200000883","1",NULL,"2026-08-11 06:41:14.94","2026-08-11 06:41:14.94","E2004720A0000000000373","W20-D-000883","E2004720B0000000000373","W20-W-000883",12.91276400,77.62862000
5316,"7200000884","Zone B - Division 20 - Ward 20 - Block 9","Individual HHs","18-34","3rd Floor","Tenant","Arjun Reddy","8200000884","2",NULL,"2026-08-11 06:41:14.94","2026-08-11 06:41:14.94","E2004720A0000000000374","W20-D-000884","E2004720B0000000000374","W20-W-000884",12.91276600,77.62877000
5317,"7200000885","Zone B - Division 20 - Ward 20 - Block 9","Individual HHs","18-35","Ground floor","Owner","Rohan Reddy","8200000885","3",NULL,"2026-08-11 06:41:14.94","2026-08-11 06:41:14.94","E2004720A0000000000375","W20-D-000885","E2004720B0000000000375","W20-W-000885",12.91276800,77.62892000
5318,"7200000886","Zone B - Division 20 - Ward 20 - Block 9","Individual HHs","18-36","1st Floor","Tenant","Rahul Reddy","8200000886","4",NULL,"2026-08-11 06:41:14.94","2026-08-11 06:41:14.94","E2004720A0000000000376","W20-D-000886","E2004720B0000000000376","W20-W-000886",12.91277000,77.62907000
5319,"7200000887","Zone B - Division 20 - Ward 20 - Block 9","Individual HHs","18-37","2nd Floor","Owner","Karthik Reddy","8200000887","5",NULL,"2026-08-11 06:41:14.94","2026-08-11 06:41:14.94","E2004720A0000000000377","W20-D-000887","E2004720B0000000000377","W20-W-000887",12.91277200,77.62922000
5320,"7200000888","Zone B - Division 20 - Ward 20 - Block 9","Individual HHs","18-38","3rd Floor","Tenant","Vikram Reddy","8200000888","6",NULL,"2026-08-11 06:41:14.94","2026-08-11 06:41:14.94","E2004720A0000000000378","W20-D-000888","E2004720B0000000000378","W20-W-000888",12.91277400,77.62937000
5321,"7200000889","Zone B - Division 20 - Ward 20 - Block 9","Individual HHs","18-39","Ground floor","Owner","Akash Reddy","8200000889","1",NULL,"2026-08-11 06:41:14.94","2026-08-11 06:41:14.94","E2004720A0000000000379","W20-D-000889","E2004720B0000000000379","W20-W-000889",12.91277600,77.62952000
5322,"7200000890","Zone B - Division 20 - Ward 20 - Block 9","Individual HHs","18-40","1st Floor","Tenant","Siddharth Reddy","8200000890","2",NULL,"2026-08-11 06:41:14.94","2026-08-11 06:41:14.94","E2004720A000000000037A","W20-D-000890","E2004720B000000000037A","W20-W-000890",12.91277800,77.62967000
5323,"7200000891","Zone B - Division 20 - Ward 20 - Block 9","Individual HHs","18-41","2nd Floor","Owner","Ananya Reddy","8200000891","3",NULL,"2026-08-11 06:41:14.94","2026-08-11 06:41:14.94","E2004720A000000000037B","W20-D-000891","E2004720B000000000037B","W20-W-000891",12.91278000,77.62982000
5324,"7200000892","Zone B - Division 20 - Ward 20 - Block 9","Individual HHs","18-42","3rd Floor","Tenant","Aadhya Reddy","8200000892","4",NULL,"2026-08-11 06:41:14.94","2026-08-11 06:41:14.94","E2004720A000000000037C","W20-D-000892","E2004720B000000000037C","W20-W-000892",12.91278200,77.62997000
5325,"7200000893","Zone B - Division 20 - Ward 20 - Block 9","Individual HHs","18-43","Ground floor","Owner","Diya Reddy","8200000893","5",NULL,"2026-08-11 06:41:14.94","2026-08-11 06:41:14.94","E2004720A000000000037D","W20-D-000893","E2004720B000000000037D","W20-W-000893",12.91278400,77.63012000
5326,"7200000894","Zone B - Division 20 - Ward 20 - Block 9","Individual HHs","18-44","1st Floor","Tenant","Ishita Reddy","8200000894","6",NULL,"2026-08-11 06:41:14.94","2026-08-11 06:41:14.94","E2004720A000000000037E","W20-D-000894","E2004720B000000000037E","W20-W-000894",12.91278600,77.63027000
5327,"7200000895","Zone B - Division 20 - Ward 20 - Block 9","Individual HHs","18-45","2nd Floor","Owner","Kavya Reddy","8200000895","1",NULL,"2026-08-11 06:41:14.94","2026-08-11 06:41:14.94","E2004720A000000000037F","W20-D-000895","E2004720B000000000037F","W20-W-000895",12.91278800,77.63042000
5328,"7200000896","Zone B - Division 20 - Ward 20 - Block 9","Individual HHs","18-46","3rd Floor","Tenant","Meera Reddy","8200000896","2",NULL,"2026-08-11 06:41:14.94","2026-08-11 06:41:14.94","E2004720A0000000000380","W20-D-000896","E2004720B0000000000380","W20-W-000896",12.91279000,77.63057000
5329,"7200000897","Zone B - Division 20 - Ward 20 - Block 9","Individual HHs","18-47","Ground floor","Owner","Sneha Reddy","8200000897","3",NULL,"2026-08-11 06:41:14.94","2026-08-11 06:41:14.94","E2004720A0000000000381","W20-D-000897","E2004720B0000000000381","W20-W-000897",12.91279200,77.63072000
5330,"7200000898","Zone B - Division 20 - Ward 20 - Block 9","Individual HHs","18-48","1st Floor","Tenant","Pooja Reddy","8200000898","4",NULL,"2026-08-11 06:41:14.94","2026-08-11 06:41:14.94","E2004720A0000000000382","W20-D-000898","E2004720B0000000000382","W20-W-000898",12.91279400,77.63087000
5331,"7200000899","Zone B - Division 20 - Ward 20 - Block 9","Individual HHs","18-49","2nd Floor","Owner","Riya Reddy","8200000899","5",NULL,"2026-08-11 06:41:14.94","2026-08-11 06:41:14.94","E2004720A0000000000383","W20-D-000899","E2004720B0000000000383","W20-W-000899",12.91279600,77.63102000
5332,"7200000900","Zone B - Division 20 - Ward 20 - Block 9","Individual HHs","18-50","3rd Floor","Tenant","Nandini Reddy","8200000900","6",NULL,"2026-08-11 06:41:14.94","2026-08-11 06:41:14.94","E2004720A0000000000384","W20-D-000900","E2004720B0000000000384","W20-W-000900",12.91279800,77.63117000
5333,"7200000901","Zone B - Division 20 - Ward 20 - Block 10","Individual HHs","19-01","Ground floor","Owner","Sanjay Reddy","8200000901","1",NULL,"2026-08-11 06:41:14.94","2026-08-11 06:41:14.94","E2004720A0000000000385","W20-D-000901","E2004720B0000000000385","W20-W-000901",12.91290000,77.62757200
5334,"7200000902","Zone B - Division 20 - Ward 20 - Block 10","Individual HHs","19-02","1st Floor","Tenant","Manoj Reddy","8200000902","2",NULL,"2026-08-11 06:41:14.94","2026-08-11 06:41:14.94","E2004720A0000000000386","W20-D-000902","E2004720B0000000000386","W20-W-000902",12.91290200,77.62772200
5335,"7200000903","Zone B - Division 20 - Ward 20 - Block 10","Individual HHs","19-03","2nd Floor","Owner","Suresh Reddy","8200000903","3",NULL,"2026-08-11 06:41:14.94","2026-08-11 06:41:14.94","E2004720A0000000000387","W20-D-000903","E2004720B0000000000387","W20-W-000903",12.91290400,77.62787200
5336,"7200000904","Zone B - Division 20 - Ward 20 - Block 10","Individual HHs","19-04","3rd Floor","Tenant","Mahesh Reddy","8200000904","4",NULL,"2026-08-11 06:41:14.94","2026-08-11 06:41:14.94","E2004720A0000000000388","W20-D-000904","E2004720B0000000000388","W20-W-000904",12.91290600,77.62802200
5337,"7200000905","Zone B - Division 20 - Ward 20 - Block 10","Individual HHs","19-05","Ground floor","Owner","Prakash Reddy","8200000905","5",NULL,"2026-08-11 06:41:14.94","2026-08-11 06:41:14.94","E2004720A0000000000389","W20-D-000905","E2004720B0000000000389","W20-W-000905",12.91290800,77.62817200
5338,"7200000906","Zone B - Division 20 - Ward 20 - Block 10","Individual HHs","19-06","1st Floor","Tenant","Ramesh Reddy","8200000906","6",NULL,"2026-08-11 06:41:14.94","2026-08-11 06:41:14.94","E2004720A000000000038A","W20-D-000906","E2004720B000000000038A","W20-W-000906",12.91291000,77.62832200
5339,"7200000907","Zone B - Division 20 - Ward 20 - Block 10","Individual HHs","19-07","2nd Floor","Owner","Ganesh Reddy","8200000907","1",NULL,"2026-08-11 06:41:14.94","2026-08-11 06:41:14.94","E2004720A000000000038B","W20-D-000907","E2004720B000000000038B","W20-W-000907",12.91291200,77.62847200
5340,"7200000908","Zone B - Division 20 - Ward 20 - Block 10","Individual HHs","19-08","3rd Floor","Tenant","Dinesh Reddy","8200000908","2",NULL,"2026-08-11 06:41:14.94","2026-08-11 06:41:14.94","E2004720A000000000038C","W20-D-000908","E2004720B000000000038C","W20-W-000908",12.91291400,77.62862200
5341,"7200000909","Zone B - Division 20 - Ward 20 - Block 10","Individual HHs","19-09","Ground floor","Owner","Nikhil Reddy","8200000909","3",NULL,"2026-08-11 06:41:14.94","2026-08-11 06:41:14.94","E2004720A000000000038D","W20-D-000909","E2004720B000000000038D","W20-W-000909",12.91291600,77.62877200
5342,"7200000910","Zone B - Division 20 - Ward 20 - Block 10","Individual HHs","19-10","1st Floor","Tenant","Varun Reddy","8200000910","4",NULL,"2026-08-11 06:41:14.94","2026-08-11 06:41:14.94","E2004720A000000000038E","W20-D-000910","E2004720B000000000038E","W20-W-000910",12.91291800,77.62892200
5343,"7200000911","Zone B - Division 20 - Ward 20 - Block 10","Individual HHs","19-11","2nd Floor","Owner","Priya Reddy","8200000911","5",NULL,"2026-08-11 06:41:14.94","2026-08-11 06:41:14.94","E2004720A000000000038F","W20-D-000911","E2004720B000000000038F","W20-W-000911",12.91292000,77.62907200
5344,"7200000912","Zone B - Division 20 - Ward 20 - Block 10","Individual HHs","19-12","3rd Floor","Tenant","Divya Reddy","8200000912","6",NULL,"2026-08-11 06:41:14.94","2026-08-11 06:41:14.94","E2004720A0000000000390","W20-D-000912","E2004720B0000000000390","W20-W-000912",12.91292200,77.62922200
5345,"7200000913","Zone B - Division 20 - Ward 20 - Block 10","Individual HHs","19-13","Ground floor","Owner","Swathi Reddy","8200000913","1",NULL,"2026-08-11 06:41:14.94","2026-08-11 06:41:14.94","E2004720A0000000000391","W20-D-000913","E2004720B0000000000391","W20-W-000913",12.91292400,77.62937200
5346,"7200000914","Zone B - Division 20 - Ward 20 - Block 10","Individual HHs","19-14","1st Floor","Tenant","Shreya Reddy","8200000914","2",NULL,"2026-08-11 06:41:14.94","2026-08-11 06:41:14.94","E2004720A0000000000392","W20-D-000914","E2004720B0000000000392","W20-W-000914",12.91292600,77.62952200
5347,"7200000915","Zone B - Division 20 - Ward 20 - Block 10","Individual HHs","19-15","2nd Floor","Owner","Keerthi Reddy","8200000915","3",NULL,"2026-08-11 06:41:14.94","2026-08-11 06:41:14.94","E2004720A0000000000393","W20-D-000915","E2004720B0000000000393","W20-W-000915",12.91292800,77.62967200
5348,"7200000916","Zone B - Division 20 - Ward 20 - Block 10","Individual HHs","19-16","3rd Floor","Tenant","Lakshmi Reddy","8200000916","4",NULL,"2026-08-11 06:41:14.94","2026-08-11 06:41:14.94","E2004720A0000000000394","W20-D-000916","E2004720B0000000000394","W20-W-000916",12.91293000,77.62982200
5349,"7200000917","Zone B - Division 20 - Ward 20 - Block 10","Individual HHs","19-17","Ground floor","Owner","Deepa Reddy","8200000917","5",NULL,"2026-08-11 06:41:14.94","2026-08-11 06:41:14.94","E2004720A0000000000395","W20-D-000917","E2004720B0000000000395","W20-W-000917",12.91293200,77.62997200
5350,"7200000918","Zone B - Division 20 - Ward 20 - Block 10","Individual HHs","19-18","1st Floor","Tenant","Asha Reddy","8200000918","6",NULL,"2026-08-11 06:41:14.94","2026-08-11 06:41:14.94","E2004720A0000000000396","W20-D-000918","E2004720B0000000000396","W20-W-000918",12.91293400,77.63012200
5351,"7200000919","Zone B - Division 20 - Ward 20 - Block 10","Individual HHs","19-19","2nd Floor","Owner","Pallavi Reddy","8200000919","1",NULL,"2026-08-11 06:41:14.94","2026-08-11 06:41:14.94","E2004720A0000000000397","W20-D-000919","E2004720B0000000000397","W20-W-000919",12.91293600,77.63027200
5352,"7200000920","Zone B - Division 20 - Ward 20 - Block 10","Individual HHs","19-20","3rd Floor","Tenant","Bhavana Reddy","8200000920","2",NULL,"2026-08-11 06:41:14.94","2026-08-11 06:41:14.94","E2004720A0000000000398","W20-D-000920","E2004720B0000000000398","W20-W-000920",12.91293800,77.63042200
5353,"7200000921","Zone B - Division 20 - Ward 20 - Block 10","Individual HHs","19-21","Ground floor","Owner","Aarav Shetty","8200000921","3",NULL,"2026-08-11 06:41:14.94","2026-08-11 06:41:14.94","E2004720A0000000000399","W20-D-000921","E2004720B0000000000399","W20-W-000921",12.91294000,77.63057200
5354,"7200000922","Zone B - Division 20 - Ward 20 - Block 10","Individual HHs","19-22","1st Floor","Tenant","Vihaan Shetty","8200000922","4",NULL,"2026-08-11 06:41:14.94","2026-08-11 06:41:14.94","E2004720A000000000039A","W20-D-000922","E2004720B000000000039A","W20-W-000922",12.91294200,77.63072200
5355,"7200000923","Zone B - Division 20 - Ward 20 - Block 10","Individual HHs","19-23","2nd Floor","Owner","Aditya Shetty","8200000923","5",NULL,"2026-08-11 06:41:14.94","2026-08-11 06:41:14.94","E2004720A000000000039B","W20-D-000923","E2004720B000000000039B","W20-W-000923",12.91294400,77.63087200
5356,"7200000924","Zone B - Division 20 - Ward 20 - Block 10","Individual HHs","19-24","3rd Floor","Tenant","Arjun Shetty","8200000924","6",NULL,"2026-08-11 06:41:14.94","2026-08-11 06:41:14.94","E2004720A000000000039C","W20-D-000924","E2004720B000000000039C","W20-W-000924",12.91294600,77.63102200
5357,"7200000925","Zone B - Division 20 - Ward 20 - Block 10","Individual HHs","19-25","Ground floor","Owner","Rohan Shetty","8200000925","1",NULL,"2026-08-11 06:41:14.94","2026-08-11 06:41:14.94","E2004720A000000000039D","W20-D-000925","E2004720B000000000039D","W20-W-000925",12.91294800,77.63117200
5358,"7200000926","Zone B - Division 20 - Ward 20 - Block 10","Individual HHs","19-26","1st Floor","Tenant","Rahul Shetty","8200000926","2",NULL,"2026-08-11 06:41:14.94","2026-08-11 06:41:14.94","E2004720A000000000039E","W20-D-000926","E2004720B000000000039E","W20-W-000926",12.91305000,77.62757400
5359,"7200000927","Zone B - Division 20 - Ward 20 - Block 10","Individual HHs","19-27","2nd Floor","Owner","Karthik Shetty","8200000927","3",NULL,"2026-08-11 06:41:14.94","2026-08-11 06:41:14.94","E2004720A000000000039F","W20-D-000927","E2004720B000000000039F","W20-W-000927",12.91305200,77.62772400
5360,"7200000928","Zone B - Division 20 - Ward 20 - Block 10","Individual HHs","19-28","3rd Floor","Tenant","Vikram Shetty","8200000928","4",NULL,"2026-08-11 06:41:14.94","2026-08-11 06:41:14.94","E2004720A00000000003A0","W20-D-000928","E2004720B00000000003A0","W20-W-000928",12.91305400,77.62787400
5361,"7200000929","Zone B - Division 20 - Ward 20 - Block 10","Individual HHs","19-29","Ground floor","Owner","Akash Shetty","8200000929","5",NULL,"2026-08-11 06:41:14.94","2026-08-11 06:41:14.94","E2004720A00000000003A1","W20-D-000929","E2004720B00000000003A1","W20-W-000929",12.91305600,77.62802400
5362,"7200000930","Zone B - Division 20 - Ward 20 - Block 10","Individual HHs","19-30","1st Floor","Tenant","Siddharth Shetty","8200000930","6",NULL,"2026-08-11 06:41:14.94","2026-08-11 06:41:14.94","E2004720A00000000003A2","W20-D-000930","E2004720B00000000003A2","W20-W-000930",12.91305800,77.62817400
5363,"7200000931","Zone B - Division 20 - Ward 20 - Block 10","Individual HHs","19-31","2nd Floor","Owner","Ananya Shetty","8200000931","1",NULL,"2026-08-11 06:41:14.94","2026-08-11 06:41:14.94","E2004720A00000000003A3","W20-D-000931","E2004720B00000000003A3","W20-W-000931",12.91306000,77.62832400
5364,"7200000932","Zone B - Division 20 - Ward 20 - Block 10","Individual HHs","19-32","3rd Floor","Tenant","Aadhya Shetty","8200000932","2",NULL,"2026-08-11 06:41:14.94","2026-08-11 06:41:14.94","E2004720A00000000003A4","W20-D-000932","E2004720B00000000003A4","W20-W-000932",12.91306200,77.62847400
5365,"7200000933","Zone B - Division 20 - Ward 20 - Block 10","Individual HHs","19-33","Ground floor","Owner","Diya Shetty","8200000933","3",NULL,"2026-08-11 06:41:14.94","2026-08-11 06:41:14.94","E2004720A00000000003A5","W20-D-000933","E2004720B00000000003A5","W20-W-000933",12.91306400,77.62862400
5366,"7200000934","Zone B - Division 20 - Ward 20 - Block 10","Individual HHs","19-34","1st Floor","Tenant","Ishita Shetty","8200000934","4",NULL,"2026-08-11 06:41:14.94","2026-08-11 06:41:14.94","E2004720A00000000003A6","W20-D-000934","E2004720B00000000003A6","W20-W-000934",12.91306600,77.62877400
5367,"7200000935","Zone B - Division 20 - Ward 20 - Block 10","Individual HHs","19-35","2nd Floor","Owner","Kavya Shetty","8200000935","5",NULL,"2026-08-11 06:41:14.94","2026-08-11 06:41:14.94","E2004720A00000000003A7","W20-D-000935","E2004720B00000000003A7","W20-W-000935",12.91306800,77.62892400
5368,"7200000936","Zone B - Division 20 - Ward 20 - Block 10","Individual HHs","19-36","3rd Floor","Tenant","Meera Shetty","8200000936","6",NULL,"2026-08-11 06:41:14.94","2026-08-11 06:41:14.94","E2004720A00000000003A8","W20-D-000936","E2004720B00000000003A8","W20-W-000936",12.91307000,77.62907400
5369,"7200000937","Zone B - Division 20 - Ward 20 - Block 10","Individual HHs","19-37","Ground floor","Owner","Sneha Shetty","8200000937","1",NULL,"2026-08-11 06:41:14.94","2026-08-11 06:41:14.94","E2004720A00000000003A9","W20-D-000937","E2004720B00000000003A9","W20-W-000937",12.91307200,77.62922400
5370,"7200000938","Zone B - Division 20 - Ward 20 - Block 10","Individual HHs","19-38","1st Floor","Tenant","Pooja Shetty","8200000938","2",NULL,"2026-08-11 06:41:14.94","2026-08-11 06:41:14.94","E2004720A00000000003AA","W20-D-000938","E2004720B00000000003AA","W20-W-000938",12.91307400,77.62937400
5371,"7200000939","Zone B - Division 20 - Ward 20 - Block 10","Individual HHs","19-39","2nd Floor","Owner","Riya Shetty","8200000939","3",NULL,"2026-08-11 06:41:14.94","2026-08-11 06:41:14.94","E2004720A00000000003AB","W20-D-000939","E2004720B00000000003AB","W20-W-000939",12.91307600,77.62952400
5372,"7200000940","Zone B - Division 20 - Ward 20 - Block 10","Individual HHs","19-40","3rd Floor","Tenant","Nandini Shetty","8200000940","4",NULL,"2026-08-11 06:41:14.94","2026-08-11 06:41:14.94","E2004720A00000000003AC","W20-D-000940","E2004720B00000000003AC","W20-W-000940",12.91307800,77.62967400
5373,"7200000941","Zone B - Division 20 - Ward 20 - Block 10","Individual HHs","19-41","Ground floor","Owner","Sanjay Shetty","8200000941","5",NULL,"2026-08-11 06:41:14.94","2026-08-11 06:41:14.94","E2004720A00000000003AD","W20-D-000941","E2004720B00000000003AD","W20-W-000941",12.91308000,77.62982400
5374,"7200000942","Zone B - Division 20 - Ward 20 - Block 10","Individual HHs","19-42","1st Floor","Tenant","Manoj Shetty","8200000942","6",NULL,"2026-08-11 06:41:14.94","2026-08-11 06:41:14.94","E2004720A00000000003AE","W20-D-000942","E2004720B00000000003AE","W20-W-000942",12.91308200,77.62997400
5375,"7200000943","Zone B - Division 20 - Ward 20 - Block 10","Individual HHs","19-43","2nd Floor","Owner","Suresh Shetty","8200000943","1",NULL,"2026-08-11 06:41:14.94","2026-08-11 06:41:14.94","E2004720A00000000003AF","W20-D-000943","E2004720B00000000003AF","W20-W-000943",12.91308400,77.63012400
5376,"7200000944","Zone B - Division 20 - Ward 20 - Block 10","Individual HHs","19-44","3rd Floor","Tenant","Mahesh Shetty","8200000944","2",NULL,"2026-08-11 06:41:14.94","2026-08-11 06:41:14.94","E2004720A00000000003B0","W20-D-000944","E2004720B00000000003B0","W20-W-000944",12.91308600,77.63027400
5377,"7200000945","Zone B - Division 20 - Ward 20 - Block 10","Individual HHs","19-45","Ground floor","Owner","Prakash Shetty","8200000945","3",NULL,"2026-08-11 06:41:14.94","2026-08-11 06:41:14.94","E2004720A00000000003B1","W20-D-000945","E2004720B00000000003B1","W20-W-000945",12.91308800,77.63042400
5378,"7200000946","Zone B - Division 20 - Ward 20 - Block 10","Individual HHs","19-46","1st Floor","Tenant","Ramesh Shetty","8200000946","4",NULL,"2026-08-11 06:41:14.94","2026-08-11 06:41:14.94","E2004720A00000000003B2","W20-D-000946","E2004720B00000000003B2","W20-W-000946",12.91309000,77.63057400
5379,"7200000947","Zone B - Division 20 - Ward 20 - Block 10","Individual HHs","19-47","2nd Floor","Owner","Ganesh Shetty","8200000947","5",NULL,"2026-08-11 06:41:14.94","2026-08-11 06:41:14.94","E2004720A00000000003B3","W20-D-000947","E2004720B00000000003B3","W20-W-000947",12.91309200,77.63072400
5380,"7200000948","Zone B - Division 20 - Ward 20 - Block 10","Individual HHs","19-48","3rd Floor","Tenant","Dinesh Shetty","8200000948","6",NULL,"2026-08-11 06:41:14.94","2026-08-11 06:41:14.94","E2004720A00000000003B4","W20-D-000948","E2004720B00000000003B4","W20-W-000948",12.91309400,77.63087400
5381,"7200000949","Zone B - Division 20 - Ward 20 - Block 10","Individual HHs","19-49","Ground floor","Owner","Nikhil Shetty","8200000949","1",NULL,"2026-08-11 06:41:14.94","2026-08-11 06:41:14.94","E2004720A00000000003B5","W20-D-000949","E2004720B00000000003B5","W20-W-000949",12.91309600,77.63102400
5382,"7200000950","Zone B - Division 20 - Ward 20 - Block 10","Individual HHs","19-50","1st Floor","Tenant","Varun Shetty","8200000950","2",NULL,"2026-08-11 06:41:14.94","2026-08-11 06:41:14.94","E2004720A00000000003B6","W20-D-000950","E2004720B00000000003B6","W20-W-000950",12.91309800,77.63117400
5383,"7200000951","Zone B - Division 20 - Ward 20 - Block 10","Individual HHs","20-01","2nd Floor","Owner","Priya Shetty","8200000951","3",NULL,"2026-08-11 06:41:14.94","2026-08-11 06:41:14.94","E2004720A00000000003B7","W20-D-000951","E2004720B00000000003B7","W20-W-000951",12.91320000,77.62757600
5384,"7200000952","Zone B - Division 20 - Ward 20 - Block 10","Individual HHs","20-02","3rd Floor","Tenant","Divya Shetty","8200000952","4",NULL,"2026-08-11 06:41:14.94","2026-08-11 06:41:14.94","E2004720A00000000003B8","W20-D-000952","E2004720B00000000003B8","W20-W-000952",12.91320200,77.62772600
5385,"7200000953","Zone B - Division 20 - Ward 20 - Block 10","Individual HHs","20-03","Ground floor","Owner","Swathi Shetty","8200000953","5",NULL,"2026-08-11 06:41:14.94","2026-08-11 06:41:14.94","E2004720A00000000003B9","W20-D-000953","E2004720B00000000003B9","W20-W-000953",12.91320400,77.62787600
5386,"7200000954","Zone B - Division 20 - Ward 20 - Block 10","Individual HHs","20-04","1st Floor","Tenant","Shreya Shetty","8200000954","6",NULL,"2026-08-11 06:41:14.94","2026-08-11 06:41:14.94","E2004720A00000000003BA","W20-D-000954","E2004720B00000000003BA","W20-W-000954",12.91320600,77.62802600
5387,"7200000955","Zone B - Division 20 - Ward 20 - Block 10","Individual HHs","20-05","2nd Floor","Owner","Keerthi Shetty","8200000955","1",NULL,"2026-08-11 06:41:14.94","2026-08-11 06:41:14.94","E2004720A00000000003BB","W20-D-000955","E2004720B00000000003BB","W20-W-000955",12.91320800,77.62817600
5388,"7200000956","Zone B - Division 20 - Ward 20 - Block 10","Individual HHs","20-06","3rd Floor","Tenant","Lakshmi Shetty","8200000956","2",NULL,"2026-08-11 06:41:14.94","2026-08-11 06:41:14.94","E2004720A00000000003BC","W20-D-000956","E2004720B00000000003BC","W20-W-000956",12.91321000,77.62832600
5389,"7200000957","Zone B - Division 20 - Ward 20 - Block 10","Individual HHs","20-07","Ground floor","Owner","Deepa Shetty","8200000957","3",NULL,"2026-08-11 06:41:14.94","2026-08-11 06:41:14.94","E2004720A00000000003BD","W20-D-000957","E2004720B00000000003BD","W20-W-000957",12.91321200,77.62847600
5390,"7200000958","Zone B - Division 20 - Ward 20 - Block 10","Individual HHs","20-08","1st Floor","Tenant","Asha Shetty","8200000958","4",NULL,"2026-08-11 06:41:14.94","2026-08-11 06:41:14.94","E2004720A00000000003BE","W20-D-000958","E2004720B00000000003BE","W20-W-000958",12.91321400,77.62862600
5391,"7200000959","Zone B - Division 20 - Ward 20 - Block 10","Individual HHs","20-09","2nd Floor","Owner","Pallavi Shetty","8200000959","5",NULL,"2026-08-11 06:41:14.94","2026-08-11 06:41:14.94","E2004720A00000000003BF","W20-D-000959","E2004720B00000000003BF","W20-W-000959",12.91321600,77.62877600
5392,"7200000960","Zone B - Division 20 - Ward 20 - Block 10","Individual HHs","20-10","3rd Floor","Tenant","Bhavana Shetty","8200000960","6",NULL,"2026-08-11 06:41:14.94","2026-08-11 06:41:14.94","E2004720A00000000003C0","W20-D-000960","E2004720B00000000003C0","W20-W-000960",12.91321800,77.62892600
5393,"7200000961","Zone B - Division 20 - Ward 20 - Block 10","Individual HHs","20-11","Ground floor","Owner","Aarav Gowda","8200000961","1",NULL,"2026-08-11 06:41:14.94","2026-08-11 06:41:14.94","E2004720A00000000003C1","W20-D-000961","E2004720B00000000003C1","W20-W-000961",12.91322000,77.62907600
5394,"7200000962","Zone B - Division 20 - Ward 20 - Block 10","Individual HHs","20-12","1st Floor","Tenant","Vihaan Gowda","8200000962","2",NULL,"2026-08-11 06:41:14.94","2026-08-11 06:41:14.94","E2004720A00000000003C2","W20-D-000962","E2004720B00000000003C2","W20-W-000962",12.91322200,77.62922600
5395,"7200000963","Zone B - Division 20 - Ward 20 - Block 10","Individual HHs","20-13","2nd Floor","Owner","Aditya Gowda","8200000963","3",NULL,"2026-08-11 06:41:14.94","2026-08-11 06:41:14.94","E2004720A00000000003C3","W20-D-000963","E2004720B00000000003C3","W20-W-000963",12.91322400,77.62937600
5396,"7200000964","Zone B - Division 20 - Ward 20 - Block 10","Individual HHs","20-14","3rd Floor","Tenant","Arjun Gowda","8200000964","4",NULL,"2026-08-11 06:41:14.94","2026-08-11 06:41:14.94","E2004720A00000000003C4","W20-D-000964","E2004720B00000000003C4","W20-W-000964",12.91322600,77.62952600
5397,"7200000965","Zone B - Division 20 - Ward 20 - Block 10","Individual HHs","20-15","Ground floor","Owner","Rohan Gowda","8200000965","5",NULL,"2026-08-11 06:41:14.94","2026-08-11 06:41:14.94","E2004720A00000000003C5","W20-D-000965","E2004720B00000000003C5","W20-W-000965",12.91322800,77.62967600
5398,"7200000966","Zone B - Division 20 - Ward 20 - Block 10","Individual HHs","20-16","1st Floor","Tenant","Rahul Gowda","8200000966","6",NULL,"2026-08-11 06:41:14.94","2026-08-11 06:41:14.94","E2004720A00000000003C6","W20-D-000966","E2004720B00000000003C6","W20-W-000966",12.91323000,77.62982600
5399,"7200000967","Zone B - Division 20 - Ward 20 - Block 10","Individual HHs","20-17","2nd Floor","Owner","Karthik Gowda","8200000967","1",NULL,"2026-08-11 06:41:14.94","2026-08-11 06:41:14.94","E2004720A00000000003C7","W20-D-000967","E2004720B00000000003C7","W20-W-000967",12.91323200,77.62997600
5400,"7200000968","Zone B - Division 20 - Ward 20 - Block 10","Individual HHs","20-18","3rd Floor","Tenant","Vikram Gowda","8200000968","2",NULL,"2026-08-11 06:41:14.94","2026-08-11 06:41:14.94","E2004720A00000000003C8","W20-D-000968","E2004720B00000000003C8","W20-W-000968",12.91323400,77.63012600
5401,"7200000969","Zone B - Division 20 - Ward 20 - Block 10","Individual HHs","20-19","Ground floor","Owner","Akash Gowda","8200000969","3",NULL,"2026-08-11 06:41:14.94","2026-08-11 06:41:14.94","E2004720A00000000003C9","W20-D-000969","E2004720B00000000003C9","W20-W-000969",12.91323600,77.63027600
5402,"7200000970","Zone B - Division 20 - Ward 20 - Block 10","Individual HHs","20-20","1st Floor","Tenant","Siddharth Gowda","8200000970","4",NULL,"2026-08-11 06:41:14.94","2026-08-11 06:41:14.94","E2004720A00000000003CA","W20-D-000970","E2004720B00000000003CA","W20-W-000970",12.91323800,77.63042600
5403,"7200000971","Zone B - Division 20 - Ward 20 - Block 10","Individual HHs","20-21","2nd Floor","Owner","Ananya Gowda","8200000971","5",NULL,"2026-08-11 06:41:14.94","2026-08-11 06:41:14.94","E2004720A00000000003CB","W20-D-000971","E2004720B00000000003CB","W20-W-000971",12.91324000,77.63057600
5404,"7200000972","Zone B - Division 20 - Ward 20 - Block 10","Individual HHs","20-22","3rd Floor","Tenant","Aadhya Gowda","8200000972","6",NULL,"2026-08-11 06:41:14.94","2026-08-11 06:41:14.94","E2004720A00000000003CC","W20-D-000972","E2004720B00000000003CC","W20-W-000972",12.91324200,77.63072600
5405,"7200000973","Zone B - Division 20 - Ward 20 - Block 10","Individual HHs","20-23","Ground floor","Owner","Diya Gowda","8200000973","1",NULL,"2026-08-11 06:41:14.94","2026-08-11 06:41:14.94","E2004720A00000000003CD","W20-D-000973","E2004720B00000000003CD","W20-W-000973",12.91324400,77.63087600
5406,"7200000974","Zone B - Division 20 - Ward 20 - Block 10","Individual HHs","20-24","1st Floor","Tenant","Ishita Gowda","8200000974","2",NULL,"2026-08-11 06:41:14.94","2026-08-11 06:41:14.94","E2004720A00000000003CE","W20-D-000974","E2004720B00000000003CE","W20-W-000974",12.91324600,77.63102600
5407,"7200000975","Zone B - Division 20 - Ward 20 - Block 10","Individual HHs","20-25","2nd Floor","Owner","Kavya Gowda","8200000975","3",NULL,"2026-08-11 06:41:14.94","2026-08-11 06:41:14.94","E2004720A00000000003CF","W20-D-000975","E2004720B00000000003CF","W20-W-000975",12.91324800,77.63117600
5408,"7200000976","Zone B - Division 20 - Ward 20 - Block 10","Individual HHs","20-26","3rd Floor","Tenant","Meera Gowda","8200000976","4",NULL,"2026-08-11 06:41:14.94","2026-08-11 06:41:14.94","E2004720A00000000003D0","W20-D-000976","E2004720B00000000003D0","W20-W-000976",12.91335000,77.62757800
5409,"7200000977","Zone B - Division 20 - Ward 20 - Block 10","Individual HHs","20-27","Ground floor","Owner","Sneha Gowda","8200000977","5",NULL,"2026-08-11 06:41:14.94","2026-08-11 06:41:14.94","E2004720A00000000003D1","W20-D-000977","E2004720B00000000003D1","W20-W-000977",12.91335200,77.62772800
5410,"7200000978","Zone B - Division 20 - Ward 20 - Block 10","Individual HHs","20-28","1st Floor","Tenant","Pooja Gowda","8200000978","6",NULL,"2026-08-11 06:41:14.94","2026-08-11 06:41:14.94","E2004720A00000000003D2","W20-D-000978","E2004720B00000000003D2","W20-W-000978",12.91335400,77.62787800
5411,"7200000979","Zone B - Division 20 - Ward 20 - Block 10","Individual HHs","20-29","2nd Floor","Owner","Riya Gowda","8200000979","1",NULL,"2026-08-11 06:41:14.94","2026-08-11 06:41:14.94","E2004720A00000000003D3","W20-D-000979","E2004720B00000000003D3","W20-W-000979",12.91335600,77.62802800
5412,"7200000980","Zone B - Division 20 - Ward 20 - Block 10","Individual HHs","20-30","3rd Floor","Tenant","Nandini Gowda","8200000980","2",NULL,"2026-08-11 06:41:14.94","2026-08-11 06:41:14.94","E2004720A00000000003D4","W20-D-000980","E2004720B00000000003D4","W20-W-000980",12.91335800,77.62817800
5413,"7200000981","Zone B - Division 20 - Ward 20 - Block 10","Individual HHs","20-31","Ground floor","Owner","Sanjay Gowda","8200000981","3",NULL,"2026-08-11 06:41:14.94","2026-08-11 06:41:14.94","E2004720A00000000003D5","W20-D-000981","E2004720B00000000003D5","W20-W-000981",12.91336000,77.62832800
5414,"7200000982","Zone B - Division 20 - Ward 20 - Block 10","Individual HHs","20-32","1st Floor","Tenant","Manoj Gowda","8200000982","4",NULL,"2026-08-11 06:41:14.94","2026-08-11 06:41:14.94","E2004720A00000000003D6","W20-D-000982","E2004720B00000000003D6","W20-W-000982",12.91336200,77.62847800
5415,"7200000983","Zone B - Division 20 - Ward 20 - Block 10","Individual HHs","20-33","2nd Floor","Owner","Suresh Gowda","8200000983","5",NULL,"2026-08-11 06:41:14.94","2026-08-11 06:41:14.94","E2004720A00000000003D7","W20-D-000983","E2004720B00000000003D7","W20-W-000983",12.91336400,77.62862800
5416,"7200000984","Zone B - Division 20 - Ward 20 - Block 10","Individual HHs","20-34","3rd Floor","Tenant","Mahesh Gowda","8200000984","6",NULL,"2026-08-11 06:41:14.94","2026-08-11 06:41:14.94","E2004720A00000000003D8","W20-D-000984","E2004720B00000000003D8","W20-W-000984",12.91336600,77.62877800
5417,"7200000985","Zone B - Division 20 - Ward 20 - Block 10","Individual HHs","20-35","Ground floor","Owner","Prakash Gowda","8200000985","1",NULL,"2026-08-11 06:41:14.94","2026-08-11 06:41:14.94","E2004720A00000000003D9","W20-D-000985","E2004720B00000000003D9","W20-W-000985",12.91336800,77.62892800
5418,"7200000986","Zone B - Division 20 - Ward 20 - Block 10","Individual HHs","20-36","1st Floor","Tenant","Ramesh Gowda","8200000986","2",NULL,"2026-08-11 06:41:14.94","2026-08-11 06:41:14.94","E2004720A00000000003DA","W20-D-000986","E2004720B00000000003DA","W20-W-000986",12.91337000,77.62907800
5419,"7200000987","Zone B - Division 20 - Ward 20 - Block 10","Individual HHs","20-37","2nd Floor","Owner","Ganesh Gowda","8200000987","3",NULL,"2026-08-11 06:41:14.94","2026-08-11 06:41:14.94","E2004720A00000000003DB","W20-D-000987","E2004720B00000000003DB","W20-W-000987",12.91337200,77.62922800
5420,"7200000988","Zone B - Division 20 - Ward 20 - Block 10","Individual HHs","20-38","3rd Floor","Tenant","Dinesh Gowda","8200000988","4",NULL,"2026-08-11 06:41:14.94","2026-08-11 06:41:14.94","E2004720A00000000003DC","W20-D-000988","E2004720B00000000003DC","W20-W-000988",12.91337400,77.62937800
5421,"7200000989","Zone B - Division 20 - Ward 20 - Block 10","Individual HHs","20-39","Ground floor","Owner","Nikhil Gowda","8200000989","5",NULL,"2026-08-11 06:41:14.94","2026-08-11 06:41:14.94","E2004720A00000000003DD","W20-D-000989","E2004720B00000000003DD","W20-W-000989",12.91337600,77.62952800
5422,"7200000990","Zone B - Division 20 - Ward 20 - Block 10","Individual HHs","20-40","1st Floor","Tenant","Varun Gowda","8200000990","6",NULL,"2026-08-11 06:41:14.94","2026-08-11 06:41:14.94","E2004720A00000000003DE","W20-D-000990","E2004720B00000000003DE","W20-W-000990",12.91337800,77.62967800
5423,"7200000991","Zone B - Division 20 - Ward 20 - Block 10","Individual HHs","20-41","2nd Floor","Owner","Priya Gowda","8200000991","1",NULL,"2026-08-11 06:41:14.94","2026-08-11 06:41:14.94","E2004720A00000000003DF","W20-D-000991","E2004720B00000000003DF","W20-W-000991",12.91338000,77.62982800
5424,"7200000992","Zone B - Division 20 - Ward 20 - Block 10","Individual HHs","20-42","3rd Floor","Tenant","Divya Gowda","8200000992","2",NULL,"2026-08-11 06:41:14.94","2026-08-11 06:41:14.94","E2004720A00000000003E0","W20-D-000992","E2004720B00000000003E0","W20-W-000992",12.91338200,77.62997800
5425,"7200000993","Zone B - Division 20 - Ward 20 - Block 10","Individual HHs","20-43","Ground floor","Owner","Swathi Gowda","8200000993","3",NULL,"2026-08-11 06:41:14.94","2026-08-11 06:41:14.94","E2004720A00000000003E1","W20-D-000993","E2004720B00000000003E1","W20-W-000993",12.91338400,77.63012800
5426,"7200000994","Zone B - Division 20 - Ward 20 - Block 10","Individual HHs","20-44","1st Floor","Tenant","Shreya Gowda","8200000994","4",NULL,"2026-08-11 06:41:14.94","2026-08-11 06:41:14.94","E2004720A00000000003E2","W20-D-000994","E2004720B00000000003E2","W20-W-000994",12.91338600,77.63027800
5427,"7200000995","Zone B - Division 20 - Ward 20 - Block 10","Individual HHs","20-45","2nd Floor","Owner","Keerthi Gowda","8200000995","5",NULL,"2026-08-11 06:41:14.94","2026-08-11 06:41:14.94","E2004720A00000000003E3","W20-D-000995","E2004720B00000000003E3","W20-W-000995",12.91338800,77.63042800
5428,"7200000996","Zone B - Division 20 - Ward 20 - Block 10","Individual HHs","20-46","3rd Floor","Tenant","Lakshmi Gowda","8200000996","6",NULL,"2026-08-11 06:41:14.94","2026-08-11 06:41:14.94","E2004720A00000000003E4","W20-D-000996","E2004720B00000000003E4","W20-W-000996",12.91339000,77.63057800
5429,"7200000997","Zone B - Division 20 - Ward 20 - Block 10","Individual HHs","20-47","Ground floor","Owner","Deepa Gowda","8200000997","1",NULL,"2026-08-11 06:41:14.94","2026-08-11 06:41:14.94","E2004720A00000000003E5","W20-D-000997","E2004720B00000000003E5","W20-W-000997",12.91339200,77.63072800
5430,"7200000998","Zone B - Division 20 - Ward 20 - Block 10","Individual HHs","20-48","1st Floor","Tenant","Asha Gowda","8200000998","2",NULL,"2026-08-11 06:41:14.94","2026-08-11 06:41:14.94","E2004720A00000000003E6","W20-D-000998","E2004720B00000000003E6","W20-W-000998",12.91339400,77.63087800
5431,"7200000999","Zone B - Division 20 - Ward 20 - Block 10","Individual HHs","20-49","2nd Floor","Owner","Pallavi Gowda","8200000999","3",NULL,"2026-08-11 06:41:14.94","2026-08-11 06:41:14.94","E2004720A00000000003E7","W20-D-000999","E2004720B00000000003E7","W20-W-000999",12.91339600,77.63102800
5432,"7200001000","Zone B - Division 20 - Ward 20 - Block 10","Individual HHs","20-50","3rd Floor","Tenant","Bhavana Gowda","8200001000","4",NULL,"2026-08-11 06:41:14.94","2026-08-11 06:41:14.94","E2004720A00000000003E8","W20-D-001000","E2004720B00000000003E8","W20-W-001000",12.91339800,77.63117800
