"id","phoneNumber","area","wasteGeneratorTypes","houseNumber","floorNumber","householdType","personName","contactNumber","numberOfPeople","buildingPhoto","createdAt","updatedAt","dryRFID","drySlno","wetRFID","wetSlno","lat","lng"
2433,"7000000001","Zone A - Division 1 - Ward 1 - Block 1","Individual HHs","1-01","Ground floor","Owner","Aarav Kumar","8000000001","1",NULL,"2026-08-11 06:38:26.262","2026-08-11 06:38:26.262","E2004701A0000000000001","W1-D-000001","E2004701B0000000000001","W1-W-000001",12.89750000,77.58750000
2434,"7000000002","Zone A - Division 1 - Ward 1 - Block 1","Individual HHs","1-02","1st Floor","Tenant","Vihaan Kumar","8000000002","2",NULL,"2026-08-11 06:38:26.262","2026-08-11 06:38:26.262","E2004701A0000000000002","W1-D-000002","E2004701B0000000000002","W1-W-000002",12.89750200,77.58765000
2435,"7000000003","Zone A - Division 1 - Ward 1 - Block 1","Individual HHs","1-03","2nd Floor","Owner","Aditya Kumar","8000000003","3",NULL,"2026-08-11 06:38:26.262","2026-08-11 06:38:26.262","E2004701A0000000000003","W1-D-000003","E2004701B0000000000003","W1-W-000003",12.89750400,77.58780000
2436,"7000000004","Zone A - Division 1 - Ward 1 - Block 1","Individual HHs","1-04","3rd Floor","Tenant","Arjun Kumar","8000000004","4",NULL,"2026-08-11 06:38:26.262","2026-08-11 06:38:26.262","E2004701A0000000000004","W1-D-000004","E2004701B0000000000004","W1-W-000004",12.89750600,77.58795000
2437,"7000000005","Zone A - Division 1 - Ward 1 - Block 1","Individual HHs","1-05","Ground floor","Owner","Rohan Kumar","8000000005","5",NULL,"2026-08-11 06:38:26.262","2026-08-11 06:38:26.262","E2004701A0000000000005","W1-D-000005","E2004701B0000000000005","W1-W-000005",12.89750800,77.58810000
2438,"7000000006","Zone A - Division 1 - Ward 1 - Block 1","Individual HHs","1-06","1st Floor","Tenant","Rahul Kumar","8000000006","6",NULL,"2026-08-11 06:38:26.262","2026-08-11 06:38:26.262","E2004701A0000000000006","W1-D-000006","E2004701B0000000000006","W1-W-000006",12.89751000,77.58825000
2439,"7000000007","Zone A - Division 1 - Ward 1 - Block 1","Individual HHs","1-07","2nd Floor","Owner","Karthik Kumar","8000000007","1",NULL,"2026-08-11 06:38:26.262","2026-08-11 06:38:26.262","E2004701A0000000000007","W1-D-000007","E2004701B0000000000007","W1-W-000007",12.89751200,77.58840000
2440,"7000000008","Zone A - Division 1 - Ward 1 - Block 1","Individual HHs","1-08","3rd Floor","Tenant","Vikram Kumar","8000000008","2",NULL,"2026-08-11 06:38:26.262","2026-08-11 06:38:26.262","E2004701A0000000000008","W1-D-000008","E2004701B0000000000008","W1-W-000008",12.89751400,77.58855000
2441,"7000000009","Zone A - Division 1 - Ward 1 - Block 1","Individual HHs","1-09","Ground floor","Owner","Akash Kumar","8000000009","3",NULL,"2026-08-11 06:38:26.262","2026-08-11 06:38:26.262","E2004701A0000000000009","W1-D-000009","E2004701B0000000000009","W1-W-000009",12.89751600,77.58870000
2442,"7000000010","Zone A - Division 1 - Ward 1 - Block 1","Individual HHs","1-10","1st Floor","Tenant","Siddharth Kumar","8000000010","4",NULL,"2026-08-11 06:38:26.262","2026-08-11 06:38:26.262","E2004701A000000000000A","W1-D-000010","E2004701B000000000000A","W1-W-000010",12.89751800,77.58885000
2443,"7000000011","Zone A - Division 1 - Ward 1 - Block 1","Individual HHs","1-11","2nd Floor","Owner","Ananya Kumar","8000000011","5",NULL,"2026-08-11 06:38:26.263","2026-08-11 06:38:26.263","E2004701A000000000000B","W1-D-000011","E2004701B000000000000B","W1-W-000011",12.89752000,77.58900000
2444,"7000000012","Zone A - Division 1 - Ward 1 - Block 1","Individual HHs","1-12","3rd Floor","Tenant","Aadhya Kumar","8000000012","6",NULL,"2026-08-11 06:38:26.263","2026-08-11 06:38:26.263","E2004701A000000000000C","W1-D-000012","E2004701B000000000000C","W1-W-000012",12.89752200,77.58915000
2445,"7000000013","Zone A - Division 1 - Ward 1 - Block 1","Individual HHs","1-13","Ground floor","Owner","Diya Kumar","8000000013","1",NULL,"2026-08-11 06:38:26.263","2026-08-11 06:38:26.263","E2004701A000000000000D","W1-D-000013","E2004701B000000000000D","W1-W-000013",12.89752400,77.58930000
2446,"7000000014","Zone A - Division 1 - Ward 1 - Block 1","Individual HHs","1-14","1st Floor","Tenant","Ishita Kumar","8000000014","2",NULL,"2026-08-11 06:38:26.263","2026-08-11 06:38:26.263","E2004701A000000000000E","W1-D-000014","E2004701B000000000000E","W1-W-000014",12.89752600,77.58945000
2447,"7000000015","Zone A - Division 1 - Ward 1 - Block 1","Individual HHs","1-15","2nd Floor","Owner","Kavya Kumar","8000000015","3",NULL,"2026-08-11 06:38:26.263","2026-08-11 06:38:26.263","E2004701A000000000000F","W1-D-000015","E2004701B000000000000F","W1-W-000015",12.89752800,77.58960000
2448,"7000000016","Zone A - Division 1 - Ward 1 - Block 1","Individual HHs","1-16","3rd Floor","Tenant","Meera Kumar","8000000016","4",NULL,"2026-08-11 06:38:26.263","2026-08-11 06:38:26.263","E2004701A0000000000010","W1-D-000016","E2004701B0000000000010","W1-W-000016",12.89753000,77.58975000
2449,"7000000017","Zone A - Division 1 - Ward 1 - Block 1","Individual HHs","1-17","Ground floor","Owner","Sneha Kumar","8000000017","5",NULL,"2026-08-11 06:38:26.263","2026-08-11 06:38:26.263","E2004701A0000000000011","W1-D-000017","E2004701B0000000000011","W1-W-000017",12.89753200,77.58990000
2450,"7000000018","Zone A - Division 1 - Ward 1 - Block 1","Individual HHs","1-18","1st Floor","Tenant","Pooja Kumar","8000000018","6",NULL,"2026-08-11 06:38:26.263","2026-08-11 06:38:26.263","E2004701A0000000000012","W1-D-000018","E2004701B0000000000012","W1-W-000018",12.89753400,77.59005000
2451,"7000000019","Zone A - Division 1 - Ward 1 - Block 1","Individual HHs","1-19","2nd Floor","Owner","Riya Kumar","8000000019","1",NULL,"2026-08-11 06:38:26.263","2026-08-11 06:38:26.263","E2004701A0000000000013","W1-D-000019","E2004701B0000000000013","W1-W-000019",12.89753600,77.59020000
2452,"7000000020","Zone A - Division 1 - Ward 1 - Block 1","Individual HHs","1-20","3rd Floor","Tenant","Nandini Kumar","8000000020","2",NULL,"2026-08-11 06:38:26.263","2026-08-11 06:38:26.263","E2004701A0000000000014","W1-D-000020","E2004701B0000000000014","W1-W-000020",12.89753800,77.59035000
2453,"7000000021","Zone A - Division 1 - Ward 1 - Block 1","Individual HHs","1-21","Ground floor","Owner","Sanjay Kumar","8000000021","3",NULL,"2026-08-11 06:38:26.263","2026-08-11 06:38:26.263","E2004701A0000000000015","W1-D-000021","E2004701B0000000000015","W1-W-000021",12.89754000,77.59050000
2454,"7000000022","Zone A - Division 1 - Ward 1 - Block 1","Individual HHs","1-22","1st Floor","Tenant","Manoj Kumar","8000000022","4",NULL,"2026-08-11 06:38:26.263","2026-08-11 06:38:26.263","E2004701A0000000000016","W1-D-000022","E2004701B0000000000016","W1-W-000022",12.89754200,77.59065000
2455,"7000000023","Zone A - Division 1 - Ward 1 - Block 1","Individual HHs","1-23","2nd Floor","Owner","Suresh Kumar","8000000023","5",NULL,"2026-08-11 06:38:26.263","2026-08-11 06:38:26.263","E2004701A0000000000017","W1-D-000023","E2004701B0000000000017","W1-W-000023",12.89754400,77.59080000
2456,"7000000024","Zone A - Division 1 - Ward 1 - Block 1","Individual HHs","1-24","3rd Floor","Tenant","Mahesh Kumar","8000000024","6",NULL,"2026-08-11 06:38:26.263","2026-08-11 06:38:26.263","E2004701A0000000000018","W1-D-000024","E2004701B0000000000018","W1-W-000024",12.89754600,77.59095000
2457,"7000000025","Zone A - Division 1 - Ward 1 - Block 1","Individual HHs","1-25","Ground floor","Owner","Prakash Kumar","8000000025","1",NULL,"2026-08-11 06:38:26.263","2026-08-11 06:38:26.263","E2004701A0000000000019","W1-D-000025","E2004701B0000000000019","W1-W-000025",12.89754800,77.59110000
2458,"7000000026","Zone A - Division 1 - Ward 1 - Block 1","Individual HHs","1-26","1st Floor","Tenant","Ramesh Kumar","8000000026","2",NULL,"2026-08-11 06:38:26.263","2026-08-11 06:38:26.263","E2004701A000000000001A","W1-D-000026","E2004701B000000000001A","W1-W-000026",12.89765000,77.58750200
2459,"7000000027","Zone A - Division 1 - Ward 1 - Block 1","Individual HHs","1-27","2nd Floor","Owner","Ganesh Kumar","8000000027","3",NULL,"2026-08-11 06:38:26.263","2026-08-11 06:38:26.263","E2004701A000000000001B","W1-D-000027","E2004701B000000000001B","W1-W-000027",12.89765200,77.58765200
2460,"7000000028","Zone A - Division 1 - Ward 1 - Block 1","Individual HHs","1-28","3rd Floor","Tenant","Dinesh Kumar","8000000028","4",NULL,"2026-08-11 06:38:26.263","2026-08-11 06:38:26.263","E2004701A000000000001C","W1-D-000028","E2004701B000000000001C","W1-W-000028",12.89765400,77.58780200
2461,"7000000029","Zone A - Division 1 - Ward 1 - Block 1","Individual HHs","1-29","Ground floor","Owner","Nikhil Kumar","8000000029","5",NULL,"2026-08-11 06:38:26.263","2026-08-11 06:38:26.263","E2004701A000000000001D","W1-D-000029","E2004701B000000000001D","W1-W-000029",12.89765600,77.58795200
2462,"7000000030","Zone A - Division 1 - Ward 1 - Block 1","Individual HHs","1-30","1st Floor","Tenant","Varun Kumar","8000000030","6",NULL,"2026-08-11 06:38:26.263","2026-08-11 06:38:26.263","E2004701A000000000001E","W1-D-000030","E2004701B000000000001E","W1-W-000030",12.89765800,77.58810200
2463,"7000000031","Zone A - Division 1 - Ward 1 - Block 1","Individual HHs","1-31","2nd Floor","Owner","Priya Kumar","8000000031","1",NULL,"2026-08-11 06:38:26.263","2026-08-11 06:38:26.263","E2004701A000000000001F","W1-D-000031","E2004701B000000000001F","W1-W-000031",12.89766000,77.58825200
2464,"7000000032","Zone A - Division 1 - Ward 1 - Block 1","Individual HHs","1-32","3rd Floor","Tenant","Divya Kumar","8000000032","2",NULL,"2026-08-11 06:38:26.263","2026-08-11 06:38:26.263","E2004701A0000000000020","W1-D-000032","E2004701B0000000000020","W1-W-000032",12.89766200,77.58840200
2465,"7000000033","Zone A - Division 1 - Ward 1 - Block 1","Individual HHs","1-33","Ground floor","Owner","Swathi Kumar","8000000033","3",NULL,"2026-08-11 06:38:26.263","2026-08-11 06:38:26.263","E2004701A0000000000021","W1-D-000033","E2004701B0000000000021","W1-W-000033",12.89766400,77.58855200
2466,"7000000034","Zone A - Division 1 - Ward 1 - Block 1","Individual HHs","1-34","1st Floor","Tenant","Shreya Kumar","8000000034","4",NULL,"2026-08-11 06:38:26.263","2026-08-11 06:38:26.263","E2004701A0000000000022","W1-D-000034","E2004701B0000000000022","W1-W-000034",12.89766600,77.58870200
2467,"7000000035","Zone A - Division 1 - Ward 1 - Block 1","Individual HHs","1-35","2nd Floor","Owner","Keerthi Kumar","8000000035","5",NULL,"2026-08-11 06:38:26.263","2026-08-11 06:38:26.263","E2004701A0000000000023","W1-D-000035","E2004701B0000000000023","W1-W-000035",12.89766800,77.58885200
2468,"7000000036","Zone A - Division 1 - Ward 1 - Block 1","Individual HHs","1-36","3rd Floor","Tenant","Lakshmi Kumar","8000000036","6",NULL,"2026-08-11 06:38:26.263","2026-08-11 06:38:26.263","E2004701A0000000000024","W1-D-000036","E2004701B0000000000024","W1-W-000036",12.89767000,77.58900200
2469,"7000000037","Zone A - Division 1 - Ward 1 - Block 1","Individual HHs","1-37","Ground floor","Owner","Deepa Kumar","8000000037","1",NULL,"2026-08-11 06:38:26.263","2026-08-11 06:38:26.263","E2004701A0000000000025","W1-D-000037","E2004701B0000000000025","W1-W-000037",12.89767200,77.58915200
2470,"7000000038","Zone A - Division 1 - Ward 1 - Block 1","Individual HHs","1-38","1st Floor","Tenant","Asha Kumar","8000000038","2",NULL,"2026-08-11 06:38:26.263","2026-08-11 06:38:26.263","E2004701A0000000000026","W1-D-000038","E2004701B0000000000026","W1-W-000038",12.89767400,77.58930200
2471,"7000000039","Zone A - Division 1 - Ward 1 - Block 1","Individual HHs","1-39","2nd Floor","Owner","Pallavi Kumar","8000000039","3",NULL,"2026-08-11 06:38:26.263","2026-08-11 06:38:26.263","E2004701A0000000000027","W1-D-000039","E2004701B0000000000027","W1-W-000039",12.89767600,77.58945200
2472,"7000000040","Zone A - Division 1 - Ward 1 - Block 1","Individual HHs","1-40","3rd Floor","Tenant","Bhavana Kumar","8000000040","4",NULL,"2026-08-11 06:38:26.263","2026-08-11 06:38:26.263","E2004701A0000000000028","W1-D-000040","E2004701B0000000000028","W1-W-000040",12.89767800,77.58960200
2473,"7000000041","Zone A - Division 1 - Ward 1 - Block 1","Individual HHs","1-41","Ground floor","Owner","Aarav Sharma","8000000041","5",NULL,"2026-08-11 06:38:26.263","2026-08-11 06:38:26.263","E2004701A0000000000029","W1-D-000041","E2004701B0000000000029","W1-W-000041",12.89768000,77.58975200
2474,"7000000042","Zone A - Division 1 - Ward 1 - Block 1","Individual HHs","1-42","1st Floor","Tenant","Vihaan Sharma","8000000042","6",NULL,"2026-08-11 06:38:26.263","2026-08-11 06:38:26.263","E2004701A000000000002A","W1-D-000042","E2004701B000000000002A","W1-W-000042",12.89768200,77.58990200
2475,"7000000043","Zone A - Division 1 - Ward 1 - Block 1","Individual HHs","1-43","2nd Floor","Owner","Aditya Sharma","8000000043","1",NULL,"2026-08-11 06:38:26.263","2026-08-11 06:38:26.263","E2004701A000000000002B","W1-D-000043","E2004701B000000000002B","W1-W-000043",12.89768400,77.59005200
2476,"7000000044","Zone A - Division 1 - Ward 1 - Block 1","Individual HHs","1-44","3rd Floor","Tenant","Arjun Sharma","8000000044","2",NULL,"2026-08-11 06:38:26.263","2026-08-11 06:38:26.263","E2004701A000000000002C","W1-D-000044","E2004701B000000000002C","W1-W-000044",12.89768600,77.59020200
2477,"7000000045","Zone A - Division 1 - Ward 1 - Block 1","Individual HHs","1-45","Ground floor","Owner","Rohan Sharma","8000000045","3",NULL,"2026-08-11 06:38:26.263","2026-08-11 06:38:26.263","E2004701A000000000002D","W1-D-000045","E2004701B000000000002D","W1-W-000045",12.89768800,77.59035200
2478,"7000000046","Zone A - Division 1 - Ward 1 - Block 1","Individual HHs","1-46","1st Floor","Tenant","Rahul Sharma","8000000046","4",NULL,"2026-08-11 06:38:26.263","2026-08-11 06:38:26.263","E2004701A000000000002E","W1-D-000046","E2004701B000000000002E","W1-W-000046",12.89769000,77.59050200
2479,"7000000047","Zone A - Division 1 - Ward 1 - Block 1","Individual HHs","1-47","2nd Floor","Owner","Karthik Sharma","8000000047","5",NULL,"2026-08-11 06:38:26.263","2026-08-11 06:38:26.263","E2004701A000000000002F","W1-D-000047","E2004701B000000000002F","W1-W-000047",12.89769200,77.59065200
2480,"7000000048","Zone A - Division 1 - Ward 1 - Block 1","Individual HHs","1-48","3rd Floor","Tenant","Vikram Sharma","8000000048","6",NULL,"2026-08-11 06:38:26.263","2026-08-11 06:38:26.263","E2004701A0000000000030","W1-D-000048","E2004701B0000000000030","W1-W-000048",12.89769400,77.59080200
2481,"7000000049","Zone A - Division 1 - Ward 1 - Block 1","Individual HHs","1-49","Ground floor","Owner","Akash Sharma","8000000049","1",NULL,"2026-08-11 06:38:26.263","2026-08-11 06:38:26.263","E2004701A0000000000031","W1-D-000049","E2004701B0000000000031","W1-W-000049",12.89769600,77.59095200
2482,"7000000050","Zone A - Division 1 - Ward 1 - Block 1","Individual HHs","1-50","1st Floor","Tenant","Siddharth Sharma","8000000050","2",NULL,"2026-08-11 06:38:26.263","2026-08-11 06:38:26.263","E2004701A0000000000032","W1-D-000050","E2004701B0000000000032","W1-W-000050",12.89769800,77.59110200
2483,"7000000051","Zone A - Division 1 - Ward 1 - Block 1","Individual HHs","2-01","2nd Floor","Owner","Ananya Sharma","8000000051","3",NULL,"2026-08-11 06:38:26.263","2026-08-11 06:38:26.263","E2004701A0000000000033","W1-D-000051","E2004701B0000000000033","W1-W-000051",12.89780000,77.58750400
2484,"7000000052","Zone A - Division 1 - Ward 1 - Block 1","Individual HHs","2-02","3rd Floor","Tenant","Aadhya Sharma","8000000052","4",NULL,"2026-08-11 06:38:26.263","2026-08-11 06:38:26.263","E2004701A0000000000034","W1-D-000052","E2004701B0000000000034","W1-W-000052",12.89780200,77.58765400
2485,"7000000053","Zone A - Division 1 - Ward 1 - Block 1","Individual HHs","2-03","Ground floor","Owner","Diya Sharma","8000000053","5",NULL,"2026-08-11 06:38:26.263","2026-08-11 06:38:26.263","E2004701A0000000000035","W1-D-000053","E2004701B0000000000035","W1-W-000053",12.89780400,77.58780400
2486,"7000000054","Zone A - Division 1 - Ward 1 - Block 1","Individual HHs","2-04","1st Floor","Tenant","Ishita Sharma","8000000054","6",NULL,"2026-08-11 06:38:26.263","2026-08-11 06:38:26.263","E2004701A0000000000036","W1-D-000054","E2004701B0000000000036","W1-W-000054",12.89780600,77.58795400
2487,"7000000055","Zone A - Division 1 - Ward 1 - Block 1","Individual HHs","2-05","2nd Floor","Owner","Kavya Sharma","8000000055","1",NULL,"2026-08-11 06:38:26.263","2026-08-11 06:38:26.263","E2004701A0000000000037","W1-D-000055","E2004701B0000000000037","W1-W-000055",12.89780800,77.58810400
2488,"7000000056","Zone A - Division 1 - Ward 1 - Block 1","Individual HHs","2-06","3rd Floor","Tenant","Meera Sharma","8000000056","2",NULL,"2026-08-11 06:38:26.263","2026-08-11 06:38:26.263","E2004701A0000000000038","W1-D-000056","E2004701B0000000000038","W1-W-000056",12.89781000,77.58825400
2489,"7000000057","Zone A - Division 1 - Ward 1 - Block 1","Individual HHs","2-07","Ground floor","Owner","Sneha Sharma","8000000057","3",NULL,"2026-08-11 06:38:26.263","2026-08-11 06:38:26.263","E2004701A0000000000039","W1-D-000057","E2004701B0000000000039","W1-W-000057",12.89781200,77.58840400
2490,"7000000058","Zone A - Division 1 - Ward 1 - Block 1","Individual HHs","2-08","1st Floor","Tenant","Pooja Sharma","8000000058","4",NULL,"2026-08-11 06:38:26.263","2026-08-11 06:38:26.263","E2004701A000000000003A","W1-D-000058","E2004701B000000000003A","W1-W-000058",12.89781400,77.58855400
2491,"7000000059","Zone A - Division 1 - Ward 1 - Block 1","Individual HHs","2-09","2nd Floor","Owner","Riya Sharma","8000000059","5",NULL,"2026-08-11 06:38:26.263","2026-08-11 06:38:26.263","E2004701A000000000003B","W1-D-000059","E2004701B000000000003B","W1-W-000059",12.89781600,77.58870400
2492,"7000000060","Zone A - Division 1 - Ward 1 - Block 1","Individual HHs","2-10","3rd Floor","Tenant","Nandini Sharma","8000000060","6",NULL,"2026-08-11 06:38:26.263","2026-08-11 06:38:26.263","E2004701A000000000003C","W1-D-000060","E2004701B000000000003C","W1-W-000060",12.89781800,77.58885400
2493,"7000000061","Zone A - Division 1 - Ward 1 - Block 1","Individual HHs","2-11","Ground floor","Owner","Sanjay Sharma","8000000061","1",NULL,"2026-08-11 06:38:26.263","2026-08-11 06:38:26.263","E2004701A000000000003D","W1-D-000061","E2004701B000000000003D","W1-W-000061",12.89782000,77.58900400
2494,"7000000062","Zone A - Division 1 - Ward 1 - Block 1","Individual HHs","2-12","1st Floor","Tenant","Manoj Sharma","8000000062","2",NULL,"2026-08-11 06:38:26.263","2026-08-11 06:38:26.263","E2004701A000000000003E","W1-D-000062","E2004701B000000000003E","W1-W-000062",12.89782200,77.58915400
2495,"7000000063","Zone A - Division 1 - Ward 1 - Block 1","Individual HHs","2-13","2nd Floor","Owner","Suresh Sharma","8000000063","3",NULL,"2026-08-11 06:38:26.263","2026-08-11 06:38:26.263","E2004701A000000000003F","W1-D-000063","E2004701B000000000003F","W1-W-000063",12.89782400,77.58930400
2496,"7000000064","Zone A - Division 1 - Ward 1 - Block 1","Individual HHs","2-14","3rd Floor","Tenant","Mahesh Sharma","8000000064","4",NULL,"2026-08-11 06:38:26.263","2026-08-11 06:38:26.263","E2004701A0000000000040","W1-D-000064","E2004701B0000000000040","W1-W-000064",12.89782600,77.58945400
2497,"7000000065","Zone A - Division 1 - Ward 1 - Block 1","Individual HHs","2-15","Ground floor","Owner","Prakash Sharma","8000000065","5",NULL,"2026-08-11 06:38:26.263","2026-08-11 06:38:26.263","E2004701A0000000000041","W1-D-000065","E2004701B0000000000041","W1-W-000065",12.89782800,77.58960400
2498,"7000000066","Zone A - Division 1 - Ward 1 - Block 1","Individual HHs","2-16","1st Floor","Tenant","Ramesh Sharma","8000000066","6",NULL,"2026-08-11 06:38:26.263","2026-08-11 06:38:26.263","E2004701A0000000000042","W1-D-000066","E2004701B0000000000042","W1-W-000066",12.89783000,77.58975400
2499,"7000000067","Zone A - Division 1 - Ward 1 - Block 1","Individual HHs","2-17","2nd Floor","Owner","Ganesh Sharma","8000000067","1",NULL,"2026-08-11 06:38:26.263","2026-08-11 06:38:26.263","E2004701A0000000000043","W1-D-000067","E2004701B0000000000043","W1-W-000067",12.89783200,77.58990400
2500,"7000000068","Zone A - Division 1 - Ward 1 - Block 1","Individual HHs","2-18","3rd Floor","Tenant","Dinesh Sharma","8000000068","2",NULL,"2026-08-11 06:38:26.263","2026-08-11 06:38:26.263","E2004701A0000000000044","W1-D-000068","E2004701B0000000000044","W1-W-000068",12.89783400,77.59005400
2501,"7000000069","Zone A - Division 1 - Ward 1 - Block 1","Individual HHs","2-19","Ground floor","Owner","Nikhil Sharma","8000000069","3",NULL,"2026-08-11 06:38:26.263","2026-08-11 06:38:26.263","E2004701A0000000000045","W1-D-000069","E2004701B0000000000045","W1-W-000069",12.89783600,77.59020400
2502,"7000000070","Zone A - Division 1 - Ward 1 - Block 1","Individual HHs","2-20","1st Floor","Tenant","Varun Sharma","8000000070","4",NULL,"2026-08-11 06:38:26.263","2026-08-11 06:38:26.263","E2004701A0000000000046","W1-D-000070","E2004701B0000000000046","W1-W-000070",12.89783800,77.59035400
2503,"7000000071","Zone A - Division 1 - Ward 1 - Block 1","Individual HHs","2-21","2nd Floor","Owner","Priya Sharma","8000000071","5",NULL,"2026-08-11 06:38:26.263","2026-08-11 06:38:26.263","E2004701A0000000000047","W1-D-000071","E2004701B0000000000047","W1-W-000071",12.89784000,77.59050400
2504,"7000000072","Zone A - Division 1 - Ward 1 - Block 1","Individual HHs","2-22","3rd Floor","Tenant","Divya Sharma","8000000072","6",NULL,"2026-08-11 06:38:26.263","2026-08-11 06:38:26.263","E2004701A0000000000048","W1-D-000072","E2004701B0000000000048","W1-W-000072",12.89784200,77.59065400
2505,"7000000073","Zone A - Division 1 - Ward 1 - Block 1","Individual HHs","2-23","Ground floor","Owner","Swathi Sharma","8000000073","1",NULL,"2026-08-11 06:38:26.263","2026-08-11 06:38:26.263","E2004701A0000000000049","W1-D-000073","E2004701B0000000000049","W1-W-000073",12.89784400,77.59080400
2506,"7000000074","Zone A - Division 1 - Ward 1 - Block 1","Individual HHs","2-24","1st Floor","Tenant","Shreya Sharma","8000000074","2",NULL,"2026-08-11 06:38:26.263","2026-08-11 06:38:26.263","E2004701A000000000004A","W1-D-000074","E2004701B000000000004A","W1-W-000074",12.89784600,77.59095400
2507,"7000000075","Zone A - Division 1 - Ward 1 - Block 1","Individual HHs","2-25","2nd Floor","Owner","Keerthi Sharma","8000000075","3",NULL,"2026-08-11 06:38:26.263","2026-08-11 06:38:26.263","E2004701A000000000004B","W1-D-000075","E2004701B000000000004B","W1-W-000075",12.89784800,77.59110400
2508,"7000000076","Zone A - Division 1 - Ward 1 - Block 1","Individual HHs","2-26","3rd Floor","Tenant","Lakshmi Sharma","8000000076","4",NULL,"2026-08-11 06:38:26.263","2026-08-11 06:38:26.263","E2004701A000000000004C","W1-D-000076","E2004701B000000000004C","W1-W-000076",12.89795000,77.58750600
2509,"7000000077","Zone A - Division 1 - Ward 1 - Block 1","Individual HHs","2-27","Ground floor","Owner","Deepa Sharma","8000000077","5",NULL,"2026-08-11 06:38:26.263","2026-08-11 06:38:26.263","E2004701A000000000004D","W1-D-000077","E2004701B000000000004D","W1-W-000077",12.89795200,77.58765600
2510,"7000000078","Zone A - Division 1 - Ward 1 - Block 1","Individual HHs","2-28","1st Floor","Tenant","Asha Sharma","8000000078","6",NULL,"2026-08-11 06:38:26.263","2026-08-11 06:38:26.263","E2004701A000000000004E","W1-D-000078","E2004701B000000000004E","W1-W-000078",12.89795400,77.58780600
2511,"7000000079","Zone A - Division 1 - Ward 1 - Block 1","Individual HHs","2-29","2nd Floor","Owner","Pallavi Sharma","8000000079","1",NULL,"2026-08-11 06:38:26.263","2026-08-11 06:38:26.263","E2004701A000000000004F","W1-D-000079","E2004701B000000000004F","W1-W-000079",12.89795600,77.58795600
2512,"7000000080","Zone A - Division 1 - Ward 1 - Block 1","Individual HHs","2-30","3rd Floor","Tenant","Bhavana Sharma","8000000080","2",NULL,"2026-08-11 06:38:26.263","2026-08-11 06:38:26.263","E2004701A0000000000050","W1-D-000080","E2004701B0000000000050","W1-W-000080",12.89795800,77.58810600
2513,"7000000081","Zone A - Division 1 - Ward 1 - Block 1","Individual HHs","2-31","Ground floor","Owner","Aarav Reddy","8000000081","3",NULL,"2026-08-11 06:38:26.263","2026-08-11 06:38:26.263","E2004701A0000000000051","W1-D-000081","E2004701B0000000000051","W1-W-000081",12.89796000,77.58825600
2514,"7000000082","Zone A - Division 1 - Ward 1 - Block 1","Individual HHs","2-32","1st Floor","Tenant","Vihaan Reddy","8000000082","4",NULL,"2026-08-11 06:38:26.263","2026-08-11 06:38:26.263","E2004701A0000000000052","W1-D-000082","E2004701B0000000000052","W1-W-000082",12.89796200,77.58840600
2515,"7000000083","Zone A - Division 1 - Ward 1 - Block 1","Individual HHs","2-33","2nd Floor","Owner","Aditya Reddy","8000000083","5",NULL,"2026-08-11 06:38:26.263","2026-08-11 06:38:26.263","E2004701A0000000000053","W1-D-000083","E2004701B0000000000053","W1-W-000083",12.89796400,77.58855600
2516,"7000000084","Zone A - Division 1 - Ward 1 - Block 1","Individual HHs","2-34","3rd Floor","Tenant","Arjun Reddy","8000000084","6",NULL,"2026-08-11 06:38:26.263","2026-08-11 06:38:26.263","E2004701A0000000000054","W1-D-000084","E2004701B0000000000054","W1-W-000084",12.89796600,77.58870600
2517,"7000000085","Zone A - Division 1 - Ward 1 - Block 1","Individual HHs","2-35","Ground floor","Owner","Rohan Reddy","8000000085","1",NULL,"2026-08-11 06:38:26.263","2026-08-11 06:38:26.263","E2004701A0000000000055","W1-D-000085","E2004701B0000000000055","W1-W-000085",12.89796800,77.58885600
2518,"7000000086","Zone A - Division 1 - Ward 1 - Block 1","Individual HHs","2-36","1st Floor","Tenant","Rahul Reddy","8000000086","2",NULL,"2026-08-11 06:38:26.263","2026-08-11 06:38:26.263","E2004701A0000000000056","W1-D-000086","E2004701B0000000000056","W1-W-000086",12.89797000,77.58900600
2519,"7000000087","Zone A - Division 1 - Ward 1 - Block 1","Individual HHs","2-37","2nd Floor","Owner","Karthik Reddy","8000000087","3",NULL,"2026-08-11 06:38:26.263","2026-08-11 06:38:26.263","E2004701A0000000000057","W1-D-000087","E2004701B0000000000057","W1-W-000087",12.89797200,77.58915600
2520,"7000000088","Zone A - Division 1 - Ward 1 - Block 1","Individual HHs","2-38","3rd Floor","Tenant","Vikram Reddy","8000000088","4",NULL,"2026-08-11 06:38:26.263","2026-08-11 06:38:26.263","E2004701A0000000000058","W1-D-000088","E2004701B0000000000058","W1-W-000088",12.89797400,77.58930600
2521,"7000000089","Zone A - Division 1 - Ward 1 - Block 1","Individual HHs","2-39","Ground floor","Owner","Akash Reddy","8000000089","5",NULL,"2026-08-11 06:38:26.263","2026-08-11 06:38:26.263","E2004701A0000000000059","W1-D-000089","E2004701B0000000000059","W1-W-000089",12.89797600,77.58945600
2522,"7000000090","Zone A - Division 1 - Ward 1 - Block 1","Individual HHs","2-40","1st Floor","Tenant","Siddharth Reddy","8000000090","6",NULL,"2026-08-11 06:38:26.263","2026-08-11 06:38:26.263","E2004701A000000000005A","W1-D-000090","E2004701B000000000005A","W1-W-000090",12.89797800,77.58960600
2523,"7000000091","Zone A - Division 1 - Ward 1 - Block 1","Individual HHs","2-41","2nd Floor","Owner","Ananya Reddy","8000000091","1",NULL,"2026-08-11 06:38:26.263","2026-08-11 06:38:26.263","E2004701A000000000005B","W1-D-000091","E2004701B000000000005B","W1-W-000091",12.89798000,77.58975600
2524,"7000000092","Zone A - Division 1 - Ward 1 - Block 1","Individual HHs","2-42","3rd Floor","Tenant","Aadhya Reddy","8000000092","2",NULL,"2026-08-11 06:38:26.263","2026-08-11 06:38:26.263","E2004701A000000000005C","W1-D-000092","E2004701B000000000005C","W1-W-000092",12.89798200,77.58990600
2525,"7000000093","Zone A - Division 1 - Ward 1 - Block 1","Individual HHs","2-43","Ground floor","Owner","Diya Reddy","8000000093","3",NULL,"2026-08-11 06:38:26.263","2026-08-11 06:38:26.263","E2004701A000000000005D","W1-D-000093","E2004701B000000000005D","W1-W-000093",12.89798400,77.59005600
2526,"7000000094","Zone A - Division 1 - Ward 1 - Block 1","Individual HHs","2-44","1st Floor","Tenant","Ishita Reddy","8000000094","4",NULL,"2026-08-11 06:38:26.263","2026-08-11 06:38:26.263","E2004701A000000000005E","W1-D-000094","E2004701B000000000005E","W1-W-000094",12.89798600,77.59020600
2527,"7000000095","Zone A - Division 1 - Ward 1 - Block 1","Individual HHs","2-45","2nd Floor","Owner","Kavya Reddy","8000000095","5",NULL,"2026-08-11 06:38:26.263","2026-08-11 06:38:26.263","E2004701A000000000005F","W1-D-000095","E2004701B000000000005F","W1-W-000095",12.89798800,77.59035600
2528,"7000000096","Zone A - Division 1 - Ward 1 - Block 1","Individual HHs","2-46","3rd Floor","Tenant","Meera Reddy","8000000096","6",NULL,"2026-08-11 06:38:26.263","2026-08-11 06:38:26.263","E2004701A0000000000060","W1-D-000096","E2004701B0000000000060","W1-W-000096",12.89799000,77.59050600
2529,"7000000097","Zone A - Division 1 - Ward 1 - Block 1","Individual HHs","2-47","Ground floor","Owner","Sneha Reddy","8000000097","1",NULL,"2026-08-11 06:38:26.263","2026-08-11 06:38:26.263","E2004701A0000000000061","W1-D-000097","E2004701B0000000000061","W1-W-000097",12.89799200,77.59065600
2530,"7000000098","Zone A - Division 1 - Ward 1 - Block 1","Individual HHs","2-48","1st Floor","Tenant","Pooja Reddy","8000000098","2",NULL,"2026-08-11 06:38:26.263","2026-08-11 06:38:26.263","E2004701A0000000000062","W1-D-000098","E2004701B0000000000062","W1-W-000098",12.89799400,77.59080600
2531,"7000000099","Zone A - Division 1 - Ward 1 - Block 1","Individual HHs","2-49","2nd Floor","Owner","Riya Reddy","8000000099","3",NULL,"2026-08-11 06:38:26.263","2026-08-11 06:38:26.263","E2004701A0000000000063","W1-D-000099","E2004701B0000000000063","W1-W-000099",12.89799600,77.59095600
2532,"7000000100","Zone A - Division 1 - Ward 1 - Block 1","Individual HHs","2-50","3rd Floor","Tenant","Nandini Reddy","8000000100","4",NULL,"2026-08-11 06:38:26.263","2026-08-11 06:38:26.263","E2004701A0000000000064","W1-D-000100","E2004701B0000000000064","W1-W-000100",12.89799800,77.59110600
2533,"7000000101","Zone A - Division 1 - Ward 1 - Block 2","Individual HHs","3-01","Ground floor","Owner","Sanjay Reddy","8000000101","5",NULL,"2026-08-11 06:38:26.263","2026-08-11 06:38:26.263","E2004701A0000000000065","W1-D-000101","E2004701B0000000000065","W1-W-000101",12.89810000,77.58750800
2534,"7000000102","Zone A - Division 1 - Ward 1 - Block 2","Individual HHs","3-02","1st Floor","Tenant","Manoj Reddy","8000000102","6",NULL,"2026-08-11 06:38:26.263","2026-08-11 06:38:26.263","E2004701A0000000000066","W1-D-000102","E2004701B0000000000066","W1-W-000102",12.89810200,77.58765800
2535,"7000000103","Zone A - Division 1 - Ward 1 - Block 2","Individual HHs","3-03","2nd Floor","Owner","Suresh Reddy","8000000103","1",NULL,"2026-08-11 06:38:26.263","2026-08-11 06:38:26.263","E2004701A0000000000067","W1-D-000103","E2004701B0000000000067","W1-W-000103",12.89810400,77.58780800
2536,"7000000104","Zone A - Division 1 - Ward 1 - Block 2","Individual HHs","3-04","3rd Floor","Tenant","Mahesh Reddy","8000000104","2",NULL,"2026-08-11 06:38:26.263","2026-08-11 06:38:26.263","E2004701A0000000000068","W1-D-000104","E2004701B0000000000068","W1-W-000104",12.89810600,77.58795800
2537,"7000000105","Zone A - Division 1 - Ward 1 - Block 2","Individual HHs","3-05","Ground floor","Owner","Prakash Reddy","8000000105","3",NULL,"2026-08-11 06:38:26.263","2026-08-11 06:38:26.263","E2004701A0000000000069","W1-D-000105","E2004701B0000000000069","W1-W-000105",12.89810800,77.58810800
2538,"7000000106","Zone A - Division 1 - Ward 1 - Block 2","Individual HHs","3-06","1st Floor","Tenant","Ramesh Reddy","8000000106","4",NULL,"2026-08-11 06:38:26.263","2026-08-11 06:38:26.263","E2004701A000000000006A","W1-D-000106","E2004701B000000000006A","W1-W-000106",12.89811000,77.58825800
2539,"7000000107","Zone A - Division 1 - Ward 1 - Block 2","Individual HHs","3-07","2nd Floor","Owner","Ganesh Reddy","8000000107","5",NULL,"2026-08-11 06:38:26.263","2026-08-11 06:38:26.263","E2004701A000000000006B","W1-D-000107","E2004701B000000000006B","W1-W-000107",12.89811200,77.58840800
2540,"7000000108","Zone A - Division 1 - Ward 1 - Block 2","Individual HHs","3-08","3rd Floor","Tenant","Dinesh Reddy","8000000108","6",NULL,"2026-08-11 06:38:26.263","2026-08-11 06:38:26.263","E2004701A000000000006C","W1-D-000108","E2004701B000000000006C","W1-W-000108",12.89811400,77.58855800
2541,"7000000109","Zone A - Division 1 - Ward 1 - Block 2","Individual HHs","3-09","Ground floor","Owner","Nikhil Reddy","8000000109","1",NULL,"2026-08-11 06:38:26.263","2026-08-11 06:38:26.263","E2004701A000000000006D","W1-D-000109","E2004701B000000000006D","W1-W-000109",12.89811600,77.58870800
2542,"7000000110","Zone A - Division 1 - Ward 1 - Block 2","Individual HHs","3-10","1st Floor","Tenant","Varun Reddy","8000000110","2",NULL,"2026-08-11 06:38:26.263","2026-08-11 06:38:26.263","E2004701A000000000006E","W1-D-000110","E2004701B000000000006E","W1-W-000110",12.89811800,77.58885800
2543,"7000000111","Zone A - Division 1 - Ward 1 - Block 2","Individual HHs","3-11","2nd Floor","Owner","Priya Reddy","8000000111","3",NULL,"2026-08-11 06:38:26.263","2026-08-11 06:38:26.263","E2004701A000000000006F","W1-D-000111","E2004701B000000000006F","W1-W-000111",12.89812000,77.58900800
2544,"7000000112","Zone A - Division 1 - Ward 1 - Block 2","Individual HHs","3-12","3rd Floor","Tenant","Divya Reddy","8000000112","4",NULL,"2026-08-11 06:38:26.263","2026-08-11 06:38:26.263","E2004701A0000000000070","W1-D-000112","E2004701B0000000000070","W1-W-000112",12.89812200,77.58915800
2545,"7000000113","Zone A - Division 1 - Ward 1 - Block 2","Individual HHs","3-13","Ground floor","Owner","Swathi Reddy","8000000113","5",NULL,"2026-08-11 06:38:26.263","2026-08-11 06:38:26.263","E2004701A0000000000071","W1-D-000113","E2004701B0000000000071","W1-W-000113",12.89812400,77.58930800
2546,"7000000114","Zone A - Division 1 - Ward 1 - Block 2","Individual HHs","3-14","1st Floor","Tenant","Shreya Reddy","8000000114","6",NULL,"2026-08-11 06:38:26.263","2026-08-11 06:38:26.263","E2004701A0000000000072","W1-D-000114","E2004701B0000000000072","W1-W-000114",12.89812600,77.58945800
2547,"7000000115","Zone A - Division 1 - Ward 1 - Block 2","Individual HHs","3-15","2nd Floor","Owner","Keerthi Reddy","8000000115","1",NULL,"2026-08-11 06:38:26.263","2026-08-11 06:38:26.263","E2004701A0000000000073","W1-D-000115","E2004701B0000000000073","W1-W-000115",12.89812800,77.58960800
2548,"7000000116","Zone A - Division 1 - Ward 1 - Block 2","Individual HHs","3-16","3rd Floor","Tenant","Lakshmi Reddy","8000000116","2",NULL,"2026-08-11 06:38:26.263","2026-08-11 06:38:26.263","E2004701A0000000000074","W1-D-000116","E2004701B0000000000074","W1-W-000116",12.89813000,77.58975800
2549,"7000000117","Zone A - Division 1 - Ward 1 - Block 2","Individual HHs","3-17","Ground floor","Owner","Deepa Reddy","8000000117","3",NULL,"2026-08-11 06:38:26.263","2026-08-11 06:38:26.263","E2004701A0000000000075","W1-D-000117","E2004701B0000000000075","W1-W-000117",12.89813200,77.58990800
2550,"7000000118","Zone A - Division 1 - Ward 1 - Block 2","Individual HHs","3-18","1st Floor","Tenant","Asha Reddy","8000000118","4",NULL,"2026-08-11 06:38:26.263","2026-08-11 06:38:26.263","E2004701A0000000000076","W1-D-000118","E2004701B0000000000076","W1-W-000118",12.89813400,77.59005800
2551,"7000000119","Zone A - Division 1 - Ward 1 - Block 2","Individual HHs","3-19","2nd Floor","Owner","Pallavi Reddy","8000000119","5",NULL,"2026-08-11 06:38:26.263","2026-08-11 06:38:26.263","E2004701A0000000000077","W1-D-000119","E2004701B0000000000077","W1-W-000119",12.89813600,77.59020800
2552,"7000000120","Zone A - Division 1 - Ward 1 - Block 2","Individual HHs","3-20","3rd Floor","Tenant","Bhavana Reddy","8000000120","6",NULL,"2026-08-11 06:38:26.263","2026-08-11 06:38:26.263","E2004701A0000000000078","W1-D-000120","E2004701B0000000000078","W1-W-000120",12.89813800,77.59035800
2553,"7000000121","Zone A - Division 1 - Ward 1 - Block 2","Individual HHs","3-21","Ground floor","Owner","Aarav Shetty","8000000121","1",NULL,"2026-08-11 06:38:26.263","2026-08-11 06:38:26.263","E2004701A0000000000079","W1-D-000121","E2004701B0000000000079","W1-W-000121",12.89814000,77.59050800
2554,"7000000122","Zone A - Division 1 - Ward 1 - Block 2","Individual HHs","3-22","1st Floor","Tenant","Vihaan Shetty","8000000122","2",NULL,"2026-08-11 06:38:26.263","2026-08-11 06:38:26.263","E2004701A000000000007A","W1-D-000122","E2004701B000000000007A","W1-W-000122",12.89814200,77.59065800
2555,"7000000123","Zone A - Division 1 - Ward 1 - Block 2","Individual HHs","3-23","2nd Floor","Owner","Aditya Shetty","8000000123","3",NULL,"2026-08-11 06:38:26.263","2026-08-11 06:38:26.263","E2004701A000000000007B","W1-D-000123","E2004701B000000000007B","W1-W-000123",12.89814400,77.59080800
2556,"7000000124","Zone A - Division 1 - Ward 1 - Block 2","Individual HHs","3-24","3rd Floor","Tenant","Arjun Shetty","8000000124","4",NULL,"2026-08-11 06:38:26.263","2026-08-11 06:38:26.263","E2004701A000000000007C","W1-D-000124","E2004701B000000000007C","W1-W-000124",12.89814600,77.59095800
2557,"7000000125","Zone A - Division 1 - Ward 1 - Block 2","Individual HHs","3-25","Ground floor","Owner","Rohan Shetty","8000000125","5",NULL,"2026-08-11 06:38:26.263","2026-08-11 06:38:26.263","E2004701A000000000007D","W1-D-000125","E2004701B000000000007D","W1-W-000125",12.89814800,77.59110800
2558,"7000000126","Zone A - Division 1 - Ward 1 - Block 2","Individual HHs","3-26","1st Floor","Tenant","Rahul Shetty","8000000126","6",NULL,"2026-08-11 06:38:26.263","2026-08-11 06:38:26.263","E2004701A000000000007E","W1-D-000126","E2004701B000000000007E","W1-W-000126",12.89825000,77.58751000
2559,"7000000127","Zone A - Division 1 - Ward 1 - Block 2","Individual HHs","3-27","2nd Floor","Owner","Karthik Shetty","8000000127","1",NULL,"2026-08-11 06:38:26.263","2026-08-11 06:38:26.263","E2004701A000000000007F","W1-D-000127","E2004701B000000000007F","W1-W-000127",12.89825200,77.58766000
2560,"7000000128","Zone A - Division 1 - Ward 1 - Block 2","Individual HHs","3-28","3rd Floor","Tenant","Vikram Shetty","8000000128","2",NULL,"2026-08-11 06:38:26.263","2026-08-11 06:38:26.263","E2004701A0000000000080","W1-D-000128","E2004701B0000000000080","W1-W-000128",12.89825400,77.58781000
2561,"7000000129","Zone A - Division 1 - Ward 1 - Block 2","Individual HHs","3-29","Ground floor","Owner","Akash Shetty","8000000129","3",NULL,"2026-08-11 06:38:26.263","2026-08-11 06:38:26.263","E2004701A0000000000081","W1-D-000129","E2004701B0000000000081","W1-W-000129",12.89825600,77.58796000
2562,"7000000130","Zone A - Division 1 - Ward 1 - Block 2","Individual HHs","3-30","1st Floor","Tenant","Siddharth Shetty","8000000130","4",NULL,"2026-08-11 06:38:26.263","2026-08-11 06:38:26.263","E2004701A0000000000082","W1-D-000130","E2004701B0000000000082","W1-W-000130",12.89825800,77.58811000
2563,"7000000131","Zone A - Division 1 - Ward 1 - Block 2","Individual HHs","3-31","2nd Floor","Owner","Ananya Shetty","8000000131","5",NULL,"2026-08-11 06:38:26.263","2026-08-11 06:38:26.263","E2004701A0000000000083","W1-D-000131","E2004701B0000000000083","W1-W-000131",12.89826000,77.58826000
2564,"7000000132","Zone A - Division 1 - Ward 1 - Block 2","Individual HHs","3-32","3rd Floor","Tenant","Aadhya Shetty","8000000132","6",NULL,"2026-08-11 06:38:26.263","2026-08-11 06:38:26.263","E2004701A0000000000084","W1-D-000132","E2004701B0000000000084","W1-W-000132",12.89826200,77.58841000
2565,"7000000133","Zone A - Division 1 - Ward 1 - Block 2","Individual HHs","3-33","Ground floor","Owner","Diya Shetty","8000000133","1",NULL,"2026-08-11 06:38:26.263","2026-08-11 06:38:26.263","E2004701A0000000000085","W1-D-000133","E2004701B0000000000085","W1-W-000133",12.89826400,77.58856000
2566,"7000000134","Zone A - Division 1 - Ward 1 - Block 2","Individual HHs","3-34","1st Floor","Tenant","Ishita Shetty","8000000134","2",NULL,"2026-08-11 06:38:26.263","2026-08-11 06:38:26.263","E2004701A0000000000086","W1-D-000134","E2004701B0000000000086","W1-W-000134",12.89826600,77.58871000
2567,"7000000135","Zone A - Division 1 - Ward 1 - Block 2","Individual HHs","3-35","2nd Floor","Owner","Kavya Shetty","8000000135","3",NULL,"2026-08-11 06:38:26.263","2026-08-11 06:38:26.263","E2004701A0000000000087","W1-D-000135","E2004701B0000000000087","W1-W-000135",12.89826800,77.58886000
2568,"7000000136","Zone A - Division 1 - Ward 1 - Block 2","Individual HHs","3-36","3rd Floor","Tenant","Meera Shetty","8000000136","4",NULL,"2026-08-11 06:38:26.263","2026-08-11 06:38:26.263","E2004701A0000000000088","W1-D-000136","E2004701B0000000000088","W1-W-000136",12.89827000,77.58901000
2569,"7000000137","Zone A - Division 1 - Ward 1 - Block 2","Individual HHs","3-37","Ground floor","Owner","Sneha Shetty","8000000137","5",NULL,"2026-08-11 06:38:26.263","2026-08-11 06:38:26.263","E2004701A0000000000089","W1-D-000137","E2004701B0000000000089","W1-W-000137",12.89827200,77.58916000
2570,"7000000138","Zone A - Division 1 - Ward 1 - Block 2","Individual HHs","3-38","1st Floor","Tenant","Pooja Shetty","8000000138","6",NULL,"2026-08-11 06:38:26.263","2026-08-11 06:38:26.263","E2004701A000000000008A","W1-D-000138","E2004701B000000000008A","W1-W-000138",12.89827400,77.58931000
2571,"7000000139","Zone A - Division 1 - Ward 1 - Block 2","Individual HHs","3-39","2nd Floor","Owner","Riya Shetty","8000000139","1",NULL,"2026-08-11 06:38:26.263","2026-08-11 06:38:26.263","E2004701A000000000008B","W1-D-000139","E2004701B000000000008B","W1-W-000139",12.89827600,77.58946000
2572,"7000000140","Zone A - Division 1 - Ward 1 - Block 2","Individual HHs","3-40","3rd Floor","Tenant","Nandini Shetty","8000000140","2",NULL,"2026-08-11 06:38:26.263","2026-08-11 06:38:26.263","E2004701A000000000008C","W1-D-000140","E2004701B000000000008C","W1-W-000140",12.89827800,77.58961000
2573,"7000000141","Zone A - Division 1 - Ward 1 - Block 2","Individual HHs","3-41","Ground floor","Owner","Sanjay Shetty","8000000141","3",NULL,"2026-08-11 06:38:26.263","2026-08-11 06:38:26.263","E2004701A000000000008D","W1-D-000141","E2004701B000000000008D","W1-W-000141",12.89828000,77.58976000
2574,"7000000142","Zone A - Division 1 - Ward 1 - Block 2","Individual HHs","3-42","1st Floor","Tenant","Manoj Shetty","8000000142","4",NULL,"2026-08-11 06:38:26.263","2026-08-11 06:38:26.263","E2004701A000000000008E","W1-D-000142","E2004701B000000000008E","W1-W-000142",12.89828200,77.58991000
2575,"7000000143","Zone A - Division 1 - Ward 1 - Block 2","Individual HHs","3-43","2nd Floor","Owner","Suresh Shetty","8000000143","5",NULL,"2026-08-11 06:38:26.263","2026-08-11 06:38:26.263","E2004701A000000000008F","W1-D-000143","E2004701B000000000008F","W1-W-000143",12.89828400,77.59006000
2576,"7000000144","Zone A - Division 1 - Ward 1 - Block 2","Individual HHs","3-44","3rd Floor","Tenant","Mahesh Shetty","8000000144","6",NULL,"2026-08-11 06:38:26.263","2026-08-11 06:38:26.263","E2004701A0000000000090","W1-D-000144","E2004701B0000000000090","W1-W-000144",12.89828600,77.59021000
2577,"7000000145","Zone A - Division 1 - Ward 1 - Block 2","Individual HHs","3-45","Ground floor","Owner","Prakash Shetty","8000000145","1",NULL,"2026-08-11 06:38:26.263","2026-08-11 06:38:26.263","E2004701A0000000000091","W1-D-000145","E2004701B0000000000091","W1-W-000145",12.89828800,77.59036000
2578,"7000000146","Zone A - Division 1 - Ward 1 - Block 2","Individual HHs","3-46","1st Floor","Tenant","Ramesh Shetty","8000000146","2",NULL,"2026-08-11 06:38:26.263","2026-08-11 06:38:26.263","E2004701A0000000000092","W1-D-000146","E2004701B0000000000092","W1-W-000146",12.89829000,77.59051000
2579,"7000000147","Zone A - Division 1 - Ward 1 - Block 2","Individual HHs","3-47","2nd Floor","Owner","Ganesh Shetty","8000000147","3",NULL,"2026-08-11 06:38:26.263","2026-08-11 06:38:26.263","E2004701A0000000000093","W1-D-000147","E2004701B0000000000093","W1-W-000147",12.89829200,77.59066000
2580,"7000000148","Zone A - Division 1 - Ward 1 - Block 2","Individual HHs","3-48","3rd Floor","Tenant","Dinesh Shetty","8000000148","4",NULL,"2026-08-11 06:38:26.263","2026-08-11 06:38:26.263","E2004701A0000000000094","W1-D-000148","E2004701B0000000000094","W1-W-000148",12.89829400,77.59081000
2581,"7000000149","Zone A - Division 1 - Ward 1 - Block 2","Individual HHs","3-49","Ground floor","Owner","Nikhil Shetty","8000000149","5",NULL,"2026-08-11 06:38:26.263","2026-08-11 06:38:26.263","E2004701A0000000000095","W1-D-000149","E2004701B0000000000095","W1-W-000149",12.89829600,77.59096000
2582,"7000000150","Zone A - Division 1 - Ward 1 - Block 2","Individual HHs","3-50","1st Floor","Tenant","Varun Shetty","8000000150","6",NULL,"2026-08-11 06:38:26.263","2026-08-11 06:38:26.263","E2004701A0000000000096","W1-D-000150","E2004701B0000000000096","W1-W-000150",12.89829800,77.59111000
2583,"7000000151","Zone A - Division 1 - Ward 1 - Block 2","Individual HHs","4-01","2nd Floor","Owner","Priya Shetty","8000000151","1",NULL,"2026-08-11 06:38:26.263","2026-08-11 06:38:26.263","E2004701A0000000000097","W1-D-000151","E2004701B0000000000097","W1-W-000151",12.89840000,77.58751200
2584,"7000000152","Zone A - Division 1 - Ward 1 - Block 2","Individual HHs","4-02","3rd Floor","Tenant","Divya Shetty","8000000152","2",NULL,"2026-08-11 06:38:26.263","2026-08-11 06:38:26.263","E2004701A0000000000098","W1-D-000152","E2004701B0000000000098","W1-W-000152",12.89840200,77.58766200
2585,"7000000153","Zone A - Division 1 - Ward 1 - Block 2","Individual HHs","4-03","Ground floor","Owner","Swathi Shetty","8000000153","3",NULL,"2026-08-11 06:38:26.263","2026-08-11 06:38:26.263","E2004701A0000000000099","W1-D-000153","E2004701B0000000000099","W1-W-000153",12.89840400,77.58781200
2586,"7000000154","Zone A - Division 1 - Ward 1 - Block 2","Individual HHs","4-04","1st Floor","Tenant","Shreya Shetty","8000000154","4",NULL,"2026-08-11 06:38:26.263","2026-08-11 06:38:26.263","E2004701A000000000009A","W1-D-000154","E2004701B000000000009A","W1-W-000154",12.89840600,77.58796200
2587,"7000000155","Zone A - Division 1 - Ward 1 - Block 2","Individual HHs","4-05","2nd Floor","Owner","Keerthi Shetty","8000000155","5",NULL,"2026-08-11 06:38:26.263","2026-08-11 06:38:26.263","E2004701A000000000009B","W1-D-000155","E2004701B000000000009B","W1-W-000155",12.89840800,77.58811200
2588,"7000000156","Zone A - Division 1 - Ward 1 - Block 2","Individual HHs","4-06","3rd Floor","Tenant","Lakshmi Shetty","8000000156","6",NULL,"2026-08-11 06:38:26.263","2026-08-11 06:38:26.263","E2004701A000000000009C","W1-D-000156","E2004701B000000000009C","W1-W-000156",12.89841000,77.58826200
2589,"7000000157","Zone A - Division 1 - Ward 1 - Block 2","Individual HHs","4-07","Ground floor","Owner","Deepa Shetty","8000000157","1",NULL,"2026-08-11 06:38:26.263","2026-08-11 06:38:26.263","E2004701A000000000009D","W1-D-000157","E2004701B000000000009D","W1-W-000157",12.89841200,77.58841200
2590,"7000000158","Zone A - Division 1 - Ward 1 - Block 2","Individual HHs","4-08","1st Floor","Tenant","Asha Shetty","8000000158","2",NULL,"2026-08-11 06:38:26.263","2026-08-11 06:38:26.263","E2004701A000000000009E","W1-D-000158","E2004701B000000000009E","W1-W-000158",12.89841400,77.58856200
2591,"7000000159","Zone A - Division 1 - Ward 1 - Block 2","Individual HHs","4-09","2nd Floor","Owner","Pallavi Shetty","8000000159","3",NULL,"2026-08-11 06:38:26.263","2026-08-11 06:38:26.263","E2004701A000000000009F","W1-D-000159","E2004701B000000000009F","W1-W-000159",12.89841600,77.58871200
2592,"7000000160","Zone A - Division 1 - Ward 1 - Block 2","Individual HHs","4-10","3rd Floor","Tenant","Bhavana Shetty","8000000160","4",NULL,"2026-08-11 06:38:26.263","2026-08-11 06:38:26.263","E2004701A00000000000A0","W1-D-000160","E2004701B00000000000A0","W1-W-000160",12.89841800,77.58886200
2593,"7000000161","Zone A - Division 1 - Ward 1 - Block 2","Individual HHs","4-11","Ground floor","Owner","Aarav Gowda","8000000161","5",NULL,"2026-08-11 06:38:26.263","2026-08-11 06:38:26.263","E2004701A00000000000A1","W1-D-000161","E2004701B00000000000A1","W1-W-000161",12.89842000,77.58901200
2594,"7000000162","Zone A - Division 1 - Ward 1 - Block 2","Individual HHs","4-12","1st Floor","Tenant","Vihaan Gowda","8000000162","6",NULL,"2026-08-11 06:38:26.263","2026-08-11 06:38:26.263","E2004701A00000000000A2","W1-D-000162","E2004701B00000000000A2","W1-W-000162",12.89842200,77.58916200
2595,"7000000163","Zone A - Division 1 - Ward 1 - Block 2","Individual HHs","4-13","2nd Floor","Owner","Aditya Gowda","8000000163","1",NULL,"2026-08-11 06:38:26.263","2026-08-11 06:38:26.263","E2004701A00000000000A3","W1-D-000163","E2004701B00000000000A3","W1-W-000163",12.89842400,77.58931200
2596,"7000000164","Zone A - Division 1 - Ward 1 - Block 2","Individual HHs","4-14","3rd Floor","Tenant","Arjun Gowda","8000000164","2",NULL,"2026-08-11 06:38:26.263","2026-08-11 06:38:26.263","E2004701A00000000000A4","W1-D-000164","E2004701B00000000000A4","W1-W-000164",12.89842600,77.58946200
2597,"7000000165","Zone A - Division 1 - Ward 1 - Block 2","Individual HHs","4-15","Ground floor","Owner","Rohan Gowda","8000000165","3",NULL,"2026-08-11 06:38:26.263","2026-08-11 06:38:26.263","E2004701A00000000000A5","W1-D-000165","E2004701B00000000000A5","W1-W-000165",12.89842800,77.58961200
2598,"7000000166","Zone A - Division 1 - Ward 1 - Block 2","Individual HHs","4-16","1st Floor","Tenant","Rahul Gowda","8000000166","4",NULL,"2026-08-11 06:38:26.263","2026-08-11 06:38:26.263","E2004701A00000000000A6","W1-D-000166","E2004701B00000000000A6","W1-W-000166",12.89843000,77.58976200
2599,"7000000167","Zone A - Division 1 - Ward 1 - Block 2","Individual HHs","4-17","2nd Floor","Owner","Karthik Gowda","8000000167","5",NULL,"2026-08-11 06:38:26.263","2026-08-11 06:38:26.263","E2004701A00000000000A7","W1-D-000167","E2004701B00000000000A7","W1-W-000167",12.89843200,77.58991200
2600,"7000000168","Zone A - Division 1 - Ward 1 - Block 2","Individual HHs","4-18","3rd Floor","Tenant","Vikram Gowda","8000000168","6",NULL,"2026-08-11 06:38:26.263","2026-08-11 06:38:26.263","E2004701A00000000000A8","W1-D-000168","E2004701B00000000000A8","W1-W-000168",12.89843400,77.59006200
2601,"7000000169","Zone A - Division 1 - Ward 1 - Block 2","Individual HHs","4-19","Ground floor","Owner","Akash Gowda","8000000169","1",NULL,"2026-08-11 06:38:26.263","2026-08-11 06:38:26.263","E2004701A00000000000A9","W1-D-000169","E2004701B00000000000A9","W1-W-000169",12.89843600,77.59021200
2602,"7000000170","Zone A - Division 1 - Ward 1 - Block 2","Individual HHs","4-20","1st Floor","Tenant","Siddharth Gowda","8000000170","2",NULL,"2026-08-11 06:38:26.263","2026-08-11 06:38:26.263","E2004701A00000000000AA","W1-D-000170","E2004701B00000000000AA","W1-W-000170",12.89843800,77.59036200
2603,"7000000171","Zone A - Division 1 - Ward 1 - Block 2","Individual HHs","4-21","2nd Floor","Owner","Ananya Gowda","8000000171","3",NULL,"2026-08-11 06:38:26.263","2026-08-11 06:38:26.263","E2004701A00000000000AB","W1-D-000171","E2004701B00000000000AB","W1-W-000171",12.89844000,77.59051200
2604,"7000000172","Zone A - Division 1 - Ward 1 - Block 2","Individual HHs","4-22","3rd Floor","Tenant","Aadhya Gowda","8000000172","4",NULL,"2026-08-11 06:38:26.263","2026-08-11 06:38:26.263","E2004701A00000000000AC","W1-D-000172","E2004701B00000000000AC","W1-W-000172",12.89844200,77.59066200
2605,"7000000173","Zone A - Division 1 - Ward 1 - Block 2","Individual HHs","4-23","Ground floor","Owner","Diya Gowda","8000000173","5",NULL,"2026-08-11 06:38:26.263","2026-08-11 06:38:26.263","E2004701A00000000000AD","W1-D-000173","E2004701B00000000000AD","W1-W-000173",12.89844400,77.59081200
2606,"7000000174","Zone A - Division 1 - Ward 1 - Block 2","Individual HHs","4-24","1st Floor","Tenant","Ishita Gowda","8000000174","6",NULL,"2026-08-11 06:38:26.263","2026-08-11 06:38:26.263","E2004701A00000000000AE","W1-D-000174","E2004701B00000000000AE","W1-W-000174",12.89844600,77.59096200
2607,"7000000175","Zone A - Division 1 - Ward 1 - Block 2","Individual HHs","4-25","2nd Floor","Owner","Kavya Gowda","8000000175","1",NULL,"2026-08-11 06:38:26.263","2026-08-11 06:38:26.263","E2004701A00000000000AF","W1-D-000175","E2004701B00000000000AF","W1-W-000175",12.89844800,77.59111200
2608,"7000000176","Zone A - Division 1 - Ward 1 - Block 2","Individual HHs","4-26","3rd Floor","Tenant","Meera Gowda","8000000176","2",NULL,"2026-08-11 06:38:26.263","2026-08-11 06:38:26.263","E2004701A00000000000B0","W1-D-000176","E2004701B00000000000B0","W1-W-000176",12.89855000,77.58751400
2609,"7000000177","Zone A - Division 1 - Ward 1 - Block 2","Individual HHs","4-27","Ground floor","Owner","Sneha Gowda","8000000177","3",NULL,"2026-08-11 06:38:26.263","2026-08-11 06:38:26.263","E2004701A00000000000B1","W1-D-000177","E2004701B00000000000B1","W1-W-000177",12.89855200,77.58766400
2610,"7000000178","Zone A - Division 1 - Ward 1 - Block 2","Individual HHs","4-28","1st Floor","Tenant","Pooja Gowda","8000000178","4",NULL,"2026-08-11 06:38:26.263","2026-08-11 06:38:26.263","E2004701A00000000000B2","W1-D-000178","E2004701B00000000000B2","W1-W-000178",12.89855400,77.58781400
2611,"7000000179","Zone A - Division 1 - Ward 1 - Block 2","Individual HHs","4-29","2nd Floor","Owner","Riya Gowda","8000000179","5",NULL,"2026-08-11 06:38:26.263","2026-08-11 06:38:26.263","E2004701A00000000000B3","W1-D-000179","E2004701B00000000000B3","W1-W-000179",12.89855600,77.58796400
2612,"7000000180","Zone A - Division 1 - Ward 1 - Block 2","Individual HHs","4-30","3rd Floor","Tenant","Nandini Gowda","8000000180","6",NULL,"2026-08-11 06:38:26.263","2026-08-11 06:38:26.263","E2004701A00000000000B4","W1-D-000180","E2004701B00000000000B4","W1-W-000180",12.89855800,77.58811400
2613,"7000000181","Zone A - Division 1 - Ward 1 - Block 2","Individual HHs","4-31","Ground floor","Owner","Sanjay Gowda","8000000181","1",NULL,"2026-08-11 06:38:26.263","2026-08-11 06:38:26.263","E2004701A00000000000B5","W1-D-000181","E2004701B00000000000B5","W1-W-000181",12.89856000,77.58826400
2614,"7000000182","Zone A - Division 1 - Ward 1 - Block 2","Individual HHs","4-32","1st Floor","Tenant","Manoj Gowda","8000000182","2",NULL,"2026-08-11 06:38:26.263","2026-08-11 06:38:26.263","E2004701A00000000000B6","W1-D-000182","E2004701B00000000000B6","W1-W-000182",12.89856200,77.58841400
2615,"7000000183","Zone A - Division 1 - Ward 1 - Block 2","Individual HHs","4-33","2nd Floor","Owner","Suresh Gowda","8000000183","3",NULL,"2026-08-11 06:38:26.263","2026-08-11 06:38:26.263","E2004701A00000000000B7","W1-D-000183","E2004701B00000000000B7","W1-W-000183",12.89856400,77.58856400
2616,"7000000184","Zone A - Division 1 - Ward 1 - Block 2","Individual HHs","4-34","3rd Floor","Tenant","Mahesh Gowda","8000000184","4",NULL,"2026-08-11 06:38:26.263","2026-08-11 06:38:26.263","E2004701A00000000000B8","W1-D-000184","E2004701B00000000000B8","W1-W-000184",12.89856600,77.58871400
2617,"7000000185","Zone A - Division 1 - Ward 1 - Block 2","Individual HHs","4-35","Ground floor","Owner","Prakash Gowda","8000000185","5",NULL,"2026-08-11 06:38:26.263","2026-08-11 06:38:26.263","E2004701A00000000000B9","W1-D-000185","E2004701B00000000000B9","W1-W-000185",12.89856800,77.58886400
2618,"7000000186","Zone A - Division 1 - Ward 1 - Block 2","Individual HHs","4-36","1st Floor","Tenant","Ramesh Gowda","8000000186","6",NULL,"2026-08-11 06:38:26.263","2026-08-11 06:38:26.263","E2004701A00000000000BA","W1-D-000186","E2004701B00000000000BA","W1-W-000186",12.89857000,77.58901400
2619,"7000000187","Zone A - Division 1 - Ward 1 - Block 2","Individual HHs","4-37","2nd Floor","Owner","Ganesh Gowda","8000000187","1",NULL,"2026-08-11 06:38:26.263","2026-08-11 06:38:26.263","E2004701A00000000000BB","W1-D-000187","E2004701B00000000000BB","W1-W-000187",12.89857200,77.58916400
2620,"7000000188","Zone A - Division 1 - Ward 1 - Block 2","Individual HHs","4-38","3rd Floor","Tenant","Dinesh Gowda","8000000188","2",NULL,"2026-08-11 06:38:26.263","2026-08-11 06:38:26.263","E2004701A00000000000BC","W1-D-000188","E2004701B00000000000BC","W1-W-000188",12.89857400,77.58931400
2621,"7000000189","Zone A - Division 1 - Ward 1 - Block 2","Individual HHs","4-39","Ground floor","Owner","Nikhil Gowda","8000000189","3",NULL,"2026-08-11 06:38:26.263","2026-08-11 06:38:26.263","E2004701A00000000000BD","W1-D-000189","E2004701B00000000000BD","W1-W-000189",12.89857600,77.58946400
2622,"7000000190","Zone A - Division 1 - Ward 1 - Block 2","Individual HHs","4-40","1st Floor","Tenant","Varun Gowda","8000000190","4",NULL,"2026-08-11 06:38:26.263","2026-08-11 06:38:26.263","E2004701A00000000000BE","W1-D-000190","E2004701B00000000000BE","W1-W-000190",12.89857800,77.58961400
2623,"7000000191","Zone A - Division 1 - Ward 1 - Block 2","Individual HHs","4-41","2nd Floor","Owner","Priya Gowda","8000000191","5",NULL,"2026-08-11 06:38:26.263","2026-08-11 06:38:26.263","E2004701A00000000000BF","W1-D-000191","E2004701B00000000000BF","W1-W-000191",12.89858000,77.58976400
2624,"7000000192","Zone A - Division 1 - Ward 1 - Block 2","Individual HHs","4-42","3rd Floor","Tenant","Divya Gowda","8000000192","6",NULL,"2026-08-11 06:38:26.263","2026-08-11 06:38:26.263","E2004701A00000000000C0","W1-D-000192","E2004701B00000000000C0","W1-W-000192",12.89858200,77.58991400
2625,"7000000193","Zone A - Division 1 - Ward 1 - Block 2","Individual HHs","4-43","Ground floor","Owner","Swathi Gowda","8000000193","1",NULL,"2026-08-11 06:38:26.263","2026-08-11 06:38:26.263","E2004701A00000000000C1","W1-D-000193","E2004701B00000000000C1","W1-W-000193",12.89858400,77.59006400
2626,"7000000194","Zone A - Division 1 - Ward 1 - Block 2","Individual HHs","4-44","1st Floor","Tenant","Shreya Gowda","8000000194","2",NULL,"2026-08-11 06:38:26.263","2026-08-11 06:38:26.263","E2004701A00000000000C2","W1-D-000194","E2004701B00000000000C2","W1-W-000194",12.89858600,77.59021400
2627,"7000000195","Zone A - Division 1 - Ward 1 - Block 2","Individual HHs","4-45","2nd Floor","Owner","Keerthi Gowda","8000000195","3",NULL,"2026-08-11 06:38:26.263","2026-08-11 06:38:26.263","E2004701A00000000000C3","W1-D-000195","E2004701B00000000000C3","W1-W-000195",12.89858800,77.59036400
2628,"7000000196","Zone A - Division 1 - Ward 1 - Block 2","Individual HHs","4-46","3rd Floor","Tenant","Lakshmi Gowda","8000000196","4",NULL,"2026-08-11 06:38:26.263","2026-08-11 06:38:26.263","E2004701A00000000000C4","W1-D-000196","E2004701B00000000000C4","W1-W-000196",12.89859000,77.59051400
2629,"7000000197","Zone A - Division 1 - Ward 1 - Block 2","Individual HHs","4-47","Ground floor","Owner","Deepa Gowda","8000000197","5",NULL,"2026-08-11 06:38:26.263","2026-08-11 06:38:26.263","E2004701A00000000000C5","W1-D-000197","E2004701B00000000000C5","W1-W-000197",12.89859200,77.59066400
2630,"7000000198","Zone A - Division 1 - Ward 1 - Block 2","Individual HHs","4-48","1st Floor","Tenant","Asha Gowda","8000000198","6",NULL,"2026-08-11 06:38:26.263","2026-08-11 06:38:26.263","E2004701A00000000000C6","W1-D-000198","E2004701B00000000000C6","W1-W-000198",12.89859400,77.59081400
2631,"7000000199","Zone A - Division 1 - Ward 1 - Block 2","Individual HHs","4-49","2nd Floor","Owner","Pallavi Gowda","8000000199","1",NULL,"2026-08-11 06:38:26.263","2026-08-11 06:38:26.263","E2004701A00000000000C7","W1-D-000199","E2004701B00000000000C7","W1-W-000199",12.89859600,77.59096400
2632,"7000000200","Zone A - Division 1 - Ward 1 - Block 2","Individual HHs","4-50","3rd Floor","Tenant","Bhavana Gowda","8000000200","2",NULL,"2026-08-11 06:38:26.263","2026-08-11 06:38:26.263","E2004701A00000000000C8","W1-D-000200","E2004701B00000000000C8","W1-W-000200",12.89859800,77.59111400
2633,"7000000201","Zone A - Division 1 - Ward 1 - Block 3","Individual HHs","5-01","Ground floor","Owner","Aarav Rao","8000000201","3",NULL,"2026-08-11 06:38:26.263","2026-08-11 06:38:26.263","E2004701A00000000000C9","W1-D-000201","E2004701B00000000000C9","W1-W-000201",12.89870000,77.58751600
2634,"7000000202","Zone A - Division 1 - Ward 1 - Block 3","Individual HHs","5-02","1st Floor","Tenant","Vihaan Rao","8000000202","4",NULL,"2026-08-11 06:38:26.263","2026-08-11 06:38:26.263","E2004701A00000000000CA","W1-D-000202","E2004701B00000000000CA","W1-W-000202",12.89870200,77.58766600
2635,"7000000203","Zone A - Division 1 - Ward 1 - Block 3","Individual HHs","5-03","2nd Floor","Owner","Aditya Rao","8000000203","5",NULL,"2026-08-11 06:38:26.263","2026-08-11 06:38:26.263","E2004701A00000000000CB","W1-D-000203","E2004701B00000000000CB","W1-W-000203",12.89870400,77.58781600
2636,"7000000204","Zone A - Division 1 - Ward 1 - Block 3","Individual HHs","5-04","3rd Floor","Tenant","Arjun Rao","8000000204","6",NULL,"2026-08-11 06:38:26.263","2026-08-11 06:38:26.263","E2004701A00000000000CC","W1-D-000204","E2004701B00000000000CC","W1-W-000204",12.89870600,77.58796600
2637,"7000000205","Zone A - Division 1 - Ward 1 - Block 3","Individual HHs","5-05","Ground floor","Owner","Rohan Rao","8000000205","1",NULL,"2026-08-11 06:38:26.263","2026-08-11 06:38:26.263","E2004701A00000000000CD","W1-D-000205","E2004701B00000000000CD","W1-W-000205",12.89870800,77.58811600
2638,"7000000206","Zone A - Division 1 - Ward 1 - Block 3","Individual HHs","5-06","1st Floor","Tenant","Rahul Rao","8000000206","2",NULL,"2026-08-11 06:38:26.263","2026-08-11 06:38:26.263","E2004701A00000000000CE","W1-D-000206","E2004701B00000000000CE","W1-W-000206",12.89871000,77.58826600
2639,"7000000207","Zone A - Division 1 - Ward 1 - Block 3","Individual HHs","5-07","2nd Floor","Owner","Karthik Rao","8000000207","3",NULL,"2026-08-11 06:38:26.263","2026-08-11 06:38:26.263","E2004701A00000000000CF","W1-D-000207","E2004701B00000000000CF","W1-W-000207",12.89871200,77.58841600
2640,"7000000208","Zone A - Division 1 - Ward 1 - Block 3","Individual HHs","5-08","3rd Floor","Tenant","Vikram Rao","8000000208","4",NULL,"2026-08-11 06:38:26.263","2026-08-11 06:38:26.263","E2004701A00000000000D0","W1-D-000208","E2004701B00000000000D0","W1-W-000208",12.89871400,77.58856600
2641,"7000000209","Zone A - Division 1 - Ward 1 - Block 3","Individual HHs","5-09","Ground floor","Owner","Akash Rao","8000000209","5",NULL,"2026-08-11 06:38:26.263","2026-08-11 06:38:26.263","E2004701A00000000000D1","W1-D-000209","E2004701B00000000000D1","W1-W-000209",12.89871600,77.58871600
2642,"7000000210","Zone A - Division 1 - Ward 1 - Block 3","Individual HHs","5-10","1st Floor","Tenant","Siddharth Rao","8000000210","6",NULL,"2026-08-11 06:38:26.263","2026-08-11 06:38:26.263","E2004701A00000000000D2","W1-D-000210","E2004701B00000000000D2","W1-W-000210",12.89871800,77.58886600
2643,"7000000211","Zone A - Division 1 - Ward 1 - Block 3","Individual HHs","5-11","2nd Floor","Owner","Ananya Rao","8000000211","1",NULL,"2026-08-11 06:38:26.263","2026-08-11 06:38:26.263","E2004701A00000000000D3","W1-D-000211","E2004701B00000000000D3","W1-W-000211",12.89872000,77.58901600
2644,"7000000212","Zone A - Division 1 - Ward 1 - Block 3","Individual HHs","5-12","3rd Floor","Tenant","Aadhya Rao","8000000212","2",NULL,"2026-08-11 06:38:26.263","2026-08-11 06:38:26.263","E2004701A00000000000D4","W1-D-000212","E2004701B00000000000D4","W1-W-000212",12.89872200,77.58916600
2645,"7000000213","Zone A - Division 1 - Ward 1 - Block 3","Individual HHs","5-13","Ground floor","Owner","Diya Rao","8000000213","3",NULL,"2026-08-11 06:38:26.263","2026-08-11 06:38:26.263","E2004701A00000000000D5","W1-D-000213","E2004701B00000000000D5","W1-W-000213",12.89872400,77.58931600
2646,"7000000214","Zone A - Division 1 - Ward 1 - Block 3","Individual HHs","5-14","1st Floor","Tenant","Ishita Rao","8000000214","4",NULL,"2026-08-11 06:38:26.263","2026-08-11 06:38:26.263","E2004701A00000000000D6","W1-D-000214","E2004701B00000000000D6","W1-W-000214",12.89872600,77.58946600
2647,"7000000215","Zone A - Division 1 - Ward 1 - Block 3","Individual HHs","5-15","2nd Floor","Owner","Kavya Rao","8000000215","5",NULL,"2026-08-11 06:38:26.263","2026-08-11 06:38:26.263","E2004701A00000000000D7","W1-D-000215","E2004701B00000000000D7","W1-W-000215",12.89872800,77.58961600
2648,"7000000216","Zone A - Division 1 - Ward 1 - Block 3","Individual HHs","5-16","3rd Floor","Tenant","Meera Rao","8000000216","6",NULL,"2026-08-11 06:38:26.263","2026-08-11 06:38:26.263","E2004701A00000000000D8","W1-D-000216","E2004701B00000000000D8","W1-W-000216",12.89873000,77.58976600
2649,"7000000217","Zone A - Division 1 - Ward 1 - Block 3","Individual HHs","5-17","Ground floor","Owner","Sneha Rao","8000000217","1",NULL,"2026-08-11 06:38:26.263","2026-08-11 06:38:26.263","E2004701A00000000000D9","W1-D-000217","E2004701B00000000000D9","W1-W-000217",12.89873200,77.58991600
2650,"7000000218","Zone A - Division 1 - Ward 1 - Block 3","Individual HHs","5-18","1st Floor","Tenant","Pooja Rao","8000000218","2",NULL,"2026-08-11 06:38:26.263","2026-08-11 06:38:26.263","E2004701A00000000000DA","W1-D-000218","E2004701B00000000000DA","W1-W-000218",12.89873400,77.59006600
2651,"7000000219","Zone A - Division 1 - Ward 1 - Block 3","Individual HHs","5-19","2nd Floor","Owner","Riya Rao","8000000219","3",NULL,"2026-08-11 06:38:26.263","2026-08-11 06:38:26.263","E2004701A00000000000DB","W1-D-000219","E2004701B00000000000DB","W1-W-000219",12.89873600,77.59021600
2652,"7000000220","Zone A - Division 1 - Ward 1 - Block 3","Individual HHs","5-20","3rd Floor","Tenant","Nandini Rao","8000000220","4",NULL,"2026-08-11 06:38:26.263","2026-08-11 06:38:26.263","E2004701A00000000000DC","W1-D-000220","E2004701B00000000000DC","W1-W-000220",12.89873800,77.59036600
2653,"7000000221","Zone A - Division 1 - Ward 1 - Block 3","Individual HHs","5-21","Ground floor","Owner","Sanjay Rao","8000000221","5",NULL,"2026-08-11 06:38:26.263","2026-08-11 06:38:26.263","E2004701A00000000000DD","W1-D-000221","E2004701B00000000000DD","W1-W-000221",12.89874000,77.59051600
2654,"7000000222","Zone A - Division 1 - Ward 1 - Block 3","Individual HHs","5-22","1st Floor","Tenant","Manoj Rao","8000000222","6",NULL,"2026-08-11 06:38:26.263","2026-08-11 06:38:26.263","E2004701A00000000000DE","W1-D-000222","E2004701B00000000000DE","W1-W-000222",12.89874200,77.59066600
2655,"7000000223","Zone A - Division 1 - Ward 1 - Block 3","Individual HHs","5-23","2nd Floor","Owner","Suresh Rao","8000000223","1",NULL,"2026-08-11 06:38:26.263","2026-08-11 06:38:26.263","E2004701A00000000000DF","W1-D-000223","E2004701B00000000000DF","W1-W-000223",12.89874400,77.59081600
2656,"7000000224","Zone A - Division 1 - Ward 1 - Block 3","Individual HHs","5-24","3rd Floor","Tenant","Mahesh Rao","8000000224","2",NULL,"2026-08-11 06:38:26.263","2026-08-11 06:38:26.263","E2004701A00000000000E0","W1-D-000224","E2004701B00000000000E0","W1-W-000224",12.89874600,77.59096600
2657,"7000000225","Zone A - Division 1 - Ward 1 - Block 3","Individual HHs","5-25","Ground floor","Owner","Prakash Rao","8000000225","3",NULL,"2026-08-11 06:38:26.263","2026-08-11 06:38:26.263","E2004701A00000000000E1","W1-D-000225","E2004701B00000000000E1","W1-W-000225",12.89874800,77.59111600
2658,"7000000226","Zone A - Division 1 - Ward 1 - Block 3","Individual HHs","5-26","1st Floor","Tenant","Ramesh Rao","8000000226","4",NULL,"2026-08-11 06:38:26.263","2026-08-11 06:38:26.263","E2004701A00000000000E2","W1-D-000226","E2004701B00000000000E2","W1-W-000226",12.89885000,77.58751800
2659,"7000000227","Zone A - Division 1 - Ward 1 - Block 3","Individual HHs","5-27","2nd Floor","Owner","Ganesh Rao","8000000227","5",NULL,"2026-08-11 06:38:26.263","2026-08-11 06:38:26.263","E2004701A00000000000E3","W1-D-000227","E2004701B00000000000E3","W1-W-000227",12.89885200,77.58766800
2660,"7000000228","Zone A - Division 1 - Ward 1 - Block 3","Individual HHs","5-28","3rd Floor","Tenant","Dinesh Rao","8000000228","6",NULL,"2026-08-11 06:38:26.263","2026-08-11 06:38:26.263","E2004701A00000000000E4","W1-D-000228","E2004701B00000000000E4","W1-W-000228",12.89885400,77.58781800
2661,"7000000229","Zone A - Division 1 - Ward 1 - Block 3","Individual HHs","5-29","Ground floor","Owner","Nikhil Rao","8000000229","1",NULL,"2026-08-11 06:38:26.263","2026-08-11 06:38:26.263","E2004701A00000000000E5","W1-D-000229","E2004701B00000000000E5","W1-W-000229",12.89885600,77.58796800
2662,"7000000230","Zone A - Division 1 - Ward 1 - Block 3","Individual HHs","5-30","1st Floor","Tenant","Varun Rao","8000000230","2",NULL,"2026-08-11 06:38:26.263","2026-08-11 06:38:26.263","E2004701A00000000000E6","W1-D-000230","E2004701B00000000000E6","W1-W-000230",12.89885800,77.58811800
2663,"7000000231","Zone A - Division 1 - Ward 1 - Block 3","Individual HHs","5-31","2nd Floor","Owner","Priya Rao","8000000231","3",NULL,"2026-08-11 06:38:26.263","2026-08-11 06:38:26.263","E2004701A00000000000E7","W1-D-000231","E2004701B00000000000E7","W1-W-000231",12.89886000,77.58826800
2664,"7000000232","Zone A - Division 1 - Ward 1 - Block 3","Individual HHs","5-32","3rd Floor","Tenant","Divya Rao","8000000232","4",NULL,"2026-08-11 06:38:26.263","2026-08-11 06:38:26.263","E2004701A00000000000E8","W1-D-000232","E2004701B00000000000E8","W1-W-000232",12.89886200,77.58841800
2665,"7000000233","Zone A - Division 1 - Ward 1 - Block 3","Individual HHs","5-33","Ground floor","Owner","Swathi Rao","8000000233","5",NULL,"2026-08-11 06:38:26.263","2026-08-11 06:38:26.263","E2004701A00000000000E9","W1-D-000233","E2004701B00000000000E9","W1-W-000233",12.89886400,77.58856800
2666,"7000000234","Zone A - Division 1 - Ward 1 - Block 3","Individual HHs","5-34","1st Floor","Tenant","Shreya Rao","8000000234","6",NULL,"2026-08-11 06:38:26.263","2026-08-11 06:38:26.263","E2004701A00000000000EA","W1-D-000234","E2004701B00000000000EA","W1-W-000234",12.89886600,77.58871800
2667,"7000000235","Zone A - Division 1 - Ward 1 - Block 3","Individual HHs","5-35","2nd Floor","Owner","Keerthi Rao","8000000235","1",NULL,"2026-08-11 06:38:26.263","2026-08-11 06:38:26.263","E2004701A00000000000EB","W1-D-000235","E2004701B00000000000EB","W1-W-000235",12.89886800,77.58886800
2668,"7000000236","Zone A - Division 1 - Ward 1 - Block 3","Individual HHs","5-36","3rd Floor","Tenant","Lakshmi Rao","8000000236","2",NULL,"2026-08-11 06:38:26.263","2026-08-11 06:38:26.263","E2004701A00000000000EC","W1-D-000236","E2004701B00000000000EC","W1-W-000236",12.89887000,77.58901800
2669,"7000000237","Zone A - Division 1 - Ward 1 - Block 3","Individual HHs","5-37","Ground floor","Owner","Deepa Rao","8000000237","3",NULL,"2026-08-11 06:38:26.263","2026-08-11 06:38:26.263","E2004701A00000000000ED","W1-D-000237","E2004701B00000000000ED","W1-W-000237",12.89887200,77.58916800
2670,"7000000238","Zone A - Division 1 - Ward 1 - Block 3","Individual HHs","5-38","1st Floor","Tenant","Asha Rao","8000000238","4",NULL,"2026-08-11 06:38:26.263","2026-08-11 06:38:26.263","E2004701A00000000000EE","W1-D-000238","E2004701B00000000000EE","W1-W-000238",12.89887400,77.58931800
2671,"7000000239","Zone A - Division 1 - Ward 1 - Block 3","Individual HHs","5-39","2nd Floor","Owner","Pallavi Rao","8000000239","5",NULL,"2026-08-11 06:38:26.263","2026-08-11 06:38:26.263","E2004701A00000000000EF","W1-D-000239","E2004701B00000000000EF","W1-W-000239",12.89887600,77.58946800
2672,"7000000240","Zone A - Division 1 - Ward 1 - Block 3","Individual HHs","5-40","3rd Floor","Tenant","Bhavana Rao","8000000240","6",NULL,"2026-08-11 06:38:26.263","2026-08-11 06:38:26.263","E2004701A00000000000F0","W1-D-000240","E2004701B00000000000F0","W1-W-000240",12.89887800,77.58961800
2673,"7000000241","Zone A - Division 1 - Ward 1 - Block 3","Individual HHs","5-41","Ground floor","Owner","Aarav Patil","8000000241","1",NULL,"2026-08-11 06:38:26.263","2026-08-11 06:38:26.263","E2004701A00000000000F1","W1-D-000241","E2004701B00000000000F1","W1-W-000241",12.89888000,77.58976800
2674,"7000000242","Zone A - Division 1 - Ward 1 - Block 3","Individual HHs","5-42","1st Floor","Tenant","Vihaan Patil","8000000242","2",NULL,"2026-08-11 06:38:26.263","2026-08-11 06:38:26.263","E2004701A00000000000F2","W1-D-000242","E2004701B00000000000F2","W1-W-000242",12.89888200,77.58991800
2675,"7000000243","Zone A - Division 1 - Ward 1 - Block 3","Individual HHs","5-43","2nd Floor","Owner","Aditya Patil","8000000243","3",NULL,"2026-08-11 06:38:26.263","2026-08-11 06:38:26.263","E2004701A00000000000F3","W1-D-000243","E2004701B00000000000F3","W1-W-000243",12.89888400,77.59006800
2676,"7000000244","Zone A - Division 1 - Ward 1 - Block 3","Individual HHs","5-44","3rd Floor","Tenant","Arjun Patil","8000000244","4",NULL,"2026-08-11 06:38:26.263","2026-08-11 06:38:26.263","E2004701A00000000000F4","W1-D-000244","E2004701B00000000000F4","W1-W-000244",12.89888600,77.59021800
2677,"7000000245","Zone A - Division 1 - Ward 1 - Block 3","Individual HHs","5-45","Ground floor","Owner","Rohan Patil","8000000245","5",NULL,"2026-08-11 06:38:26.263","2026-08-11 06:38:26.263","E2004701A00000000000F5","W1-D-000245","E2004701B00000000000F5","W1-W-000245",12.89888800,77.59036800
2678,"7000000246","Zone A - Division 1 - Ward 1 - Block 3","Individual HHs","5-46","1st Floor","Tenant","Rahul Patil","8000000246","6",NULL,"2026-08-11 06:38:26.263","2026-08-11 06:38:26.263","E2004701A00000000000F6","W1-D-000246","E2004701B00000000000F6","W1-W-000246",12.89889000,77.59051800
2679,"7000000247","Zone A - Division 1 - Ward 1 - Block 3","Individual HHs","5-47","2nd Floor","Owner","Karthik Patil","8000000247","1",NULL,"2026-08-11 06:38:26.263","2026-08-11 06:38:26.263","E2004701A00000000000F7","W1-D-000247","E2004701B00000000000F7","W1-W-000247",12.89889200,77.59066800
2680,"7000000248","Zone A - Division 1 - Ward 1 - Block 3","Individual HHs","5-48","3rd Floor","Tenant","Vikram Patil","8000000248","2",NULL,"2026-08-11 06:38:26.263","2026-08-11 06:38:26.263","E2004701A00000000000F8","W1-D-000248","E2004701B00000000000F8","W1-W-000248",12.89889400,77.59081800
2681,"7000000249","Zone A - Division 1 - Ward 1 - Block 3","Individual HHs","5-49","Ground floor","Owner","Akash Patil","8000000249","3",NULL,"2026-08-11 06:38:26.263","2026-08-11 06:38:26.263","E2004701A00000000000F9","W1-D-000249","E2004701B00000000000F9","W1-W-000249",12.89889600,77.59096800
2682,"7000000250","Zone A - Division 1 - Ward 1 - Block 3","Individual HHs","5-50","1st Floor","Tenant","Siddharth Patil","8000000250","4",NULL,"2026-08-11 06:38:26.263","2026-08-11 06:38:26.263","E2004701A00000000000FA","W1-D-000250","E2004701B00000000000FA","W1-W-000250",12.89889800,77.59111800
2683,"7000000251","Zone A - Division 1 - Ward 1 - Block 3","Individual HHs","6-01","2nd Floor","Owner","Ananya Patil","8000000251","5",NULL,"2026-08-11 06:38:26.263","2026-08-11 06:38:26.263","E2004701A00000000000FB","W1-D-000251","E2004701B00000000000FB","W1-W-000251",12.89900000,77.58752000
2684,"7000000252","Zone A - Division 1 - Ward 1 - Block 3","Individual HHs","6-02","3rd Floor","Tenant","Aadhya Patil","8000000252","6",NULL,"2026-08-11 06:38:26.263","2026-08-11 06:38:26.263","E2004701A00000000000FC","W1-D-000252","E2004701B00000000000FC","W1-W-000252",12.89900200,77.58767000
2685,"7000000253","Zone A - Division 1 - Ward 1 - Block 3","Individual HHs","6-03","Ground floor","Owner","Diya Patil","8000000253","1",NULL,"2026-08-11 06:38:26.263","2026-08-11 06:38:26.263","E2004701A00000000000FD","W1-D-000253","E2004701B00000000000FD","W1-W-000253",12.89900400,77.58782000
2686,"7000000254","Zone A - Division 1 - Ward 1 - Block 3","Individual HHs","6-04","1st Floor","Tenant","Ishita Patil","8000000254","2",NULL,"2026-08-11 06:38:26.263","2026-08-11 06:38:26.263","E2004701A00000000000FE","W1-D-000254","E2004701B00000000000FE","W1-W-000254",12.89900600,77.58797000
2687,"7000000255","Zone A - Division 1 - Ward 1 - Block 3","Individual HHs","6-05","2nd Floor","Owner","Kavya Patil","8000000255","3",NULL,"2026-08-11 06:38:26.263","2026-08-11 06:38:26.263","E2004701A00000000000FF","W1-D-000255","E2004701B00000000000FF","W1-W-000255",12.89900800,77.58812000
2688,"7000000256","Zone A - Division 1 - Ward 1 - Block 3","Individual HHs","6-06","3rd Floor","Tenant","Meera Patil","8000000256","4",NULL,"2026-08-11 06:38:26.263","2026-08-11 06:38:26.263","E2004701A0000000000100","W1-D-000256","E2004701B0000000000100","W1-W-000256",12.89901000,77.58827000
2689,"7000000257","Zone A - Division 1 - Ward 1 - Block 3","Individual HHs","6-07","Ground floor","Owner","Sneha Patil","8000000257","5",NULL,"2026-08-11 06:38:26.263","2026-08-11 06:38:26.263","E2004701A0000000000101","W1-D-000257","E2004701B0000000000101","W1-W-000257",12.89901200,77.58842000
2690,"7000000258","Zone A - Division 1 - Ward 1 - Block 3","Individual HHs","6-08","1st Floor","Tenant","Pooja Patil","8000000258","6",NULL,"2026-08-11 06:38:26.263","2026-08-11 06:38:26.263","E2004701A0000000000102","W1-D-000258","E2004701B0000000000102","W1-W-000258",12.89901400,77.58857000
2691,"7000000259","Zone A - Division 1 - Ward 1 - Block 3","Individual HHs","6-09","2nd Floor","Owner","Riya Patil","8000000259","1",NULL,"2026-08-11 06:38:26.263","2026-08-11 06:38:26.263","E2004701A0000000000103","W1-D-000259","E2004701B0000000000103","W1-W-000259",12.89901600,77.58872000
2692,"7000000260","Zone A - Division 1 - Ward 1 - Block 3","Individual HHs","6-10","3rd Floor","Tenant","Nandini Patil","8000000260","2",NULL,"2026-08-11 06:38:26.263","2026-08-11 06:38:26.263","E2004701A0000000000104","W1-D-000260","E2004701B0000000000104","W1-W-000260",12.89901800,77.58887000
2693,"7000000261","Zone A - Division 1 - Ward 1 - Block 3","Individual HHs","6-11","Ground floor","Owner","Sanjay Patil","8000000261","3",NULL,"2026-08-11 06:38:26.263","2026-08-11 06:38:26.263","E2004701A0000000000105","W1-D-000261","E2004701B0000000000105","W1-W-000261",12.89902000,77.58902000
2694,"7000000262","Zone A - Division 1 - Ward 1 - Block 3","Individual HHs","6-12","1st Floor","Tenant","Manoj Patil","8000000262","4",NULL,"2026-08-11 06:38:26.263","2026-08-11 06:38:26.263","E2004701A0000000000106","W1-D-000262","E2004701B0000000000106","W1-W-000262",12.89902200,77.58917000
2695,"7000000263","Zone A - Division 1 - Ward 1 - Block 3","Individual HHs","6-13","2nd Floor","Owner","Suresh Patil","8000000263","5",NULL,"2026-08-11 06:38:26.263","2026-08-11 06:38:26.263","E2004701A0000000000107","W1-D-000263","E2004701B0000000000107","W1-W-000263",12.89902400,77.58932000
2696,"7000000264","Zone A - Division 1 - Ward 1 - Block 3","Individual HHs","6-14","3rd Floor","Tenant","Mahesh Patil","8000000264","6",NULL,"2026-08-11 06:38:26.263","2026-08-11 06:38:26.263","E2004701A0000000000108","W1-D-000264","E2004701B0000000000108","W1-W-000264",12.89902600,77.58947000
2697,"7000000265","Zone A - Division 1 - Ward 1 - Block 3","Individual HHs","6-15","Ground floor","Owner","Prakash Patil","8000000265","1",NULL,"2026-08-11 06:38:26.263","2026-08-11 06:38:26.263","E2004701A0000000000109","W1-D-000265","E2004701B0000000000109","W1-W-000265",12.89902800,77.58962000
2698,"7000000266","Zone A - Division 1 - Ward 1 - Block 3","Individual HHs","6-16","1st Floor","Tenant","Ramesh Patil","8000000266","2",NULL,"2026-08-11 06:38:26.263","2026-08-11 06:38:26.263","E2004701A000000000010A","W1-D-000266","E2004701B000000000010A","W1-W-000266",12.89903000,77.58977000
2699,"7000000267","Zone A - Division 1 - Ward 1 - Block 3","Individual HHs","6-17","2nd Floor","Owner","Ganesh Patil","8000000267","3",NULL,"2026-08-11 06:38:26.263","2026-08-11 06:38:26.263","E2004701A000000000010B","W1-D-000267","E2004701B000000000010B","W1-W-000267",12.89903200,77.58992000
2700,"7000000268","Zone A - Division 1 - Ward 1 - Block 3","Individual HHs","6-18","3rd Floor","Tenant","Dinesh Patil","8000000268","4",NULL,"2026-08-11 06:38:26.263","2026-08-11 06:38:26.263","E2004701A000000000010C","W1-D-000268","E2004701B000000000010C","W1-W-000268",12.89903400,77.59007000
2701,"7000000269","Zone A - Division 1 - Ward 1 - Block 3","Individual HHs","6-19","Ground floor","Owner","Nikhil Patil","8000000269","5",NULL,"2026-08-11 06:38:26.263","2026-08-11 06:38:26.263","E2004701A000000000010D","W1-D-000269","E2004701B000000000010D","W1-W-000269",12.89903600,77.59022000
2702,"7000000270","Zone A - Division 1 - Ward 1 - Block 3","Individual HHs","6-20","1st Floor","Tenant","Varun Patil","8000000270","6",NULL,"2026-08-11 06:38:26.263","2026-08-11 06:38:26.263","E2004701A000000000010E","W1-D-000270","E2004701B000000000010E","W1-W-000270",12.89903800,77.59037000
2703,"7000000271","Zone A - Division 1 - Ward 1 - Block 3","Individual HHs","6-21","2nd Floor","Owner","Priya Patil","8000000271","1",NULL,"2026-08-11 06:38:26.263","2026-08-11 06:38:26.263","E2004701A000000000010F","W1-D-000271","E2004701B000000000010F","W1-W-000271",12.89904000,77.59052000
2704,"7000000272","Zone A - Division 1 - Ward 1 - Block 3","Individual HHs","6-22","3rd Floor","Tenant","Divya Patil","8000000272","2",NULL,"2026-08-11 06:38:26.263","2026-08-11 06:38:26.263","E2004701A0000000000110","W1-D-000272","E2004701B0000000000110","W1-W-000272",12.89904200,77.59067000
2705,"7000000273","Zone A - Division 1 - Ward 1 - Block 3","Individual HHs","6-23","Ground floor","Owner","Swathi Patil","8000000273","3",NULL,"2026-08-11 06:38:26.263","2026-08-11 06:38:26.263","E2004701A0000000000111","W1-D-000273","E2004701B0000000000111","W1-W-000273",12.89904400,77.59082000
2706,"7000000274","Zone A - Division 1 - Ward 1 - Block 3","Individual HHs","6-24","1st Floor","Tenant","Shreya Patil","8000000274","4",NULL,"2026-08-11 06:38:26.263","2026-08-11 06:38:26.263","E2004701A0000000000112","W1-D-000274","E2004701B0000000000112","W1-W-000274",12.89904600,77.59097000
2707,"7000000275","Zone A - Division 1 - Ward 1 - Block 3","Individual HHs","6-25","2nd Floor","Owner","Keerthi Patil","8000000275","5",NULL,"2026-08-11 06:38:26.263","2026-08-11 06:38:26.263","E2004701A0000000000113","W1-D-000275","E2004701B0000000000113","W1-W-000275",12.89904800,77.59112000
2708,"7000000276","Zone A - Division 1 - Ward 1 - Block 3","Individual HHs","6-26","3rd Floor","Tenant","Lakshmi Patil","8000000276","6",NULL,"2026-08-11 06:38:26.263","2026-08-11 06:38:26.263","E2004701A0000000000114","W1-D-000276","E2004701B0000000000114","W1-W-000276",12.89915000,77.58752200
2709,"7000000277","Zone A - Division 1 - Ward 1 - Block 3","Individual HHs","6-27","Ground floor","Owner","Deepa Patil","8000000277","1",NULL,"2026-08-11 06:38:26.263","2026-08-11 06:38:26.263","E2004701A0000000000115","W1-D-000277","E2004701B0000000000115","W1-W-000277",12.89915200,77.58767200
2710,"7000000278","Zone A - Division 1 - Ward 1 - Block 3","Individual HHs","6-28","1st Floor","Tenant","Asha Patil","8000000278","2",NULL,"2026-08-11 06:38:26.263","2026-08-11 06:38:26.263","E2004701A0000000000116","W1-D-000278","E2004701B0000000000116","W1-W-000278",12.89915400,77.58782200
2711,"7000000279","Zone A - Division 1 - Ward 1 - Block 3","Individual HHs","6-29","2nd Floor","Owner","Pallavi Patil","8000000279","3",NULL,"2026-08-11 06:38:26.263","2026-08-11 06:38:26.263","E2004701A0000000000117","W1-D-000279","E2004701B0000000000117","W1-W-000279",12.89915600,77.58797200
2712,"7000000280","Zone A - Division 1 - Ward 1 - Block 3","Individual HHs","6-30","3rd Floor","Tenant","Bhavana Patil","8000000280","4",NULL,"2026-08-11 06:38:26.263","2026-08-11 06:38:26.263","E2004701A0000000000118","W1-D-000280","E2004701B0000000000118","W1-W-000280",12.89915800,77.58812200
2713,"7000000281","Zone A - Division 1 - Ward 1 - Block 3","Individual HHs","6-31","Ground floor","Owner","Aarav Naik","8000000281","5",NULL,"2026-08-11 06:38:26.263","2026-08-11 06:38:26.263","E2004701A0000000000119","W1-D-000281","E2004701B0000000000119","W1-W-000281",12.89916000,77.58827200
2714,"7000000282","Zone A - Division 1 - Ward 1 - Block 3","Individual HHs","6-32","1st Floor","Tenant","Vihaan Naik","8000000282","6",NULL,"2026-08-11 06:38:26.263","2026-08-11 06:38:26.263","E2004701A000000000011A","W1-D-000282","E2004701B000000000011A","W1-W-000282",12.89916200,77.58842200
2715,"7000000283","Zone A - Division 1 - Ward 1 - Block 3","Individual HHs","6-33","2nd Floor","Owner","Aditya Naik","8000000283","1",NULL,"2026-08-11 06:38:26.263","2026-08-11 06:38:26.263","E2004701A000000000011B","W1-D-000283","E2004701B000000000011B","W1-W-000283",12.89916400,77.58857200
2716,"7000000284","Zone A - Division 1 - Ward 1 - Block 3","Individual HHs","6-34","3rd Floor","Tenant","Arjun Naik","8000000284","2",NULL,"2026-08-11 06:38:26.263","2026-08-11 06:38:26.263","E2004701A000000000011C","W1-D-000284","E2004701B000000000011C","W1-W-000284",12.89916600,77.58872200
2717,"7000000285","Zone A - Division 1 - Ward 1 - Block 3","Individual HHs","6-35","Ground floor","Owner","Rohan Naik","8000000285","3",NULL,"2026-08-11 06:38:26.263","2026-08-11 06:38:26.263","E2004701A000000000011D","W1-D-000285","E2004701B000000000011D","W1-W-000285",12.89916800,77.58887200
2718,"7000000286","Zone A - Division 1 - Ward 1 - Block 3","Individual HHs","6-36","1st Floor","Tenant","Rahul Naik","8000000286","4",NULL,"2026-08-11 06:38:26.263","2026-08-11 06:38:26.263","E2004701A000000000011E","W1-D-000286","E2004701B000000000011E","W1-W-000286",12.89917000,77.58902200
2719,"7000000287","Zone A - Division 1 - Ward 1 - Block 3","Individual HHs","6-37","2nd Floor","Owner","Karthik Naik","8000000287","5",NULL,"2026-08-11 06:38:26.263","2026-08-11 06:38:26.263","E2004701A000000000011F","W1-D-000287","E2004701B000000000011F","W1-W-000287",12.89917200,77.58917200
2720,"7000000288","Zone A - Division 1 - Ward 1 - Block 3","Individual HHs","6-38","3rd Floor","Tenant","Vikram Naik","8000000288","6",NULL,"2026-08-11 06:38:26.263","2026-08-11 06:38:26.263","E2004701A0000000000120","W1-D-000288","E2004701B0000000000120","W1-W-000288",12.89917400,77.58932200
2721,"7000000289","Zone A - Division 1 - Ward 1 - Block 3","Individual HHs","6-39","Ground floor","Owner","Akash Naik","8000000289","1",NULL,"2026-08-11 06:38:26.263","2026-08-11 06:38:26.263","E2004701A0000000000121","W1-D-000289","E2004701B0000000000121","W1-W-000289",12.89917600,77.58947200
2722,"7000000290","Zone A - Division 1 - Ward 1 - Block 3","Individual HHs","6-40","1st Floor","Tenant","Siddharth Naik","8000000290","2",NULL,"2026-08-11 06:38:26.263","2026-08-11 06:38:26.263","E2004701A0000000000122","W1-D-000290","E2004701B0000000000122","W1-W-000290",12.89917800,77.58962200
2723,"7000000291","Zone A - Division 1 - Ward 1 - Block 3","Individual HHs","6-41","2nd Floor","Owner","Ananya Naik","8000000291","3",NULL,"2026-08-11 06:38:26.263","2026-08-11 06:38:26.263","E2004701A0000000000123","W1-D-000291","E2004701B0000000000123","W1-W-000291",12.89918000,77.58977200
2724,"7000000292","Zone A - Division 1 - Ward 1 - Block 3","Individual HHs","6-42","3rd Floor","Tenant","Aadhya Naik","8000000292","4",NULL,"2026-08-11 06:38:26.263","2026-08-11 06:38:26.263","E2004701A0000000000124","W1-D-000292","E2004701B0000000000124","W1-W-000292",12.89918200,77.58992200
2725,"7000000293","Zone A - Division 1 - Ward 1 - Block 3","Individual HHs","6-43","Ground floor","Owner","Diya Naik","8000000293","5",NULL,"2026-08-11 06:38:26.263","2026-08-11 06:38:26.263","E2004701A0000000000125","W1-D-000293","E2004701B0000000000125","W1-W-000293",12.89918400,77.59007200
2726,"7000000294","Zone A - Division 1 - Ward 1 - Block 3","Individual HHs","6-44","1st Floor","Tenant","Ishita Naik","8000000294","6",NULL,"2026-08-11 06:38:26.263","2026-08-11 06:38:26.263","E2004701A0000000000126","W1-D-000294","E2004701B0000000000126","W1-W-000294",12.89918600,77.59022200
2727,"7000000295","Zone A - Division 1 - Ward 1 - Block 3","Individual HHs","6-45","2nd Floor","Owner","Kavya Naik","8000000295","1",NULL,"2026-08-11 06:38:26.263","2026-08-11 06:38:26.263","E2004701A0000000000127","W1-D-000295","E2004701B0000000000127","W1-W-000295",12.89918800,77.59037200
2728,"7000000296","Zone A - Division 1 - Ward 1 - Block 3","Individual HHs","6-46","3rd Floor","Tenant","Meera Naik","8000000296","2",NULL,"2026-08-11 06:38:26.263","2026-08-11 06:38:26.263","E2004701A0000000000128","W1-D-000296","E2004701B0000000000128","W1-W-000296",12.89919000,77.59052200
2729,"7000000297","Zone A - Division 1 - Ward 1 - Block 3","Individual HHs","6-47","Ground floor","Owner","Sneha Naik","8000000297","3",NULL,"2026-08-11 06:38:26.263","2026-08-11 06:38:26.263","E2004701A0000000000129","W1-D-000297","E2004701B0000000000129","W1-W-000297",12.89919200,77.59067200
2730,"7000000298","Zone A - Division 1 - Ward 1 - Block 3","Individual HHs","6-48","1st Floor","Tenant","Pooja Naik","8000000298","4",NULL,"2026-08-11 06:38:26.263","2026-08-11 06:38:26.263","E2004701A000000000012A","W1-D-000298","E2004701B000000000012A","W1-W-000298",12.89919400,77.59082200
2731,"7000000299","Zone A - Division 1 - Ward 1 - Block 3","Individual HHs","6-49","2nd Floor","Owner","Riya Naik","8000000299","5",NULL,"2026-08-11 06:38:26.263","2026-08-11 06:38:26.263","E2004701A000000000012B","W1-D-000299","E2004701B000000000012B","W1-W-000299",12.89919600,77.59097200
2732,"7000000300","Zone A - Division 1 - Ward 1 - Block 3","Individual HHs","6-50","3rd Floor","Tenant","Nandini Naik","8000000300","6",NULL,"2026-08-11 06:38:26.263","2026-08-11 06:38:26.263","E2004701A000000000012C","W1-D-000300","E2004701B000000000012C","W1-W-000300",12.89919800,77.59112200
2733,"7000000301","Zone A - Division 1 - Ward 1 - Block 4","Individual HHs","7-01","Ground floor","Owner","Sanjay Naik","8000000301","1",NULL,"2026-08-11 06:38:26.263","2026-08-11 06:38:26.263","E2004701A000000000012D","W1-D-000301","E2004701B000000000012D","W1-W-000301",12.89930000,77.58752400
2734,"7000000302","Zone A - Division 1 - Ward 1 - Block 4","Individual HHs","7-02","1st Floor","Tenant","Manoj Naik","8000000302","2",NULL,"2026-08-11 06:38:26.263","2026-08-11 06:38:26.263","E2004701A000000000012E","W1-D-000302","E2004701B000000000012E","W1-W-000302",12.89930200,77.58767400
2735,"7000000303","Zone A - Division 1 - Ward 1 - Block 4","Individual HHs","7-03","2nd Floor","Owner","Suresh Naik","8000000303","3",NULL,"2026-08-11 06:38:26.263","2026-08-11 06:38:26.263","E2004701A000000000012F","W1-D-000303","E2004701B000000000012F","W1-W-000303",12.89930400,77.58782400
2736,"7000000304","Zone A - Division 1 - Ward 1 - Block 4","Individual HHs","7-04","3rd Floor","Tenant","Mahesh Naik","8000000304","4",NULL,"2026-08-11 06:38:26.263","2026-08-11 06:38:26.263","E2004701A0000000000130","W1-D-000304","E2004701B0000000000130","W1-W-000304",12.89930600,77.58797400
2737,"7000000305","Zone A - Division 1 - Ward 1 - Block 4","Individual HHs","7-05","Ground floor","Owner","Prakash Naik","8000000305","5",NULL,"2026-08-11 06:38:26.263","2026-08-11 06:38:26.263","E2004701A0000000000131","W1-D-000305","E2004701B0000000000131","W1-W-000305",12.89930800,77.58812400
2738,"7000000306","Zone A - Division 1 - Ward 1 - Block 4","Individual HHs","7-06","1st Floor","Tenant","Ramesh Naik","8000000306","6",NULL,"2026-08-11 06:38:26.263","2026-08-11 06:38:26.263","E2004701A0000000000132","W1-D-000306","E2004701B0000000000132","W1-W-000306",12.89931000,77.58827400
2739,"7000000307","Zone A - Division 1 - Ward 1 - Block 4","Individual HHs","7-07","2nd Floor","Owner","Ganesh Naik","8000000307","1",NULL,"2026-08-11 06:38:26.263","2026-08-11 06:38:26.263","E2004701A0000000000133","W1-D-000307","E2004701B0000000000133","W1-W-000307",12.89931200,77.58842400
2740,"7000000308","Zone A - Division 1 - Ward 1 - Block 4","Individual HHs","7-08","3rd Floor","Tenant","Dinesh Naik","8000000308","2",NULL,"2026-08-11 06:38:26.263","2026-08-11 06:38:26.263","E2004701A0000000000134","W1-D-000308","E2004701B0000000000134","W1-W-000308",12.89931400,77.58857400
2741,"7000000309","Zone A - Division 1 - Ward 1 - Block 4","Individual HHs","7-09","Ground floor","Owner","Nikhil Naik","8000000309","3",NULL,"2026-08-11 06:38:26.263","2026-08-11 06:38:26.263","E2004701A0000000000135","W1-D-000309","E2004701B0000000000135","W1-W-000309",12.89931600,77.58872400
2742,"7000000310","Zone A - Division 1 - Ward 1 - Block 4","Individual HHs","7-10","1st Floor","Tenant","Varun Naik","8000000310","4",NULL,"2026-08-11 06:38:26.263","2026-08-11 06:38:26.263","E2004701A0000000000136","W1-D-000310","E2004701B0000000000136","W1-W-000310",12.89931800,77.58887400
2743,"7000000311","Zone A - Division 1 - Ward 1 - Block 4","Individual HHs","7-11","2nd Floor","Owner","Priya Naik","8000000311","5",NULL,"2026-08-11 06:38:26.263","2026-08-11 06:38:26.263","E2004701A0000000000137","W1-D-000311","E2004701B0000000000137","W1-W-000311",12.89932000,77.58902400
2744,"7000000312","Zone A - Division 1 - Ward 1 - Block 4","Individual HHs","7-12","3rd Floor","Tenant","Divya Naik","8000000312","6",NULL,"2026-08-11 06:38:26.263","2026-08-11 06:38:26.263","E2004701A0000000000138","W1-D-000312","E2004701B0000000000138","W1-W-000312",12.89932200,77.58917400
2745,"7000000313","Zone A - Division 1 - Ward 1 - Block 4","Individual HHs","7-13","Ground floor","Owner","Swathi Naik","8000000313","1",NULL,"2026-08-11 06:38:26.263","2026-08-11 06:38:26.263","E2004701A0000000000139","W1-D-000313","E2004701B0000000000139","W1-W-000313",12.89932400,77.58932400
2746,"7000000314","Zone A - Division 1 - Ward 1 - Block 4","Individual HHs","7-14","1st Floor","Tenant","Shreya Naik","8000000314","2",NULL,"2026-08-11 06:38:26.263","2026-08-11 06:38:26.263","E2004701A000000000013A","W1-D-000314","E2004701B000000000013A","W1-W-000314",12.89932600,77.58947400
2747,"7000000315","Zone A - Division 1 - Ward 1 - Block 4","Individual HHs","7-15","2nd Floor","Owner","Keerthi Naik","8000000315","3",NULL,"2026-08-11 06:38:26.263","2026-08-11 06:38:26.263","E2004701A000000000013B","W1-D-000315","E2004701B000000000013B","W1-W-000315",12.89932800,77.58962400
2748,"7000000316","Zone A - Division 1 - Ward 1 - Block 4","Individual HHs","7-16","3rd Floor","Tenant","Lakshmi Naik","8000000316","4",NULL,"2026-08-11 06:38:26.263","2026-08-11 06:38:26.263","E2004701A000000000013C","W1-D-000316","E2004701B000000000013C","W1-W-000316",12.89933000,77.58977400
2749,"7000000317","Zone A - Division 1 - Ward 1 - Block 4","Individual HHs","7-17","Ground floor","Owner","Deepa Naik","8000000317","5",NULL,"2026-08-11 06:38:26.263","2026-08-11 06:38:26.263","E2004701A000000000013D","W1-D-000317","E2004701B000000000013D","W1-W-000317",12.89933200,77.58992400
2750,"7000000318","Zone A - Division 1 - Ward 1 - Block 4","Individual HHs","7-18","1st Floor","Tenant","Asha Naik","8000000318","6",NULL,"2026-08-11 06:38:26.263","2026-08-11 06:38:26.263","E2004701A000000000013E","W1-D-000318","E2004701B000000000013E","W1-W-000318",12.89933400,77.59007400
2751,"7000000319","Zone A - Division 1 - Ward 1 - Block 4","Individual HHs","7-19","2nd Floor","Owner","Pallavi Naik","8000000319","1",NULL,"2026-08-11 06:38:26.263","2026-08-11 06:38:26.263","E2004701A000000000013F","W1-D-000319","E2004701B000000000013F","W1-W-000319",12.89933600,77.59022400
2752,"7000000320","Zone A - Division 1 - Ward 1 - Block 4","Individual HHs","7-20","3rd Floor","Tenant","Bhavana Naik","8000000320","2",NULL,"2026-08-11 06:38:26.263","2026-08-11 06:38:26.263","E2004701A0000000000140","W1-D-000320","E2004701B0000000000140","W1-W-000320",12.89933800,77.59037400
2753,"7000000321","Zone A - Division 1 - Ward 1 - Block 4","Individual HHs","7-21","Ground floor","Owner","Aarav Joshi","8000000321","3",NULL,"2026-08-11 06:38:26.263","2026-08-11 06:38:26.263","E2004701A0000000000141","W1-D-000321","E2004701B0000000000141","W1-W-000321",12.89934000,77.59052400
2754,"7000000322","Zone A - Division 1 - Ward 1 - Block 4","Individual HHs","7-22","1st Floor","Tenant","Vihaan Joshi","8000000322","4",NULL,"2026-08-11 06:38:26.263","2026-08-11 06:38:26.263","E2004701A0000000000142","W1-D-000322","E2004701B0000000000142","W1-W-000322",12.89934200,77.59067400
2755,"7000000323","Zone A - Division 1 - Ward 1 - Block 4","Individual HHs","7-23","2nd Floor","Owner","Aditya Joshi","8000000323","5",NULL,"2026-08-11 06:38:26.263","2026-08-11 06:38:26.263","E2004701A0000000000143","W1-D-000323","E2004701B0000000000143","W1-W-000323",12.89934400,77.59082400
2756,"7000000324","Zone A - Division 1 - Ward 1 - Block 4","Individual HHs","7-24","3rd Floor","Tenant","Arjun Joshi","8000000324","6",NULL,"2026-08-11 06:38:26.263","2026-08-11 06:38:26.263","E2004701A0000000000144","W1-D-000324","E2004701B0000000000144","W1-W-000324",12.89934600,77.59097400
2757,"7000000325","Zone A - Division 1 - Ward 1 - Block 4","Individual HHs","7-25","Ground floor","Owner","Rohan Joshi","8000000325","1",NULL,"2026-08-11 06:38:26.263","2026-08-11 06:38:26.263","E2004701A0000000000145","W1-D-000325","E2004701B0000000000145","W1-W-000325",12.89934800,77.59112400
2758,"7000000326","Zone A - Division 1 - Ward 1 - Block 4","Individual HHs","7-26","1st Floor","Tenant","Rahul Joshi","8000000326","2",NULL,"2026-08-11 06:38:26.263","2026-08-11 06:38:26.263","E2004701A0000000000146","W1-D-000326","E2004701B0000000000146","W1-W-000326",12.89945000,77.58752600
2759,"7000000327","Zone A - Division 1 - Ward 1 - Block 4","Individual HHs","7-27","2nd Floor","Owner","Karthik Joshi","8000000327","3",NULL,"2026-08-11 06:38:26.263","2026-08-11 06:38:26.263","E2004701A0000000000147","W1-D-000327","E2004701B0000000000147","W1-W-000327",12.89945200,77.58767600
2760,"7000000328","Zone A - Division 1 - Ward 1 - Block 4","Individual HHs","7-28","3rd Floor","Tenant","Vikram Joshi","8000000328","4",NULL,"2026-08-11 06:38:26.263","2026-08-11 06:38:26.263","E2004701A0000000000148","W1-D-000328","E2004701B0000000000148","W1-W-000328",12.89945400,77.58782600
2761,"7000000329","Zone A - Division 1 - Ward 1 - Block 4","Individual HHs","7-29","Ground floor","Owner","Akash Joshi","8000000329","5",NULL,"2026-08-11 06:38:26.263","2026-08-11 06:38:26.263","E2004701A0000000000149","W1-D-000329","E2004701B0000000000149","W1-W-000329",12.89945600,77.58797600
2762,"7000000330","Zone A - Division 1 - Ward 1 - Block 4","Individual HHs","7-30","1st Floor","Tenant","Siddharth Joshi","8000000330","6",NULL,"2026-08-11 06:38:26.263","2026-08-11 06:38:26.263","E2004701A000000000014A","W1-D-000330","E2004701B000000000014A","W1-W-000330",12.89945800,77.58812600
2763,"7000000331","Zone A - Division 1 - Ward 1 - Block 4","Individual HHs","7-31","2nd Floor","Owner","Ananya Joshi","8000000331","1",NULL,"2026-08-11 06:38:26.263","2026-08-11 06:38:26.263","E2004701A000000000014B","W1-D-000331","E2004701B000000000014B","W1-W-000331",12.89946000,77.58827600
2764,"7000000332","Zone A - Division 1 - Ward 1 - Block 4","Individual HHs","7-32","3rd Floor","Tenant","Aadhya Joshi","8000000332","2",NULL,"2026-08-11 06:38:26.263","2026-08-11 06:38:26.263","E2004701A000000000014C","W1-D-000332","E2004701B000000000014C","W1-W-000332",12.89946200,77.58842600
2765,"7000000333","Zone A - Division 1 - Ward 1 - Block 4","Individual HHs","7-33","Ground floor","Owner","Diya Joshi","8000000333","3",NULL,"2026-08-11 06:38:26.263","2026-08-11 06:38:26.263","E2004701A000000000014D","W1-D-000333","E2004701B000000000014D","W1-W-000333",12.89946400,77.58857600
2766,"7000000334","Zone A - Division 1 - Ward 1 - Block 4","Individual HHs","7-34","1st Floor","Tenant","Ishita Joshi","8000000334","4",NULL,"2026-08-11 06:38:26.263","2026-08-11 06:38:26.263","E2004701A000000000014E","W1-D-000334","E2004701B000000000014E","W1-W-000334",12.89946600,77.58872600
2767,"7000000335","Zone A - Division 1 - Ward 1 - Block 4","Individual HHs","7-35","2nd Floor","Owner","Kavya Joshi","8000000335","5",NULL,"2026-08-11 06:38:26.263","2026-08-11 06:38:26.263","E2004701A000000000014F","W1-D-000335","E2004701B000000000014F","W1-W-000335",12.89946800,77.58887600
2768,"7000000336","Zone A - Division 1 - Ward 1 - Block 4","Individual HHs","7-36","3rd Floor","Tenant","Meera Joshi","8000000336","6",NULL,"2026-08-11 06:38:26.263","2026-08-11 06:38:26.263","E2004701A0000000000150","W1-D-000336","E2004701B0000000000150","W1-W-000336",12.89947000,77.58902600
2769,"7000000337","Zone A - Division 1 - Ward 1 - Block 4","Individual HHs","7-37","Ground floor","Owner","Sneha Joshi","8000000337","1",NULL,"2026-08-11 06:38:26.263","2026-08-11 06:38:26.263","E2004701A0000000000151","W1-D-000337","E2004701B0000000000151","W1-W-000337",12.89947200,77.58917600
2770,"7000000338","Zone A - Division 1 - Ward 1 - Block 4","Individual HHs","7-38","1st Floor","Tenant","Pooja Joshi","8000000338","2",NULL,"2026-08-11 06:38:26.263","2026-08-11 06:38:26.263","E2004701A0000000000152","W1-D-000338","E2004701B0000000000152","W1-W-000338",12.89947400,77.58932600
2771,"7000000339","Zone A - Division 1 - Ward 1 - Block 4","Individual HHs","7-39","2nd Floor","Owner","Riya Joshi","8000000339","3",NULL,"2026-08-11 06:38:26.263","2026-08-11 06:38:26.263","E2004701A0000000000153","W1-D-000339","E2004701B0000000000153","W1-W-000339",12.89947600,77.58947600
2772,"7000000340","Zone A - Division 1 - Ward 1 - Block 4","Individual HHs","7-40","3rd Floor","Tenant","Nandini Joshi","8000000340","4",NULL,"2026-08-11 06:38:26.263","2026-08-11 06:38:26.263","E2004701A0000000000154","W1-D-000340","E2004701B0000000000154","W1-W-000340",12.89947800,77.58962600
2773,"7000000341","Zone A - Division 1 - Ward 1 - Block 4","Individual HHs","7-41","Ground floor","Owner","Sanjay Joshi","8000000341","5",NULL,"2026-08-11 06:38:26.263","2026-08-11 06:38:26.263","E2004701A0000000000155","W1-D-000341","E2004701B0000000000155","W1-W-000341",12.89948000,77.58977600
2774,"7000000342","Zone A - Division 1 - Ward 1 - Block 4","Individual HHs","7-42","1st Floor","Tenant","Manoj Joshi","8000000342","6",NULL,"2026-08-11 06:38:26.263","2026-08-11 06:38:26.263","E2004701A0000000000156","W1-D-000342","E2004701B0000000000156","W1-W-000342",12.89948200,77.58992600
2775,"7000000343","Zone A - Division 1 - Ward 1 - Block 4","Individual HHs","7-43","2nd Floor","Owner","Suresh Joshi","8000000343","1",NULL,"2026-08-11 06:38:26.263","2026-08-11 06:38:26.263","E2004701A0000000000157","W1-D-000343","E2004701B0000000000157","W1-W-000343",12.89948400,77.59007600
2776,"7000000344","Zone A - Division 1 - Ward 1 - Block 4","Individual HHs","7-44","3rd Floor","Tenant","Mahesh Joshi","8000000344","2",NULL,"2026-08-11 06:38:26.263","2026-08-11 06:38:26.263","E2004701A0000000000158","W1-D-000344","E2004701B0000000000158","W1-W-000344",12.89948600,77.59022600
2777,"7000000345","Zone A - Division 1 - Ward 1 - Block 4","Individual HHs","7-45","Ground floor","Owner","Prakash Joshi","8000000345","3",NULL,"2026-08-11 06:38:26.263","2026-08-11 06:38:26.263","E2004701A0000000000159","W1-D-000345","E2004701B0000000000159","W1-W-000345",12.89948800,77.59037600
2778,"7000000346","Zone A - Division 1 - Ward 1 - Block 4","Individual HHs","7-46","1st Floor","Tenant","Ramesh Joshi","8000000346","4",NULL,"2026-08-11 06:38:26.263","2026-08-11 06:38:26.263","E2004701A000000000015A","W1-D-000346","E2004701B000000000015A","W1-W-000346",12.89949000,77.59052600
2779,"7000000347","Zone A - Division 1 - Ward 1 - Block 4","Individual HHs","7-47","2nd Floor","Owner","Ganesh Joshi","8000000347","5",NULL,"2026-08-11 06:38:26.263","2026-08-11 06:38:26.263","E2004701A000000000015B","W1-D-000347","E2004701B000000000015B","W1-W-000347",12.89949200,77.59067600
2780,"7000000348","Zone A - Division 1 - Ward 1 - Block 4","Individual HHs","7-48","3rd Floor","Tenant","Dinesh Joshi","8000000348","6",NULL,"2026-08-11 06:38:26.263","2026-08-11 06:38:26.263","E2004701A000000000015C","W1-D-000348","E2004701B000000000015C","W1-W-000348",12.89949400,77.59082600
2781,"7000000349","Zone A - Division 1 - Ward 1 - Block 4","Individual HHs","7-49","Ground floor","Owner","Nikhil Joshi","8000000349","1",NULL,"2026-08-11 06:38:26.263","2026-08-11 06:38:26.263","E2004701A000000000015D","W1-D-000349","E2004701B000000000015D","W1-W-000349",12.89949600,77.59097600
2782,"7000000350","Zone A - Division 1 - Ward 1 - Block 4","Individual HHs","7-50","1st Floor","Tenant","Varun Joshi","8000000350","2",NULL,"2026-08-11 06:38:26.263","2026-08-11 06:38:26.263","E2004701A000000000015E","W1-D-000350","E2004701B000000000015E","W1-W-000350",12.89949800,77.59112600
2783,"7000000351","Zone A - Division 1 - Ward 1 - Block 4","Individual HHs","8-01","2nd Floor","Owner","Priya Joshi","8000000351","3",NULL,"2026-08-11 06:38:26.263","2026-08-11 06:38:26.263","E2004701A000000000015F","W1-D-000351","E2004701B000000000015F","W1-W-000351",12.89960000,77.58752800
2784,"7000000352","Zone A - Division 1 - Ward 1 - Block 4","Individual HHs","8-02","3rd Floor","Tenant","Divya Joshi","8000000352","4",NULL,"2026-08-11 06:38:26.263","2026-08-11 06:38:26.263","E2004701A0000000000160","W1-D-000352","E2004701B0000000000160","W1-W-000352",12.89960200,77.58767800
2785,"7000000353","Zone A - Division 1 - Ward 1 - Block 4","Individual HHs","8-03","Ground floor","Owner","Swathi Joshi","8000000353","5",NULL,"2026-08-11 06:38:26.263","2026-08-11 06:38:26.263","E2004701A0000000000161","W1-D-000353","E2004701B0000000000161","W1-W-000353",12.89960400,77.58782800
2786,"7000000354","Zone A - Division 1 - Ward 1 - Block 4","Individual HHs","8-04","1st Floor","Tenant","Shreya Joshi","8000000354","6",NULL,"2026-08-11 06:38:26.263","2026-08-11 06:38:26.263","E2004701A0000000000162","W1-D-000354","E2004701B0000000000162","W1-W-000354",12.89960600,77.58797800
2787,"7000000355","Zone A - Division 1 - Ward 1 - Block 4","Individual HHs","8-05","2nd Floor","Owner","Keerthi Joshi","8000000355","1",NULL,"2026-08-11 06:38:26.263","2026-08-11 06:38:26.263","E2004701A0000000000163","W1-D-000355","E2004701B0000000000163","W1-W-000355",12.89960800,77.58812800
2788,"7000000356","Zone A - Division 1 - Ward 1 - Block 4","Individual HHs","8-06","3rd Floor","Tenant","Lakshmi Joshi","8000000356","2",NULL,"2026-08-11 06:38:26.263","2026-08-11 06:38:26.263","E2004701A0000000000164","W1-D-000356","E2004701B0000000000164","W1-W-000356",12.89961000,77.58827800
2789,"7000000357","Zone A - Division 1 - Ward 1 - Block 4","Individual HHs","8-07","Ground floor","Owner","Deepa Joshi","8000000357","3",NULL,"2026-08-11 06:38:26.263","2026-08-11 06:38:26.263","E2004701A0000000000165","W1-D-000357","E2004701B0000000000165","W1-W-000357",12.89961200,77.58842800
2790,"7000000358","Zone A - Division 1 - Ward 1 - Block 4","Individual HHs","8-08","1st Floor","Tenant","Asha Joshi","8000000358","4",NULL,"2026-08-11 06:38:26.263","2026-08-11 06:38:26.263","E2004701A0000000000166","W1-D-000358","E2004701B0000000000166","W1-W-000358",12.89961400,77.58857800
2791,"7000000359","Zone A - Division 1 - Ward 1 - Block 4","Individual HHs","8-09","2nd Floor","Owner","Pallavi Joshi","8000000359","5",NULL,"2026-08-11 06:38:26.263","2026-08-11 06:38:26.263","E2004701A0000000000167","W1-D-000359","E2004701B0000000000167","W1-W-000359",12.89961600,77.58872800
2792,"7000000360","Zone A - Division 1 - Ward 1 - Block 4","Individual HHs","8-10","3rd Floor","Tenant","Bhavana Joshi","8000000360","6",NULL,"2026-08-11 06:38:26.263","2026-08-11 06:38:26.263","E2004701A0000000000168","W1-D-000360","E2004701B0000000000168","W1-W-000360",12.89961800,77.58887800
2793,"7000000361","Zone A - Division 1 - Ward 1 - Block 4","Individual HHs","8-11","Ground floor","Owner","Aarav Nair","8000000361","1",NULL,"2026-08-11 06:38:26.263","2026-08-11 06:38:26.263","E2004701A0000000000169","W1-D-000361","E2004701B0000000000169","W1-W-000361",12.89962000,77.58902800
2794,"7000000362","Zone A - Division 1 - Ward 1 - Block 4","Individual HHs","8-12","1st Floor","Tenant","Vihaan Nair","8000000362","2",NULL,"2026-08-11 06:38:26.263","2026-08-11 06:38:26.263","E2004701A000000000016A","W1-D-000362","E2004701B000000000016A","W1-W-000362",12.89962200,77.58917800
2795,"7000000363","Zone A - Division 1 - Ward 1 - Block 4","Individual HHs","8-13","2nd Floor","Owner","Aditya Nair","8000000363","3",NULL,"2026-08-11 06:38:26.263","2026-08-11 06:38:26.263","E2004701A000000000016B","W1-D-000363","E2004701B000000000016B","W1-W-000363",12.89962400,77.58932800
2796,"7000000364","Zone A - Division 1 - Ward 1 - Block 4","Individual HHs","8-14","3rd Floor","Tenant","Arjun Nair","8000000364","4",NULL,"2026-08-11 06:38:26.263","2026-08-11 06:38:26.263","E2004701A000000000016C","W1-D-000364","E2004701B000000000016C","W1-W-000364",12.89962600,77.58947800
2797,"7000000365","Zone A - Division 1 - Ward 1 - Block 4","Individual HHs","8-15","Ground floor","Owner","Rohan Nair","8000000365","5",NULL,"2026-08-11 06:38:26.263","2026-08-11 06:38:26.263","E2004701A000000000016D","W1-D-000365","E2004701B000000000016D","W1-W-000365",12.89962800,77.58962800
2798,"7000000366","Zone A - Division 1 - Ward 1 - Block 4","Individual HHs","8-16","1st Floor","Tenant","Rahul Nair","8000000366","6",NULL,"2026-08-11 06:38:26.263","2026-08-11 06:38:26.263","E2004701A000000000016E","W1-D-000366","E2004701B000000000016E","W1-W-000366",12.89963000,77.58977800
2799,"7000000367","Zone A - Division 1 - Ward 1 - Block 4","Individual HHs","8-17","2nd Floor","Owner","Karthik Nair","8000000367","1",NULL,"2026-08-11 06:38:26.263","2026-08-11 06:38:26.263","E2004701A000000000016F","W1-D-000367","E2004701B000000000016F","W1-W-000367",12.89963200,77.58992800
2800,"7000000368","Zone A - Division 1 - Ward 1 - Block 4","Individual HHs","8-18","3rd Floor","Tenant","Vikram Nair","8000000368","2",NULL,"2026-08-11 06:38:26.263","2026-08-11 06:38:26.263","E2004701A0000000000170","W1-D-000368","E2004701B0000000000170","W1-W-000368",12.89963400,77.59007800
2801,"7000000369","Zone A - Division 1 - Ward 1 - Block 4","Individual HHs","8-19","Ground floor","Owner","Akash Nair","8000000369","3",NULL,"2026-08-11 06:38:26.263","2026-08-11 06:38:26.263","E2004701A0000000000171","W1-D-000369","E2004701B0000000000171","W1-W-000369",12.89963600,77.59022800
2802,"7000000370","Zone A - Division 1 - Ward 1 - Block 4","Individual HHs","8-20","1st Floor","Tenant","Siddharth Nair","8000000370","4",NULL,"2026-08-11 06:38:26.263","2026-08-11 06:38:26.263","E2004701A0000000000172","W1-D-000370","E2004701B0000000000172","W1-W-000370",12.89963800,77.59037800
2803,"7000000371","Zone A - Division 1 - Ward 1 - Block 4","Individual HHs","8-21","2nd Floor","Owner","Ananya Nair","8000000371","5",NULL,"2026-08-11 06:38:26.263","2026-08-11 06:38:26.263","E2004701A0000000000173","W1-D-000371","E2004701B0000000000173","W1-W-000371",12.89964000,77.59052800
2804,"7000000372","Zone A - Division 1 - Ward 1 - Block 4","Individual HHs","8-22","3rd Floor","Tenant","Aadhya Nair","8000000372","6",NULL,"2026-08-11 06:38:26.263","2026-08-11 06:38:26.263","E2004701A0000000000174","W1-D-000372","E2004701B0000000000174","W1-W-000372",12.89964200,77.59067800
2805,"7000000373","Zone A - Division 1 - Ward 1 - Block 4","Individual HHs","8-23","Ground floor","Owner","Diya Nair","8000000373","1",NULL,"2026-08-11 06:38:26.263","2026-08-11 06:38:26.263","E2004701A0000000000175","W1-D-000373","E2004701B0000000000175","W1-W-000373",12.89964400,77.59082800
2806,"7000000374","Zone A - Division 1 - Ward 1 - Block 4","Individual HHs","8-24","1st Floor","Tenant","Ishita Nair","8000000374","2",NULL,"2026-08-11 06:38:26.263","2026-08-11 06:38:26.263","E2004701A0000000000176","W1-D-000374","E2004701B0000000000176","W1-W-000374",12.89964600,77.59097800
2807,"7000000375","Zone A - Division 1 - Ward 1 - Block 4","Individual HHs","8-25","2nd Floor","Owner","Kavya Nair","8000000375","3",NULL,"2026-08-11 06:38:26.263","2026-08-11 06:38:26.263","E2004701A0000000000177","W1-D-000375","E2004701B0000000000177","W1-W-000375",12.89964800,77.59112800
2808,"7000000376","Zone A - Division 1 - Ward 1 - Block 4","Individual HHs","8-26","3rd Floor","Tenant","Meera Nair","8000000376","4",NULL,"2026-08-11 06:38:26.263","2026-08-11 06:38:26.263","E2004701A0000000000178","W1-D-000376","E2004701B0000000000178","W1-W-000376",12.89975000,77.58753000
2809,"7000000377","Zone A - Division 1 - Ward 1 - Block 4","Individual HHs","8-27","Ground floor","Owner","Sneha Nair","8000000377","5",NULL,"2026-08-11 06:38:26.263","2026-08-11 06:38:26.263","E2004701A0000000000179","W1-D-000377","E2004701B0000000000179","W1-W-000377",12.89975200,77.58768000
2810,"7000000378","Zone A - Division 1 - Ward 1 - Block 4","Individual HHs","8-28","1st Floor","Tenant","Pooja Nair","8000000378","6",NULL,"2026-08-11 06:38:26.263","2026-08-11 06:38:26.263","E2004701A000000000017A","W1-D-000378","E2004701B000000000017A","W1-W-000378",12.89975400,77.58783000
2811,"7000000379","Zone A - Division 1 - Ward 1 - Block 4","Individual HHs","8-29","2nd Floor","Owner","Riya Nair","8000000379","1",NULL,"2026-08-11 06:38:26.263","2026-08-11 06:38:26.263","E2004701A000000000017B","W1-D-000379","E2004701B000000000017B","W1-W-000379",12.89975600,77.58798000
2812,"7000000380","Zone A - Division 1 - Ward 1 - Block 4","Individual HHs","8-30","3rd Floor","Tenant","Nandini Nair","8000000380","2",NULL,"2026-08-11 06:38:26.263","2026-08-11 06:38:26.263","E2004701A000000000017C","W1-D-000380","E2004701B000000000017C","W1-W-000380",12.89975800,77.58813000
2813,"7000000381","Zone A - Division 1 - Ward 1 - Block 4","Individual HHs","8-31","Ground floor","Owner","Sanjay Nair","8000000381","3",NULL,"2026-08-11 06:38:26.263","2026-08-11 06:38:26.263","E2004701A000000000017D","W1-D-000381","E2004701B000000000017D","W1-W-000381",12.89976000,77.58828000
2814,"7000000382","Zone A - Division 1 - Ward 1 - Block 4","Individual HHs","8-32","1st Floor","Tenant","Manoj Nair","8000000382","4",NULL,"2026-08-11 06:38:26.263","2026-08-11 06:38:26.263","E2004701A000000000017E","W1-D-000382","E2004701B000000000017E","W1-W-000382",12.89976200,77.58843000
2815,"7000000383","Zone A - Division 1 - Ward 1 - Block 4","Individual HHs","8-33","2nd Floor","Owner","Suresh Nair","8000000383","5",NULL,"2026-08-11 06:38:26.263","2026-08-11 06:38:26.263","E2004701A000000000017F","W1-D-000383","E2004701B000000000017F","W1-W-000383",12.89976400,77.58858000
2816,"7000000384","Zone A - Division 1 - Ward 1 - Block 4","Individual HHs","8-34","3rd Floor","Tenant","Mahesh Nair","8000000384","6",NULL,"2026-08-11 06:38:26.263","2026-08-11 06:38:26.263","E2004701A0000000000180","W1-D-000384","E2004701B0000000000180","W1-W-000384",12.89976600,77.58873000
2817,"7000000385","Zone A - Division 1 - Ward 1 - Block 4","Individual HHs","8-35","Ground floor","Owner","Prakash Nair","8000000385","1",NULL,"2026-08-11 06:38:26.263","2026-08-11 06:38:26.263","E2004701A0000000000181","W1-D-000385","E2004701B0000000000181","W1-W-000385",12.89976800,77.58888000
2818,"7000000386","Zone A - Division 1 - Ward 1 - Block 4","Individual HHs","8-36","1st Floor","Tenant","Ramesh Nair","8000000386","2",NULL,"2026-08-11 06:38:26.263","2026-08-11 06:38:26.263","E2004701A0000000000182","W1-D-000386","E2004701B0000000000182","W1-W-000386",12.89977000,77.58903000
2819,"7000000387","Zone A - Division 1 - Ward 1 - Block 4","Individual HHs","8-37","2nd Floor","Owner","Ganesh Nair","8000000387","3",NULL,"2026-08-11 06:38:26.263","2026-08-11 06:38:26.263","E2004701A0000000000183","W1-D-000387","E2004701B0000000000183","W1-W-000387",12.89977200,77.58918000
2820,"7000000388","Zone A - Division 1 - Ward 1 - Block 4","Individual HHs","8-38","3rd Floor","Tenant","Dinesh Nair","8000000388","4",NULL,"2026-08-11 06:38:26.263","2026-08-11 06:38:26.263","E2004701A0000000000184","W1-D-000388","E2004701B0000000000184","W1-W-000388",12.89977400,77.58933000
2821,"7000000389","Zone A - Division 1 - Ward 1 - Block 4","Individual HHs","8-39","Ground floor","Owner","Nikhil Nair","8000000389","5",NULL,"2026-08-11 06:38:26.263","2026-08-11 06:38:26.263","E2004701A0000000000185","W1-D-000389","E2004701B0000000000185","W1-W-000389",12.89977600,77.58948000
2822,"7000000390","Zone A - Division 1 - Ward 1 - Block 4","Individual HHs","8-40","1st Floor","Tenant","Varun Nair","8000000390","6",NULL,"2026-08-11 06:38:26.263","2026-08-11 06:38:26.263","E2004701A0000000000186","W1-D-000390","E2004701B0000000000186","W1-W-000390",12.89977800,77.58963000
2823,"7000000391","Zone A - Division 1 - Ward 1 - Block 4","Individual HHs","8-41","2nd Floor","Owner","Priya Nair","8000000391","1",NULL,"2026-08-11 06:38:26.263","2026-08-11 06:38:26.263","E2004701A0000000000187","W1-D-000391","E2004701B0000000000187","W1-W-000391",12.89978000,77.58978000
2824,"7000000392","Zone A - Division 1 - Ward 1 - Block 4","Individual HHs","8-42","3rd Floor","Tenant","Divya Nair","8000000392","2",NULL,"2026-08-11 06:38:26.263","2026-08-11 06:38:26.263","E2004701A0000000000188","W1-D-000392","E2004701B0000000000188","W1-W-000392",12.89978200,77.58993000
2825,"7000000393","Zone A - Division 1 - Ward 1 - Block 4","Individual HHs","8-43","Ground floor","Owner","Swathi Nair","8000000393","3",NULL,"2026-08-11 06:38:26.263","2026-08-11 06:38:26.263","E2004701A0000000000189","W1-D-000393","E2004701B0000000000189","W1-W-000393",12.89978400,77.59008000
2826,"7000000394","Zone A - Division 1 - Ward 1 - Block 4","Individual HHs","8-44","1st Floor","Tenant","Shreya Nair","8000000394","4",NULL,"2026-08-11 06:38:26.263","2026-08-11 06:38:26.263","E2004701A000000000018A","W1-D-000394","E2004701B000000000018A","W1-W-000394",12.89978600,77.59023000
2827,"7000000395","Zone A - Division 1 - Ward 1 - Block 4","Individual HHs","8-45","2nd Floor","Owner","Keerthi Nair","8000000395","5",NULL,"2026-08-11 06:38:26.263","2026-08-11 06:38:26.263","E2004701A000000000018B","W1-D-000395","E2004701B000000000018B","W1-W-000395",12.89978800,77.59038000
2828,"7000000396","Zone A - Division 1 - Ward 1 - Block 4","Individual HHs","8-46","3rd Floor","Tenant","Lakshmi Nair","8000000396","6",NULL,"2026-08-11 06:38:26.263","2026-08-11 06:38:26.263","E2004701A000000000018C","W1-D-000396","E2004701B000000000018C","W1-W-000396",12.89979000,77.59053000
2829,"7000000397","Zone A - Division 1 - Ward 1 - Block 4","Individual HHs","8-47","Ground floor","Owner","Deepa Nair","8000000397","1",NULL,"2026-08-11 06:38:26.263","2026-08-11 06:38:26.263","E2004701A000000000018D","W1-D-000397","E2004701B000000000018D","W1-W-000397",12.89979200,77.59068000
2830,"7000000398","Zone A - Division 1 - Ward 1 - Block 4","Individual HHs","8-48","1st Floor","Tenant","Asha Nair","8000000398","2",NULL,"2026-08-11 06:38:26.263","2026-08-11 06:38:26.263","E2004701A000000000018E","W1-D-000398","E2004701B000000000018E","W1-W-000398",12.89979400,77.59083000
2831,"7000000399","Zone A - Division 1 - Ward 1 - Block 4","Individual HHs","8-49","2nd Floor","Owner","Pallavi Nair","8000000399","3",NULL,"2026-08-11 06:38:26.263","2026-08-11 06:38:26.263","E2004701A000000000018F","W1-D-000399","E2004701B000000000018F","W1-W-000399",12.89979600,77.59098000
2832,"7000000400","Zone A - Division 1 - Ward 1 - Block 4","Individual HHs","8-50","3rd Floor","Tenant","Bhavana Nair","8000000400","4",NULL,"2026-08-11 06:38:26.263","2026-08-11 06:38:26.263","E2004701A0000000000190","W1-D-000400","E2004701B0000000000190","W1-W-000400",12.89979800,77.59113000
2833,"7000000401","Zone A - Division 1 - Ward 1 - Block 5","Individual HHs","9-01","Ground floor","Owner","Aarav Iyer","8000000401","5",NULL,"2026-08-11 06:38:26.263","2026-08-11 06:38:26.263","E2004701A0000000000191","W1-D-000401","E2004701B0000000000191","W1-W-000401",12.89990000,77.58753200
2834,"7000000402","Zone A - Division 1 - Ward 1 - Block 5","Individual HHs","9-02","1st Floor","Tenant","Vihaan Iyer","8000000402","6",NULL,"2026-08-11 06:38:26.263","2026-08-11 06:38:26.263","E2004701A0000000000192","W1-D-000402","E2004701B0000000000192","W1-W-000402",12.89990200,77.58768200
2835,"7000000403","Zone A - Division 1 - Ward 1 - Block 5","Individual HHs","9-03","2nd Floor","Owner","Aditya Iyer","8000000403","1",NULL,"2026-08-11 06:38:26.264","2026-08-11 06:38:26.264","E2004701A0000000000193","W1-D-000403","E2004701B0000000000193","W1-W-000403",12.89990400,77.58783200
2836,"7000000404","Zone A - Division 1 - Ward 1 - Block 5","Individual HHs","9-04","3rd Floor","Tenant","Arjun Iyer","8000000404","2",NULL,"2026-08-11 06:38:26.264","2026-08-11 06:38:26.264","E2004701A0000000000194","W1-D-000404","E2004701B0000000000194","W1-W-000404",12.89990600,77.58798200
2837,"7000000405","Zone A - Division 1 - Ward 1 - Block 5","Individual HHs","9-05","Ground floor","Owner","Rohan Iyer","8000000405","3",NULL,"2026-08-11 06:38:26.264","2026-08-11 06:38:26.264","E2004701A0000000000195","W1-D-000405","E2004701B0000000000195","W1-W-000405",12.89990800,77.58813200
2838,"7000000406","Zone A - Division 1 - Ward 1 - Block 5","Individual HHs","9-06","1st Floor","Tenant","Rahul Iyer","8000000406","4",NULL,"2026-08-11 06:38:26.264","2026-08-11 06:38:26.264","E2004701A0000000000196","W1-D-000406","E2004701B0000000000196","W1-W-000406",12.89991000,77.58828200
2839,"7000000407","Zone A - Division 1 - Ward 1 - Block 5","Individual HHs","9-07","2nd Floor","Owner","Karthik Iyer","8000000407","5",NULL,"2026-08-11 06:38:26.264","2026-08-11 06:38:26.264","E2004701A0000000000197","W1-D-000407","E2004701B0000000000197","W1-W-000407",12.89991200,77.58843200
2840,"7000000408","Zone A - Division 1 - Ward 1 - Block 5","Individual HHs","9-08","3rd Floor","Tenant","Vikram Iyer","8000000408","6",NULL,"2026-08-11 06:38:26.264","2026-08-11 06:38:26.264","E2004701A0000000000198","W1-D-000408","E2004701B0000000000198","W1-W-000408",12.89991400,77.58858200
2841,"7000000409","Zone A - Division 1 - Ward 1 - Block 5","Individual HHs","9-09","Ground floor","Owner","Akash Iyer","8000000409","1",NULL,"2026-08-11 06:38:26.264","2026-08-11 06:38:26.264","E2004701A0000000000199","W1-D-000409","E2004701B0000000000199","W1-W-000409",12.89991600,77.58873200
2842,"7000000410","Zone A - Division 1 - Ward 1 - Block 5","Individual HHs","9-10","1st Floor","Tenant","Siddharth Iyer","8000000410","2",NULL,"2026-08-11 06:38:26.264","2026-08-11 06:38:26.264","E2004701A000000000019A","W1-D-000410","E2004701B000000000019A","W1-W-000410",12.89991800,77.58888200
2843,"7000000411","Zone A - Division 1 - Ward 1 - Block 5","Individual HHs","9-11","2nd Floor","Owner","Ananya Iyer","8000000411","3",NULL,"2026-08-11 06:38:26.264","2026-08-11 06:38:26.264","E2004701A000000000019B","W1-D-000411","E2004701B000000000019B","W1-W-000411",12.89992000,77.58903200
2844,"7000000412","Zone A - Division 1 - Ward 1 - Block 5","Individual HHs","9-12","3rd Floor","Tenant","Aadhya Iyer","8000000412","4",NULL,"2026-08-11 06:38:26.264","2026-08-11 06:38:26.264","E2004701A000000000019C","W1-D-000412","E2004701B000000000019C","W1-W-000412",12.89992200,77.58918200
2845,"7000000413","Zone A - Division 1 - Ward 1 - Block 5","Individual HHs","9-13","Ground floor","Owner","Diya Iyer","8000000413","5",NULL,"2026-08-11 06:38:26.264","2026-08-11 06:38:26.264","E2004701A000000000019D","W1-D-000413","E2004701B000000000019D","W1-W-000413",12.89992400,77.58933200
2846,"7000000414","Zone A - Division 1 - Ward 1 - Block 5","Individual HHs","9-14","1st Floor","Tenant","Ishita Iyer","8000000414","6",NULL,"2026-08-11 06:38:26.264","2026-08-11 06:38:26.264","E2004701A000000000019E","W1-D-000414","E2004701B000000000019E","W1-W-000414",12.89992600,77.58948200
2847,"7000000415","Zone A - Division 1 - Ward 1 - Block 5","Individual HHs","9-15","2nd Floor","Owner","Kavya Iyer","8000000415","1",NULL,"2026-08-11 06:38:26.264","2026-08-11 06:38:26.264","E2004701A000000000019F","W1-D-000415","E2004701B000000000019F","W1-W-000415",12.89992800,77.58963200
2848,"7000000416","Zone A - Division 1 - Ward 1 - Block 5","Individual HHs","9-16","3rd Floor","Tenant","Meera Iyer","8000000416","2",NULL,"2026-08-11 06:38:26.264","2026-08-11 06:38:26.264","E2004701A00000000001A0","W1-D-000416","E2004701B00000000001A0","W1-W-000416",12.89993000,77.58978200
2849,"7000000417","Zone A - Division 1 - Ward 1 - Block 5","Individual HHs","9-17","Ground floor","Owner","Sneha Iyer","8000000417","3",NULL,"2026-08-11 06:38:26.264","2026-08-11 06:38:26.264","E2004701A00000000001A1","W1-D-000417","E2004701B00000000001A1","W1-W-000417",12.89993200,77.58993200
2850,"7000000418","Zone A - Division 1 - Ward 1 - Block 5","Individual HHs","9-18","1st Floor","Tenant","Pooja Iyer","8000000418","4",NULL,"2026-08-11 06:38:26.264","2026-08-11 06:38:26.264","E2004701A00000000001A2","W1-D-000418","E2004701B00000000001A2","W1-W-000418",12.89993400,77.59008200
2851,"7000000419","Zone A - Division 1 - Ward 1 - Block 5","Individual HHs","9-19","2nd Floor","Owner","Riya Iyer","8000000419","5",NULL,"2026-08-11 06:38:26.264","2026-08-11 06:38:26.264","E2004701A00000000001A3","W1-D-000419","E2004701B00000000001A3","W1-W-000419",12.89993600,77.59023200
2852,"7000000420","Zone A - Division 1 - Ward 1 - Block 5","Individual HHs","9-20","3rd Floor","Tenant","Nandini Iyer","8000000420","6",NULL,"2026-08-11 06:38:26.264","2026-08-11 06:38:26.264","E2004701A00000000001A4","W1-D-000420","E2004701B00000000001A4","W1-W-000420",12.89993800,77.59038200
2853,"7000000421","Zone A - Division 1 - Ward 1 - Block 5","Individual HHs","9-21","Ground floor","Owner","Sanjay Iyer","8000000421","1",NULL,"2026-08-11 06:38:26.264","2026-08-11 06:38:26.264","E2004701A00000000001A5","W1-D-000421","E2004701B00000000001A5","W1-W-000421",12.89994000,77.59053200
2854,"7000000422","Zone A - Division 1 - Ward 1 - Block 5","Individual HHs","9-22","1st Floor","Tenant","Manoj Iyer","8000000422","2",NULL,"2026-08-11 06:38:26.264","2026-08-11 06:38:26.264","E2004701A00000000001A6","W1-D-000422","E2004701B00000000001A6","W1-W-000422",12.89994200,77.59068200
2855,"7000000423","Zone A - Division 1 - Ward 1 - Block 5","Individual HHs","9-23","2nd Floor","Owner","Suresh Iyer","8000000423","3",NULL,"2026-08-11 06:38:26.264","2026-08-11 06:38:26.264","E2004701A00000000001A7","W1-D-000423","E2004701B00000000001A7","W1-W-000423",12.89994400,77.59083200
2856,"7000000424","Zone A - Division 1 - Ward 1 - Block 5","Individual HHs","9-24","3rd Floor","Tenant","Mahesh Iyer","8000000424","4",NULL,"2026-08-11 06:38:26.264","2026-08-11 06:38:26.264","E2004701A00000000001A8","W1-D-000424","E2004701B00000000001A8","W1-W-000424",12.89994600,77.59098200
2857,"7000000425","Zone A - Division 1 - Ward 1 - Block 5","Individual HHs","9-25","Ground floor","Owner","Prakash Iyer","8000000425","5",NULL,"2026-08-11 06:38:26.264","2026-08-11 06:38:26.264","E2004701A00000000001A9","W1-D-000425","E2004701B00000000001A9","W1-W-000425",12.89994800,77.59113200
2858,"7000000426","Zone A - Division 1 - Ward 1 - Block 5","Individual HHs","9-26","1st Floor","Tenant","Ramesh Iyer","8000000426","6",NULL,"2026-08-11 06:38:26.264","2026-08-11 06:38:26.264","E2004701A00000000001AA","W1-D-000426","E2004701B00000000001AA","W1-W-000426",12.90005000,77.58753400
2859,"7000000427","Zone A - Division 1 - Ward 1 - Block 5","Individual HHs","9-27","2nd Floor","Owner","Ganesh Iyer","8000000427","1",NULL,"2026-08-11 06:38:26.264","2026-08-11 06:38:26.264","E2004701A00000000001AB","W1-D-000427","E2004701B00000000001AB","W1-W-000427",12.90005200,77.58768400
2860,"7000000428","Zone A - Division 1 - Ward 1 - Block 5","Individual HHs","9-28","3rd Floor","Tenant","Dinesh Iyer","8000000428","2",NULL,"2026-08-11 06:38:26.264","2026-08-11 06:38:26.264","E2004701A00000000001AC","W1-D-000428","E2004701B00000000001AC","W1-W-000428",12.90005400,77.58783400
2861,"7000000429","Zone A - Division 1 - Ward 1 - Block 5","Individual HHs","9-29","Ground floor","Owner","Nikhil Iyer","8000000429","3",NULL,"2026-08-11 06:38:26.264","2026-08-11 06:38:26.264","E2004701A00000000001AD","W1-D-000429","E2004701B00000000001AD","W1-W-000429",12.90005600,77.58798400
2862,"7000000430","Zone A - Division 1 - Ward 1 - Block 5","Individual HHs","9-30","1st Floor","Tenant","Varun Iyer","8000000430","4",NULL,"2026-08-11 06:38:26.264","2026-08-11 06:38:26.264","E2004701A00000000001AE","W1-D-000430","E2004701B00000000001AE","W1-W-000430",12.90005800,77.58813400
2863,"7000000431","Zone A - Division 1 - Ward 1 - Block 5","Individual HHs","9-31","2nd Floor","Owner","Priya Iyer","8000000431","5",NULL,"2026-08-11 06:38:26.264","2026-08-11 06:38:26.264","E2004701A00000000001AF","W1-D-000431","E2004701B00000000001AF","W1-W-000431",12.90006000,77.58828400
2864,"7000000432","Zone A - Division 1 - Ward 1 - Block 5","Individual HHs","9-32","3rd Floor","Tenant","Divya Iyer","8000000432","6",NULL,"2026-08-11 06:38:26.264","2026-08-11 06:38:26.264","E2004701A00000000001B0","W1-D-000432","E2004701B00000000001B0","W1-W-000432",12.90006200,77.58843400
2865,"7000000433","Zone A - Division 1 - Ward 1 - Block 5","Individual HHs","9-33","Ground floor","Owner","Swathi Iyer","8000000433","1",NULL,"2026-08-11 06:38:26.264","2026-08-11 06:38:26.264","E2004701A00000000001B1","W1-D-000433","E2004701B00000000001B1","W1-W-000433",12.90006400,77.58858400
2866,"7000000434","Zone A - Division 1 - Ward 1 - Block 5","Individual HHs","9-34","1st Floor","Tenant","Shreya Iyer","8000000434","2",NULL,"2026-08-11 06:38:26.264","2026-08-11 06:38:26.264","E2004701A00000000001B2","W1-D-000434","E2004701B00000000001B2","W1-W-000434",12.90006600,77.58873400
2867,"7000000435","Zone A - Division 1 - Ward 1 - Block 5","Individual HHs","9-35","2nd Floor","Owner","Keerthi Iyer","8000000435","3",NULL,"2026-08-11 06:38:26.264","2026-08-11 06:38:26.264","E2004701A00000000001B3","W1-D-000435","E2004701B00000000001B3","W1-W-000435",12.90006800,77.58888400
2868,"7000000436","Zone A - Division 1 - Ward 1 - Block 5","Individual HHs","9-36","3rd Floor","Tenant","Lakshmi Iyer","8000000436","4",NULL,"2026-08-11 06:38:26.264","2026-08-11 06:38:26.264","E2004701A00000000001B4","W1-D-000436","E2004701B00000000001B4","W1-W-000436",12.90007000,77.58903400
2869,"7000000437","Zone A - Division 1 - Ward 1 - Block 5","Individual HHs","9-37","Ground floor","Owner","Deepa Iyer","8000000437","5",NULL,"2026-08-11 06:38:26.264","2026-08-11 06:38:26.264","E2004701A00000000001B5","W1-D-000437","E2004701B00000000001B5","W1-W-000437",12.90007200,77.58918400
2870,"7000000438","Zone A - Division 1 - Ward 1 - Block 5","Individual HHs","9-38","1st Floor","Tenant","Asha Iyer","8000000438","6",NULL,"2026-08-11 06:38:26.264","2026-08-11 06:38:26.264","E2004701A00000000001B6","W1-D-000438","E2004701B00000000001B6","W1-W-000438",12.90007400,77.58933400
2871,"7000000439","Zone A - Division 1 - Ward 1 - Block 5","Individual HHs","9-39","2nd Floor","Owner","Pallavi Iyer","8000000439","1",NULL,"2026-08-11 06:38:26.264","2026-08-11 06:38:26.264","E2004701A00000000001B7","W1-D-000439","E2004701B00000000001B7","W1-W-000439",12.90007600,77.58948400
2872,"7000000440","Zone A - Division 1 - Ward 1 - Block 5","Individual HHs","9-40","3rd Floor","Tenant","Bhavana Iyer","8000000440","2",NULL,"2026-08-11 06:38:26.264","2026-08-11 06:38:26.264","E2004701A00000000001B8","W1-D-000440","E2004701B00000000001B8","W1-W-000440",12.90007800,77.58963400
2873,"7000000441","Zone A - Division 1 - Ward 1 - Block 5","Individual HHs","9-41","Ground floor","Owner","Aarav Menon","8000000441","3",NULL,"2026-08-11 06:38:26.264","2026-08-11 06:38:26.264","E2004701A00000000001B9","W1-D-000441","E2004701B00000000001B9","W1-W-000441",12.90008000,77.58978400
2874,"7000000442","Zone A - Division 1 - Ward 1 - Block 5","Individual HHs","9-42","1st Floor","Tenant","Vihaan Menon","8000000442","4",NULL,"2026-08-11 06:38:26.264","2026-08-11 06:38:26.264","E2004701A00000000001BA","W1-D-000442","E2004701B00000000001BA","W1-W-000442",12.90008200,77.58993400
2875,"7000000443","Zone A - Division 1 - Ward 1 - Block 5","Individual HHs","9-43","2nd Floor","Owner","Aditya Menon","8000000443","5",NULL,"2026-08-11 06:38:26.264","2026-08-11 06:38:26.264","E2004701A00000000001BB","W1-D-000443","E2004701B00000000001BB","W1-W-000443",12.90008400,77.59008400
2876,"7000000444","Zone A - Division 1 - Ward 1 - Block 5","Individual HHs","9-44","3rd Floor","Tenant","Arjun Menon","8000000444","6",NULL,"2026-08-11 06:38:26.264","2026-08-11 06:38:26.264","E2004701A00000000001BC","W1-D-000444","E2004701B00000000001BC","W1-W-000444",12.90008600,77.59023400
2877,"7000000445","Zone A - Division 1 - Ward 1 - Block 5","Individual HHs","9-45","Ground floor","Owner","Rohan Menon","8000000445","1",NULL,"2026-08-11 06:38:26.264","2026-08-11 06:38:26.264","E2004701A00000000001BD","W1-D-000445","E2004701B00000000001BD","W1-W-000445",12.90008800,77.59038400
2878,"7000000446","Zone A - Division 1 - Ward 1 - Block 5","Individual HHs","9-46","1st Floor","Tenant","Rahul Menon","8000000446","2",NULL,"2026-08-11 06:38:26.264","2026-08-11 06:38:26.264","E2004701A00000000001BE","W1-D-000446","E2004701B00000000001BE","W1-W-000446",12.90009000,77.59053400
2879,"7000000447","Zone A - Division 1 - Ward 1 - Block 5","Individual HHs","9-47","2nd Floor","Owner","Karthik Menon","8000000447","3",NULL,"2026-08-11 06:38:26.264","2026-08-11 06:38:26.264","E2004701A00000000001BF","W1-D-000447","E2004701B00000000001BF","W1-W-000447",12.90009200,77.59068400
2880,"7000000448","Zone A - Division 1 - Ward 1 - Block 5","Individual HHs","9-48","3rd Floor","Tenant","Vikram Menon","8000000448","4",NULL,"2026-08-11 06:38:26.264","2026-08-11 06:38:26.264","E2004701A00000000001C0","W1-D-000448","E2004701B00000000001C0","W1-W-000448",12.90009400,77.59083400
2881,"7000000449","Zone A - Division 1 - Ward 1 - Block 5","Individual HHs","9-49","Ground floor","Owner","Akash Menon","8000000449","5",NULL,"2026-08-11 06:38:26.264","2026-08-11 06:38:26.264","E2004701A00000000001C1","W1-D-000449","E2004701B00000000001C1","W1-W-000449",12.90009600,77.59098400
2882,"7000000450","Zone A - Division 1 - Ward 1 - Block 5","Individual HHs","9-50","1st Floor","Tenant","Siddharth Menon","8000000450","6",NULL,"2026-08-11 06:38:26.264","2026-08-11 06:38:26.264","E2004701A00000000001C2","W1-D-000450","E2004701B00000000001C2","W1-W-000450",12.90009800,77.59113400
2883,"7000000451","Zone A - Division 1 - Ward 1 - Block 5","Individual HHs","10-01","2nd Floor","Owner","Ananya Menon","8000000451","1",NULL,"2026-08-11 06:38:26.264","2026-08-11 06:38:26.264","E2004701A00000000001C3","W1-D-000451","E2004701B00000000001C3","W1-W-000451",12.90020000,77.58753600
2884,"7000000452","Zone A - Division 1 - Ward 1 - Block 5","Individual HHs","10-02","3rd Floor","Tenant","Aadhya Menon","8000000452","2",NULL,"2026-08-11 06:38:26.264","2026-08-11 06:38:26.264","E2004701A00000000001C4","W1-D-000452","E2004701B00000000001C4","W1-W-000452",12.90020200,77.58768600
2885,"7000000453","Zone A - Division 1 - Ward 1 - Block 5","Individual HHs","10-03","Ground floor","Owner","Diya Menon","8000000453","3",NULL,"2026-08-11 06:38:26.264","2026-08-11 06:38:26.264","E2004701A00000000001C5","W1-D-000453","E2004701B00000000001C5","W1-W-000453",12.90020400,77.58783600
2886,"7000000454","Zone A - Division 1 - Ward 1 - Block 5","Individual HHs","10-04","1st Floor","Tenant","Ishita Menon","8000000454","4",NULL,"2026-08-11 06:38:26.264","2026-08-11 06:38:26.264","E2004701A00000000001C6","W1-D-000454","E2004701B00000000001C6","W1-W-000454",12.90020600,77.58798600
2887,"7000000455","Zone A - Division 1 - Ward 1 - Block 5","Individual HHs","10-05","2nd Floor","Owner","Kavya Menon","8000000455","5",NULL,"2026-08-11 06:38:26.264","2026-08-11 06:38:26.264","E2004701A00000000001C7","W1-D-000455","E2004701B00000000001C7","W1-W-000455",12.90020800,77.58813600
2888,"7000000456","Zone A - Division 1 - Ward 1 - Block 5","Individual HHs","10-06","3rd Floor","Tenant","Meera Menon","8000000456","6",NULL,"2026-08-11 06:38:26.264","2026-08-11 06:38:26.264","E2004701A00000000001C8","W1-D-000456","E2004701B00000000001C8","W1-W-000456",12.90021000,77.58828600
2889,"7000000457","Zone A - Division 1 - Ward 1 - Block 5","Individual HHs","10-07","Ground floor","Owner","Sneha Menon","8000000457","1",NULL,"2026-08-11 06:38:26.264","2026-08-11 06:38:26.264","E2004701A00000000001C9","W1-D-000457","E2004701B00000000001C9","W1-W-000457",12.90021200,77.58843600
2890,"7000000458","Zone A - Division 1 - Ward 1 - Block 5","Individual HHs","10-08","1st Floor","Tenant","Pooja Menon","8000000458","2",NULL,"2026-08-11 06:38:26.264","2026-08-11 06:38:26.264","E2004701A00000000001CA","W1-D-000458","E2004701B00000000001CA","W1-W-000458",12.90021400,77.58858600
2891,"7000000459","Zone A - Division 1 - Ward 1 - Block 5","Individual HHs","10-09","2nd Floor","Owner","Riya Menon","8000000459","3",NULL,"2026-08-11 06:38:26.264","2026-08-11 06:38:26.264","E2004701A00000000001CB","W1-D-000459","E2004701B00000000001CB","W1-W-000459",12.90021600,77.58873600
2892,"7000000460","Zone A - Division 1 - Ward 1 - Block 5","Individual HHs","10-10","3rd Floor","Tenant","Nandini Menon","8000000460","4",NULL,"2026-08-11 06:38:26.264","2026-08-11 06:38:26.264","E2004701A00000000001CC","W1-D-000460","E2004701B00000000001CC","W1-W-000460",12.90021800,77.58888600
2893,"7000000461","Zone A - Division 1 - Ward 1 - Block 5","Individual HHs","10-11","Ground floor","Owner","Sanjay Menon","8000000461","5",NULL,"2026-08-11 06:38:26.264","2026-08-11 06:38:26.264","E2004701A00000000001CD","W1-D-000461","E2004701B00000000001CD","W1-W-000461",12.90022000,77.58903600
2894,"7000000462","Zone A - Division 1 - Ward 1 - Block 5","Individual HHs","10-12","1st Floor","Tenant","Manoj Menon","8000000462","6",NULL,"2026-08-11 06:38:26.264","2026-08-11 06:38:26.264","E2004701A00000000001CE","W1-D-000462","E2004701B00000000001CE","W1-W-000462",12.90022200,77.58918600
2895,"7000000463","Zone A - Division 1 - Ward 1 - Block 5","Individual HHs","10-13","2nd Floor","Owner","Suresh Menon","8000000463","1",NULL,"2026-08-11 06:38:26.264","2026-08-11 06:38:26.264","E2004701A00000000001CF","W1-D-000463","E2004701B00000000001CF","W1-W-000463",12.90022400,77.58933600
2896,"7000000464","Zone A - Division 1 - Ward 1 - Block 5","Individual HHs","10-14","3rd Floor","Tenant","Mahesh Menon","8000000464","2",NULL,"2026-08-11 06:38:26.264","2026-08-11 06:38:26.264","E2004701A00000000001D0","W1-D-000464","E2004701B00000000001D0","W1-W-000464",12.90022600,77.58948600
2897,"7000000465","Zone A - Division 1 - Ward 1 - Block 5","Individual HHs","10-15","Ground floor","Owner","Prakash Menon","8000000465","3",NULL,"2026-08-11 06:38:26.264","2026-08-11 06:38:26.264","E2004701A00000000001D1","W1-D-000465","E2004701B00000000001D1","W1-W-000465",12.90022800,77.58963600
2898,"7000000466","Zone A - Division 1 - Ward 1 - Block 5","Individual HHs","10-16","1st Floor","Tenant","Ramesh Menon","8000000466","4",NULL,"2026-08-11 06:38:26.264","2026-08-11 06:38:26.264","E2004701A00000000001D2","W1-D-000466","E2004701B00000000001D2","W1-W-000466",12.90023000,77.58978600
2899,"7000000467","Zone A - Division 1 - Ward 1 - Block 5","Individual HHs","10-17","2nd Floor","Owner","Ganesh Menon","8000000467","5",NULL,"2026-08-11 06:38:26.264","2026-08-11 06:38:26.264","E2004701A00000000001D3","W1-D-000467","E2004701B00000000001D3","W1-W-000467",12.90023200,77.58993600
2900,"7000000468","Zone A - Division 1 - Ward 1 - Block 5","Individual HHs","10-18","3rd Floor","Tenant","Dinesh Menon","8000000468","6",NULL,"2026-08-11 06:38:26.264","2026-08-11 06:38:26.264","E2004701A00000000001D4","W1-D-000468","E2004701B00000000001D4","W1-W-000468",12.90023400,77.59008600
2901,"7000000469","Zone A - Division 1 - Ward 1 - Block 5","Individual HHs","10-19","Ground floor","Owner","Nikhil Menon","8000000469","1",NULL,"2026-08-11 06:38:26.264","2026-08-11 06:38:26.264","E2004701A00000000001D5","W1-D-000469","E2004701B00000000001D5","W1-W-000469",12.90023600,77.59023600
2902,"7000000470","Zone A - Division 1 - Ward 1 - Block 5","Individual HHs","10-20","1st Floor","Tenant","Varun Menon","8000000470","2",NULL,"2026-08-11 06:38:26.264","2026-08-11 06:38:26.264","E2004701A00000000001D6","W1-D-000470","E2004701B00000000001D6","W1-W-000470",12.90023800,77.59038600
2903,"7000000471","Zone A - Division 1 - Ward 1 - Block 5","Individual HHs","10-21","2nd Floor","Owner","Priya Menon","8000000471","3",NULL,"2026-08-11 06:38:26.264","2026-08-11 06:38:26.264","E2004701A00000000001D7","W1-D-000471","E2004701B00000000001D7","W1-W-000471",12.90024000,77.59053600
2904,"7000000472","Zone A - Division 1 - Ward 1 - Block 5","Individual HHs","10-22","3rd Floor","Tenant","Divya Menon","8000000472","4",NULL,"2026-08-11 06:38:26.264","2026-08-11 06:38:26.264","E2004701A00000000001D8","W1-D-000472","E2004701B00000000001D8","W1-W-000472",12.90024200,77.59068600
2905,"7000000473","Zone A - Division 1 - Ward 1 - Block 5","Individual HHs","10-23","Ground floor","Owner","Swathi Menon","8000000473","5",NULL,"2026-08-11 06:38:26.264","2026-08-11 06:38:26.264","E2004701A00000000001D9","W1-D-000473","E2004701B00000000001D9","W1-W-000473",12.90024400,77.59083600
2906,"7000000474","Zone A - Division 1 - Ward 1 - Block 5","Individual HHs","10-24","1st Floor","Tenant","Shreya Menon","8000000474","6",NULL,"2026-08-11 06:38:26.264","2026-08-11 06:38:26.264","E2004701A00000000001DA","W1-D-000474","E2004701B00000000001DA","W1-W-000474",12.90024600,77.59098600
2907,"7000000475","Zone A - Division 1 - Ward 1 - Block 5","Individual HHs","10-25","2nd Floor","Owner","Keerthi Menon","8000000475","1",NULL,"2026-08-11 06:38:26.264","2026-08-11 06:38:26.264","E2004701A00000000001DB","W1-D-000475","E2004701B00000000001DB","W1-W-000475",12.90024800,77.59113600
2908,"7000000476","Zone A - Division 1 - Ward 1 - Block 5","Individual HHs","10-26","3rd Floor","Tenant","Lakshmi Menon","8000000476","2",NULL,"2026-08-11 06:38:26.264","2026-08-11 06:38:26.264","E2004701A00000000001DC","W1-D-000476","E2004701B00000000001DC","W1-W-000476",12.90035000,77.58753800
2909,"7000000477","Zone A - Division 1 - Ward 1 - Block 5","Individual HHs","10-27","Ground floor","Owner","Deepa Menon","8000000477","3",NULL,"2026-08-11 06:38:26.264","2026-08-11 06:38:26.264","E2004701A00000000001DD","W1-D-000477","E2004701B00000000001DD","W1-W-000477",12.90035200,77.58768800
2910,"7000000478","Zone A - Division 1 - Ward 1 - Block 5","Individual HHs","10-28","1st Floor","Tenant","Asha Menon","8000000478","4",NULL,"2026-08-11 06:38:26.264","2026-08-11 06:38:26.264","E2004701A00000000001DE","W1-D-000478","E2004701B00000000001DE","W1-W-000478",12.90035400,77.58783800
2911,"7000000479","Zone A - Division 1 - Ward 1 - Block 5","Individual HHs","10-29","2nd Floor","Owner","Pallavi Menon","8000000479","5",NULL,"2026-08-11 06:38:26.264","2026-08-11 06:38:26.264","E2004701A00000000001DF","W1-D-000479","E2004701B00000000001DF","W1-W-000479",12.90035600,77.58798800
2912,"7000000480","Zone A - Division 1 - Ward 1 - Block 5","Individual HHs","10-30","3rd Floor","Tenant","Bhavana Menon","8000000480","6",NULL,"2026-08-11 06:38:26.264","2026-08-11 06:38:26.264","E2004701A00000000001E0","W1-D-000480","E2004701B00000000001E0","W1-W-000480",12.90035800,77.58813800
2913,"7000000481","Zone A - Division 1 - Ward 1 - Block 5","Individual HHs","10-31","Ground floor","Owner","Aarav Pillai","8000000481","1",NULL,"2026-08-11 06:38:26.264","2026-08-11 06:38:26.264","E2004701A00000000001E1","W1-D-000481","E2004701B00000000001E1","W1-W-000481",12.90036000,77.58828800
2914,"7000000482","Zone A - Division 1 - Ward 1 - Block 5","Individual HHs","10-32","1st Floor","Tenant","Vihaan Pillai","8000000482","2",NULL,"2026-08-11 06:38:26.264","2026-08-11 06:38:26.264","E2004701A00000000001E2","W1-D-000482","E2004701B00000000001E2","W1-W-000482",12.90036200,77.58843800
2915,"7000000483","Zone A - Division 1 - Ward 1 - Block 5","Individual HHs","10-33","2nd Floor","Owner","Aditya Pillai","8000000483","3",NULL,"2026-08-11 06:38:26.264","2026-08-11 06:38:26.264","E2004701A00000000001E3","W1-D-000483","E2004701B00000000001E3","W1-W-000483",12.90036400,77.58858800
2916,"7000000484","Zone A - Division 1 - Ward 1 - Block 5","Individual HHs","10-34","3rd Floor","Tenant","Arjun Pillai","8000000484","4",NULL,"2026-08-11 06:38:26.264","2026-08-11 06:38:26.264","E2004701A00000000001E4","W1-D-000484","E2004701B00000000001E4","W1-W-000484",12.90036600,77.58873800
2917,"7000000485","Zone A - Division 1 - Ward 1 - Block 5","Individual HHs","10-35","Ground floor","Owner","Rohan Pillai","8000000485","5",NULL,"2026-08-11 06:38:26.264","2026-08-11 06:38:26.264","E2004701A00000000001E5","W1-D-000485","E2004701B00000000001E5","W1-W-000485",12.90036800,77.58888800
2918,"7000000486","Zone A - Division 1 - Ward 1 - Block 5","Individual HHs","10-36","1st Floor","Tenant","Rahul Pillai","8000000486","6",NULL,"2026-08-11 06:38:26.264","2026-08-11 06:38:26.264","E2004701A00000000001E6","W1-D-000486","E2004701B00000000001E6","W1-W-000486",12.90037000,77.58903800
2919,"7000000487","Zone A - Division 1 - Ward 1 - Block 5","Individual HHs","10-37","2nd Floor","Owner","Karthik Pillai","8000000487","1",NULL,"2026-08-11 06:38:26.264","2026-08-11 06:38:26.264","E2004701A00000000001E7","W1-D-000487","E2004701B00000000001E7","W1-W-000487",12.90037200,77.58918800
2920,"7000000488","Zone A - Division 1 - Ward 1 - Block 5","Individual HHs","10-38","3rd Floor","Tenant","Vikram Pillai","8000000488","2",NULL,"2026-08-11 06:38:26.264","2026-08-11 06:38:26.264","E2004701A00000000001E8","W1-D-000488","E2004701B00000000001E8","W1-W-000488",12.90037400,77.58933800
2921,"7000000489","Zone A - Division 1 - Ward 1 - Block 5","Individual HHs","10-39","Ground floor","Owner","Akash Pillai","8000000489","3",NULL,"2026-08-11 06:38:26.264","2026-08-11 06:38:26.264","E2004701A00000000001E9","W1-D-000489","E2004701B00000000001E9","W1-W-000489",12.90037600,77.58948800
2922,"7000000490","Zone A - Division 1 - Ward 1 - Block 5","Individual HHs","10-40","1st Floor","Tenant","Siddharth Pillai","8000000490","4",NULL,"2026-08-11 06:38:26.264","2026-08-11 06:38:26.264","E2004701A00000000001EA","W1-D-000490","E2004701B00000000001EA","W1-W-000490",12.90037800,77.58963800
2923,"7000000491","Zone A - Division 1 - Ward 1 - Block 5","Individual HHs","10-41","2nd Floor","Owner","Ananya Pillai","8000000491","5",NULL,"2026-08-11 06:38:26.264","2026-08-11 06:38:26.264","E2004701A00000000001EB","W1-D-000491","E2004701B00000000001EB","W1-W-000491",12.90038000,77.58978800
2924,"7000000492","Zone A - Division 1 - Ward 1 - Block 5","Individual HHs","10-42","3rd Floor","Tenant","Aadhya Pillai","8000000492","6",NULL,"2026-08-11 06:38:26.264","2026-08-11 06:38:26.264","E2004701A00000000001EC","W1-D-000492","E2004701B00000000001EC","W1-W-000492",12.90038200,77.58993800
2925,"7000000493","Zone A - Division 1 - Ward 1 - Block 5","Individual HHs","10-43","Ground floor","Owner","Diya Pillai","8000000493","1",NULL,"2026-08-11 06:38:26.264","2026-08-11 06:38:26.264","E2004701A00000000001ED","W1-D-000493","E2004701B00000000001ED","W1-W-000493",12.90038400,77.59008800
2926,"7000000494","Zone A - Division 1 - Ward 1 - Block 5","Individual HHs","10-44","1st Floor","Tenant","Ishita Pillai","8000000494","2",NULL,"2026-08-11 06:38:26.264","2026-08-11 06:38:26.264","E2004701A00000000001EE","W1-D-000494","E2004701B00000000001EE","W1-W-000494",12.90038600,77.59023800
2927,"7000000495","Zone A - Division 1 - Ward 1 - Block 5","Individual HHs","10-45","2nd Floor","Owner","Kavya Pillai","8000000495","3",NULL,"2026-08-11 06:38:26.264","2026-08-11 06:38:26.264","E2004701A00000000001EF","W1-D-000495","E2004701B00000000001EF","W1-W-000495",12.90038800,77.59038800
2928,"7000000496","Zone A - Division 1 - Ward 1 - Block 5","Individual HHs","10-46","3rd Floor","Tenant","Meera Pillai","8000000496","4",NULL,"2026-08-11 06:38:26.264","2026-08-11 06:38:26.264","E2004701A00000000001F0","W1-D-000496","E2004701B00000000001F0","W1-W-000496",12.90039000,77.59053800
2929,"7000000497","Zone A - Division 1 - Ward 1 - Block 5","Individual HHs","10-47","Ground floor","Owner","Sneha Pillai","8000000497","5",NULL,"2026-08-11 06:38:26.264","2026-08-11 06:38:26.264","E2004701A00000000001F1","W1-D-000497","E2004701B00000000001F1","W1-W-000497",12.90039200,77.59068800
2930,"7000000498","Zone A - Division 1 - Ward 1 - Block 5","Individual HHs","10-48","1st Floor","Tenant","Pooja Pillai","8000000498","6",NULL,"2026-08-11 06:38:26.264","2026-08-11 06:38:26.264","E2004701A00000000001F2","W1-D-000498","E2004701B00000000001F2","W1-W-000498",12.90039400,77.59083800
2931,"7000000499","Zone A - Division 1 - Ward 1 - Block 5","Individual HHs","10-49","2nd Floor","Owner","Riya Pillai","8000000499","1",NULL,"2026-08-11 06:38:26.264","2026-08-11 06:38:26.264","E2004701A00000000001F3","W1-D-000499","E2004701B00000000001F3","W1-W-000499",12.90039600,77.59098800
2932,"7000000500","Zone A - Division 1 - Ward 1 - Block 5","Individual HHs","10-50","3rd Floor","Tenant","Nandini Pillai","8000000500","2",NULL,"2026-08-11 06:38:26.264","2026-08-11 06:38:26.264","E2004701A00000000001F4","W1-D-000500","E2004701B00000000001F4","W1-W-000500",12.90039800,77.59113800
2933,"7000000501","Zone A - Division 1 - Ward 1 - Block 6","Individual HHs","11-01","Ground floor","Owner","Sanjay Pillai","8000000501","3",NULL,"2026-08-11 06:38:26.264","2026-08-11 06:38:26.264","E2004701A00000000001F5","W1-D-000501","E2004701B00000000001F5","W1-W-000501",12.90050000,77.58754000
2934,"7000000502","Zone A - Division 1 - Ward 1 - Block 6","Individual HHs","11-02","1st Floor","Tenant","Manoj Pillai","8000000502","4",NULL,"2026-08-11 06:38:26.264","2026-08-11 06:38:26.264","E2004701A00000000001F6","W1-D-000502","E2004701B00000000001F6","W1-W-000502",12.90050200,77.58769000
2935,"7000000503","Zone A - Division 1 - Ward 1 - Block 6","Individual HHs","11-03","2nd Floor","Owner","Suresh Pillai","8000000503","5",NULL,"2026-08-11 06:38:26.264","2026-08-11 06:38:26.264","E2004701A00000000001F7","W1-D-000503","E2004701B00000000001F7","W1-W-000503",12.90050400,77.58784000
2936,"7000000504","Zone A - Division 1 - Ward 1 - Block 6","Individual HHs","11-04","3rd Floor","Tenant","Mahesh Pillai","8000000504","6",NULL,"2026-08-11 06:38:26.264","2026-08-11 06:38:26.264","E2004701A00000000001F8","W1-D-000504","E2004701B00000000001F8","W1-W-000504",12.90050600,77.58799000
2937,"7000000505","Zone A - Division 1 - Ward 1 - Block 6","Individual HHs","11-05","Ground floor","Owner","Prakash Pillai","8000000505","1",NULL,"2026-08-11 06:38:26.264","2026-08-11 06:38:26.264","E2004701A00000000001F9","W1-D-000505","E2004701B00000000001F9","W1-W-000505",12.90050800,77.58814000
2938,"7000000506","Zone A - Division 1 - Ward 1 - Block 6","Individual HHs","11-06","1st Floor","Tenant","Ramesh Pillai","8000000506","2",NULL,"2026-08-11 06:38:26.264","2026-08-11 06:38:26.264","E2004701A00000000001FA","W1-D-000506","E2004701B00000000001FA","W1-W-000506",12.90051000,77.58829000
2939,"7000000507","Zone A - Division 1 - Ward 1 - Block 6","Individual HHs","11-07","2nd Floor","Owner","Ganesh Pillai","8000000507","3",NULL,"2026-08-11 06:38:26.264","2026-08-11 06:38:26.264","E2004701A00000000001FB","W1-D-000507","E2004701B00000000001FB","W1-W-000507",12.90051200,77.58844000
2940,"7000000508","Zone A - Division 1 - Ward 1 - Block 6","Individual HHs","11-08","3rd Floor","Tenant","Dinesh Pillai","8000000508","4",NULL,"2026-08-11 06:38:26.264","2026-08-11 06:38:26.264","E2004701A00000000001FC","W1-D-000508","E2004701B00000000001FC","W1-W-000508",12.90051400,77.58859000
2941,"7000000509","Zone A - Division 1 - Ward 1 - Block 6","Individual HHs","11-09","Ground floor","Owner","Nikhil Pillai","8000000509","5",NULL,"2026-08-11 06:38:26.264","2026-08-11 06:38:26.264","E2004701A00000000001FD","W1-D-000509","E2004701B00000000001FD","W1-W-000509",12.90051600,77.58874000
2942,"7000000510","Zone A - Division 1 - Ward 1 - Block 6","Individual HHs","11-10","1st Floor","Tenant","Varun Pillai","8000000510","6",NULL,"2026-08-11 06:38:26.264","2026-08-11 06:38:26.264","E2004701A00000000001FE","W1-D-000510","E2004701B00000000001FE","W1-W-000510",12.90051800,77.58889000
2943,"7000000511","Zone A - Division 1 - Ward 1 - Block 6","Individual HHs","11-11","2nd Floor","Owner","Priya Pillai","8000000511","1",NULL,"2026-08-11 06:38:26.264","2026-08-11 06:38:26.264","E2004701A00000000001FF","W1-D-000511","E2004701B00000000001FF","W1-W-000511",12.90052000,77.58904000
2944,"7000000512","Zone A - Division 1 - Ward 1 - Block 6","Individual HHs","11-12","3rd Floor","Tenant","Divya Pillai","8000000512","2",NULL,"2026-08-11 06:38:26.264","2026-08-11 06:38:26.264","E2004701A0000000000200","W1-D-000512","E2004701B0000000000200","W1-W-000512",12.90052200,77.58919000
2945,"7000000513","Zone A - Division 1 - Ward 1 - Block 6","Individual HHs","11-13","Ground floor","Owner","Swathi Pillai","8000000513","3",NULL,"2026-08-11 06:38:26.264","2026-08-11 06:38:26.264","E2004701A0000000000201","W1-D-000513","E2004701B0000000000201","W1-W-000513",12.90052400,77.58934000
2946,"7000000514","Zone A - Division 1 - Ward 1 - Block 6","Individual HHs","11-14","1st Floor","Tenant","Shreya Pillai","8000000514","4",NULL,"2026-08-11 06:38:26.264","2026-08-11 06:38:26.264","E2004701A0000000000202","W1-D-000514","E2004701B0000000000202","W1-W-000514",12.90052600,77.58949000
2947,"7000000515","Zone A - Division 1 - Ward 1 - Block 6","Individual HHs","11-15","2nd Floor","Owner","Keerthi Pillai","8000000515","5",NULL,"2026-08-11 06:38:26.264","2026-08-11 06:38:26.264","E2004701A0000000000203","W1-D-000515","E2004701B0000000000203","W1-W-000515",12.90052800,77.58964000
2948,"7000000516","Zone A - Division 1 - Ward 1 - Block 6","Individual HHs","11-16","3rd Floor","Tenant","Lakshmi Pillai","8000000516","6",NULL,"2026-08-11 06:38:26.264","2026-08-11 06:38:26.264","E2004701A0000000000204","W1-D-000516","E2004701B0000000000204","W1-W-000516",12.90053000,77.58979000
2949,"7000000517","Zone A - Division 1 - Ward 1 - Block 6","Individual HHs","11-17","Ground floor","Owner","Deepa Pillai","8000000517","1",NULL,"2026-08-11 06:38:26.264","2026-08-11 06:38:26.264","E2004701A0000000000205","W1-D-000517","E2004701B0000000000205","W1-W-000517",12.90053200,77.58994000
2950,"7000000518","Zone A - Division 1 - Ward 1 - Block 6","Individual HHs","11-18","1st Floor","Tenant","Asha Pillai","8000000518","2",NULL,"2026-08-11 06:38:26.264","2026-08-11 06:38:26.264","E2004701A0000000000206","W1-D-000518","E2004701B0000000000206","W1-W-000518",12.90053400,77.59009000
2951,"7000000519","Zone A - Division 1 - Ward 1 - Block 6","Individual HHs","11-19","2nd Floor","Owner","Pallavi Pillai","8000000519","3",NULL,"2026-08-11 06:38:26.264","2026-08-11 06:38:26.264","E2004701A0000000000207","W1-D-000519","E2004701B0000000000207","W1-W-000519",12.90053600,77.59024000
2952,"7000000520","Zone A - Division 1 - Ward 1 - Block 6","Individual HHs","11-20","3rd Floor","Tenant","Bhavana Pillai","8000000520","4",NULL,"2026-08-11 06:38:26.264","2026-08-11 06:38:26.264","E2004701A0000000000208","W1-D-000520","E2004701B0000000000208","W1-W-000520",12.90053800,77.59039000
2953,"7000000521","Zone A - Division 1 - Ward 1 - Block 6","Individual HHs","11-21","Ground floor","Owner","Aarav Bhat","8000000521","5",NULL,"2026-08-11 06:38:26.264","2026-08-11 06:38:26.264","E2004701A0000000000209","W1-D-000521","E2004701B0000000000209","W1-W-000521",12.90054000,77.59054000
2954,"7000000522","Zone A - Division 1 - Ward 1 - Block 6","Individual HHs","11-22","1st Floor","Tenant","Vihaan Bhat","8000000522","6",NULL,"2026-08-11 06:38:26.264","2026-08-11 06:38:26.264","E2004701A000000000020A","W1-D-000522","E2004701B000000000020A","W1-W-000522",12.90054200,77.59069000
2955,"7000000523","Zone A - Division 1 - Ward 1 - Block 6","Individual HHs","11-23","2nd Floor","Owner","Aditya Bhat","8000000523","1",NULL,"2026-08-11 06:38:26.264","2026-08-11 06:38:26.264","E2004701A000000000020B","W1-D-000523","E2004701B000000000020B","W1-W-000523",12.90054400,77.59084000
2956,"7000000524","Zone A - Division 1 - Ward 1 - Block 6","Individual HHs","11-24","3rd Floor","Tenant","Arjun Bhat","8000000524","2",NULL,"2026-08-11 06:38:26.264","2026-08-11 06:38:26.264","E2004701A000000000020C","W1-D-000524","E2004701B000000000020C","W1-W-000524",12.90054600,77.59099000
2957,"7000000525","Zone A - Division 1 - Ward 1 - Block 6","Individual HHs","11-25","Ground floor","Owner","Rohan Bhat","8000000525","3",NULL,"2026-08-11 06:38:26.264","2026-08-11 06:38:26.264","E2004701A000000000020D","W1-D-000525","E2004701B000000000020D","W1-W-000525",12.90054800,77.59114000
2958,"7000000526","Zone A - Division 1 - Ward 1 - Block 6","Individual HHs","11-26","1st Floor","Tenant","Rahul Bhat","8000000526","4",NULL,"2026-08-11 06:38:26.264","2026-08-11 06:38:26.264","E2004701A000000000020E","W1-D-000526","E2004701B000000000020E","W1-W-000526",12.90065000,77.58754200
2959,"7000000527","Zone A - Division 1 - Ward 1 - Block 6","Individual HHs","11-27","2nd Floor","Owner","Karthik Bhat","8000000527","5",NULL,"2026-08-11 06:38:26.264","2026-08-11 06:38:26.264","E2004701A000000000020F","W1-D-000527","E2004701B000000000020F","W1-W-000527",12.90065200,77.58769200
2960,"7000000528","Zone A - Division 1 - Ward 1 - Block 6","Individual HHs","11-28","3rd Floor","Tenant","Vikram Bhat","8000000528","6",NULL,"2026-08-11 06:38:26.264","2026-08-11 06:38:26.264","E2004701A0000000000210","W1-D-000528","E2004701B0000000000210","W1-W-000528",12.90065400,77.58784200
2961,"7000000529","Zone A - Division 1 - Ward 1 - Block 6","Individual HHs","11-29","Ground floor","Owner","Akash Bhat","8000000529","1",NULL,"2026-08-11 06:38:26.264","2026-08-11 06:38:26.264","E2004701A0000000000211","W1-D-000529","E2004701B0000000000211","W1-W-000529",12.90065600,77.58799200
2962,"7000000530","Zone A - Division 1 - Ward 1 - Block 6","Individual HHs","11-30","1st Floor","Tenant","Siddharth Bhat","8000000530","2",NULL,"2026-08-11 06:38:26.264","2026-08-11 06:38:26.264","E2004701A0000000000212","W1-D-000530","E2004701B0000000000212","W1-W-000530",12.90065800,77.58814200
2963,"7000000531","Zone A - Division 1 - Ward 1 - Block 6","Individual HHs","11-31","2nd Floor","Owner","Ananya Bhat","8000000531","3",NULL,"2026-08-11 06:38:26.264","2026-08-11 06:38:26.264","E2004701A0000000000213","W1-D-000531","E2004701B0000000000213","W1-W-000531",12.90066000,77.58829200
2964,"7000000532","Zone A - Division 1 - Ward 1 - Block 6","Individual HHs","11-32","3rd Floor","Tenant","Aadhya Bhat","8000000532","4",NULL,"2026-08-11 06:38:26.264","2026-08-11 06:38:26.264","E2004701A0000000000214","W1-D-000532","E2004701B0000000000214","W1-W-000532",12.90066200,77.58844200
2965,"7000000533","Zone A - Division 1 - Ward 1 - Block 6","Individual HHs","11-33","Ground floor","Owner","Diya Bhat","8000000533","5",NULL,"2026-08-11 06:38:26.264","2026-08-11 06:38:26.264","E2004701A0000000000215","W1-D-000533","E2004701B0000000000215","W1-W-000533",12.90066400,77.58859200
2966,"7000000534","Zone A - Division 1 - Ward 1 - Block 6","Individual HHs","11-34","1st Floor","Tenant","Ishita Bhat","8000000534","6",NULL,"2026-08-11 06:38:26.264","2026-08-11 06:38:26.264","E2004701A0000000000216","W1-D-000534","E2004701B0000000000216","W1-W-000534",12.90066600,77.58874200
2967,"7000000535","Zone A - Division 1 - Ward 1 - Block 6","Individual HHs","11-35","2nd Floor","Owner","Kavya Bhat","8000000535","1",NULL,"2026-08-11 06:38:26.264","2026-08-11 06:38:26.264","E2004701A0000000000217","W1-D-000535","E2004701B0000000000217","W1-W-000535",12.90066800,77.58889200
2968,"7000000536","Zone A - Division 1 - Ward 1 - Block 6","Individual HHs","11-36","3rd Floor","Tenant","Meera Bhat","8000000536","2",NULL,"2026-08-11 06:38:26.264","2026-08-11 06:38:26.264","E2004701A0000000000218","W1-D-000536","E2004701B0000000000218","W1-W-000536",12.90067000,77.58904200
2969,"7000000537","Zone A - Division 1 - Ward 1 - Block 6","Individual HHs","11-37","Ground floor","Owner","Sneha Bhat","8000000537","3",NULL,"2026-08-11 06:38:26.264","2026-08-11 06:38:26.264","E2004701A0000000000219","W1-D-000537","E2004701B0000000000219","W1-W-000537",12.90067200,77.58919200
2970,"7000000538","Zone A - Division 1 - Ward 1 - Block 6","Individual HHs","11-38","1st Floor","Tenant","Pooja Bhat","8000000538","4",NULL,"2026-08-11 06:38:26.264","2026-08-11 06:38:26.264","E2004701A000000000021A","W1-D-000538","E2004701B000000000021A","W1-W-000538",12.90067400,77.58934200
2971,"7000000539","Zone A - Division 1 - Ward 1 - Block 6","Individual HHs","11-39","2nd Floor","Owner","Riya Bhat","8000000539","5",NULL,"2026-08-11 06:38:26.264","2026-08-11 06:38:26.264","E2004701A000000000021B","W1-D-000539","E2004701B000000000021B","W1-W-000539",12.90067600,77.58949200
2972,"7000000540","Zone A - Division 1 - Ward 1 - Block 6","Individual HHs","11-40","3rd Floor","Tenant","Nandini Bhat","8000000540","6",NULL,"2026-08-11 06:38:26.264","2026-08-11 06:38:26.264","E2004701A000000000021C","W1-D-000540","E2004701B000000000021C","W1-W-000540",12.90067800,77.58964200
2973,"7000000541","Zone A - Division 1 - Ward 1 - Block 6","Individual HHs","11-41","Ground floor","Owner","Sanjay Bhat","8000000541","1",NULL,"2026-08-11 06:38:26.264","2026-08-11 06:38:26.264","E2004701A000000000021D","W1-D-000541","E2004701B000000000021D","W1-W-000541",12.90068000,77.58979200
2974,"7000000542","Zone A - Division 1 - Ward 1 - Block 6","Individual HHs","11-42","1st Floor","Tenant","Manoj Bhat","8000000542","2",NULL,"2026-08-11 06:38:26.264","2026-08-11 06:38:26.264","E2004701A000000000021E","W1-D-000542","E2004701B000000000021E","W1-W-000542",12.90068200,77.58994200
2975,"7000000543","Zone A - Division 1 - Ward 1 - Block 6","Individual HHs","11-43","2nd Floor","Owner","Suresh Bhat","8000000543","3",NULL,"2026-08-11 06:38:26.264","2026-08-11 06:38:26.264","E2004701A000000000021F","W1-D-000543","E2004701B000000000021F","W1-W-000543",12.90068400,77.59009200
2976,"7000000544","Zone A - Division 1 - Ward 1 - Block 6","Individual HHs","11-44","3rd Floor","Tenant","Mahesh Bhat","8000000544","4",NULL,"2026-08-11 06:38:26.264","2026-08-11 06:38:26.264","E2004701A0000000000220","W1-D-000544","E2004701B0000000000220","W1-W-000544",12.90068600,77.59024200
2977,"7000000545","Zone A - Division 1 - Ward 1 - Block 6","Individual HHs","11-45","Ground floor","Owner","Prakash Bhat","8000000545","5",NULL,"2026-08-11 06:38:26.264","2026-08-11 06:38:26.264","E2004701A0000000000221","W1-D-000545","E2004701B0000000000221","W1-W-000545",12.90068800,77.59039200
2978,"7000000546","Zone A - Division 1 - Ward 1 - Block 6","Individual HHs","11-46","1st Floor","Tenant","Ramesh Bhat","8000000546","6",NULL,"2026-08-11 06:38:26.264","2026-08-11 06:38:26.264","E2004701A0000000000222","W1-D-000546","E2004701B0000000000222","W1-W-000546",12.90069000,77.59054200
2979,"7000000547","Zone A - Division 1 - Ward 1 - Block 6","Individual HHs","11-47","2nd Floor","Owner","Ganesh Bhat","8000000547","1",NULL,"2026-08-11 06:38:26.264","2026-08-11 06:38:26.264","E2004701A0000000000223","W1-D-000547","E2004701B0000000000223","W1-W-000547",12.90069200,77.59069200
2980,"7000000548","Zone A - Division 1 - Ward 1 - Block 6","Individual HHs","11-48","3rd Floor","Tenant","Dinesh Bhat","8000000548","2",NULL,"2026-08-11 06:38:26.264","2026-08-11 06:38:26.264","E2004701A0000000000224","W1-D-000548","E2004701B0000000000224","W1-W-000548",12.90069400,77.59084200
2981,"7000000549","Zone A - Division 1 - Ward 1 - Block 6","Individual HHs","11-49","Ground floor","Owner","Nikhil Bhat","8000000549","3",NULL,"2026-08-11 06:38:26.264","2026-08-11 06:38:26.264","E2004701A0000000000225","W1-D-000549","E2004701B0000000000225","W1-W-000549",12.90069600,77.59099200
2982,"7000000550","Zone A - Division 1 - Ward 1 - Block 6","Individual HHs","11-50","1st Floor","Tenant","Varun Bhat","8000000550","4",NULL,"2026-08-11 06:38:26.264","2026-08-11 06:38:26.264","E2004701A0000000000226","W1-D-000550","E2004701B0000000000226","W1-W-000550",12.90069800,77.59114200
2983,"7000000551","Zone A - Division 1 - Ward 1 - Block 6","Individual HHs","12-01","2nd Floor","Owner","Priya Bhat","8000000551","5",NULL,"2026-08-11 06:38:26.264","2026-08-11 06:38:26.264","E2004701A0000000000227","W1-D-000551","E2004701B0000000000227","W1-W-000551",12.90080000,77.58754400
2984,"7000000552","Zone A - Division 1 - Ward 1 - Block 6","Individual HHs","12-02","3rd Floor","Tenant","Divya Bhat","8000000552","6",NULL,"2026-08-11 06:38:26.264","2026-08-11 06:38:26.264","E2004701A0000000000228","W1-D-000552","E2004701B0000000000228","W1-W-000552",12.90080200,77.58769400
2985,"7000000553","Zone A - Division 1 - Ward 1 - Block 6","Individual HHs","12-03","Ground floor","Owner","Swathi Bhat","8000000553","1",NULL,"2026-08-11 06:38:26.264","2026-08-11 06:38:26.264","E2004701A0000000000229","W1-D-000553","E2004701B0000000000229","W1-W-000553",12.90080400,77.58784400
2986,"7000000554","Zone A - Division 1 - Ward 1 - Block 6","Individual HHs","12-04","1st Floor","Tenant","Shreya Bhat","8000000554","2",NULL,"2026-08-11 06:38:26.264","2026-08-11 06:38:26.264","E2004701A000000000022A","W1-D-000554","E2004701B000000000022A","W1-W-000554",12.90080600,77.58799400
2987,"7000000555","Zone A - Division 1 - Ward 1 - Block 6","Individual HHs","12-05","2nd Floor","Owner","Keerthi Bhat","8000000555","3",NULL,"2026-08-11 06:38:26.264","2026-08-11 06:38:26.264","E2004701A000000000022B","W1-D-000555","E2004701B000000000022B","W1-W-000555",12.90080800,77.58814400
2988,"7000000556","Zone A - Division 1 - Ward 1 - Block 6","Individual HHs","12-06","3rd Floor","Tenant","Lakshmi Bhat","8000000556","4",NULL,"2026-08-11 06:38:26.264","2026-08-11 06:38:26.264","E2004701A000000000022C","W1-D-000556","E2004701B000000000022C","W1-W-000556",12.90081000,77.58829400
2989,"7000000557","Zone A - Division 1 - Ward 1 - Block 6","Individual HHs","12-07","Ground floor","Owner","Deepa Bhat","8000000557","5",NULL,"2026-08-11 06:38:26.264","2026-08-11 06:38:26.264","E2004701A000000000022D","W1-D-000557","E2004701B000000000022D","W1-W-000557",12.90081200,77.58844400
2990,"7000000558","Zone A - Division 1 - Ward 1 - Block 6","Individual HHs","12-08","1st Floor","Tenant","Asha Bhat","8000000558","6",NULL,"2026-08-11 06:38:26.264","2026-08-11 06:38:26.264","E2004701A000000000022E","W1-D-000558","E2004701B000000000022E","W1-W-000558",12.90081400,77.58859400
2991,"7000000559","Zone A - Division 1 - Ward 1 - Block 6","Individual HHs","12-09","2nd Floor","Owner","Pallavi Bhat","8000000559","1",NULL,"2026-08-11 06:38:26.264","2026-08-11 06:38:26.264","E2004701A000000000022F","W1-D-000559","E2004701B000000000022F","W1-W-000559",12.90081600,77.58874400
2992,"7000000560","Zone A - Division 1 - Ward 1 - Block 6","Individual HHs","12-10","3rd Floor","Tenant","Bhavana Bhat","8000000560","2",NULL,"2026-08-11 06:38:26.264","2026-08-11 06:38:26.264","E2004701A0000000000230","W1-D-000560","E2004701B0000000000230","W1-W-000560",12.90081800,77.58889400
2993,"7000000561","Zone A - Division 1 - Ward 1 - Block 6","Individual HHs","12-11","Ground floor","Owner","Aarav Hegde","8000000561","3",NULL,"2026-08-11 06:38:26.264","2026-08-11 06:38:26.264","E2004701A0000000000231","W1-D-000561","E2004701B0000000000231","W1-W-000561",12.90082000,77.58904400
2994,"7000000562","Zone A - Division 1 - Ward 1 - Block 6","Individual HHs","12-12","1st Floor","Tenant","Vihaan Hegde","8000000562","4",NULL,"2026-08-11 06:38:26.264","2026-08-11 06:38:26.264","E2004701A0000000000232","W1-D-000562","E2004701B0000000000232","W1-W-000562",12.90082200,77.58919400
2995,"7000000563","Zone A - Division 1 - Ward 1 - Block 6","Individual HHs","12-13","2nd Floor","Owner","Aditya Hegde","8000000563","5",NULL,"2026-08-11 06:38:26.264","2026-08-11 06:38:26.264","E2004701A0000000000233","W1-D-000563","E2004701B0000000000233","W1-W-000563",12.90082400,77.58934400
2996,"7000000564","Zone A - Division 1 - Ward 1 - Block 6","Individual HHs","12-14","3rd Floor","Tenant","Arjun Hegde","8000000564","6",NULL,"2026-08-11 06:38:26.264","2026-08-11 06:38:26.264","E2004701A0000000000234","W1-D-000564","E2004701B0000000000234","W1-W-000564",12.90082600,77.58949400
2997,"7000000565","Zone A - Division 1 - Ward 1 - Block 6","Individual HHs","12-15","Ground floor","Owner","Rohan Hegde","8000000565","1",NULL,"2026-08-11 06:38:26.264","2026-08-11 06:38:26.264","E2004701A0000000000235","W1-D-000565","E2004701B0000000000235","W1-W-000565",12.90082800,77.58964400
2998,"7000000566","Zone A - Division 1 - Ward 1 - Block 6","Individual HHs","12-16","1st Floor","Tenant","Rahul Hegde","8000000566","2",NULL,"2026-08-11 06:38:26.264","2026-08-11 06:38:26.264","E2004701A0000000000236","W1-D-000566","E2004701B0000000000236","W1-W-000566",12.90083000,77.58979400
2999,"7000000567","Zone A - Division 1 - Ward 1 - Block 6","Individual HHs","12-17","2nd Floor","Owner","Karthik Hegde","8000000567","3",NULL,"2026-08-11 06:38:26.264","2026-08-11 06:38:26.264","E2004701A0000000000237","W1-D-000567","E2004701B0000000000237","W1-W-000567",12.90083200,77.58994400
3000,"7000000568","Zone A - Division 1 - Ward 1 - Block 6","Individual HHs","12-18","3rd Floor","Tenant","Vikram Hegde","8000000568","4",NULL,"2026-08-11 06:38:26.264","2026-08-11 06:38:26.264","E2004701A0000000000238","W1-D-000568","E2004701B0000000000238","W1-W-000568",12.90083400,77.59009400
3001,"7000000569","Zone A - Division 1 - Ward 1 - Block 6","Individual HHs","12-19","Ground floor","Owner","Akash Hegde","8000000569","5",NULL,"2026-08-11 06:38:26.264","2026-08-11 06:38:26.264","E2004701A0000000000239","W1-D-000569","E2004701B0000000000239","W1-W-000569",12.90083600,77.59024400
3002,"7000000570","Zone A - Division 1 - Ward 1 - Block 6","Individual HHs","12-20","1st Floor","Tenant","Siddharth Hegde","8000000570","6",NULL,"2026-08-11 06:38:26.264","2026-08-11 06:38:26.264","E2004701A000000000023A","W1-D-000570","E2004701B000000000023A","W1-W-000570",12.90083800,77.59039400
3003,"7000000571","Zone A - Division 1 - Ward 1 - Block 6","Individual HHs","12-21","2nd Floor","Owner","Ananya Hegde","8000000571","1",NULL,"2026-08-11 06:38:26.264","2026-08-11 06:38:26.264","E2004701A000000000023B","W1-D-000571","E2004701B000000000023B","W1-W-000571",12.90084000,77.59054400
3004,"7000000572","Zone A - Division 1 - Ward 1 - Block 6","Individual HHs","12-22","3rd Floor","Tenant","Aadhya Hegde","8000000572","2",NULL,"2026-08-11 06:38:26.264","2026-08-11 06:38:26.264","E2004701A000000000023C","W1-D-000572","E2004701B000000000023C","W1-W-000572",12.90084200,77.59069400
3005,"7000000573","Zone A - Division 1 - Ward 1 - Block 6","Individual HHs","12-23","Ground floor","Owner","Diya Hegde","8000000573","3",NULL,"2026-08-11 06:38:26.264","2026-08-11 06:38:26.264","E2004701A000000000023D","W1-D-000573","E2004701B000000000023D","W1-W-000573",12.90084400,77.59084400
3006,"7000000574","Zone A - Division 1 - Ward 1 - Block 6","Individual HHs","12-24","1st Floor","Tenant","Ishita Hegde","8000000574","4",NULL,"2026-08-11 06:38:26.264","2026-08-11 06:38:26.264","E2004701A000000000023E","W1-D-000574","E2004701B000000000023E","W1-W-000574",12.90084600,77.59099400
3007,"7000000575","Zone A - Division 1 - Ward 1 - Block 6","Individual HHs","12-25","2nd Floor","Owner","Kavya Hegde","8000000575","5",NULL,"2026-08-11 06:38:26.264","2026-08-11 06:38:26.264","E2004701A000000000023F","W1-D-000575","E2004701B000000000023F","W1-W-000575",12.90084800,77.59114400
3008,"7000000576","Zone A - Division 1 - Ward 1 - Block 6","Individual HHs","12-26","3rd Floor","Tenant","Meera Hegde","8000000576","6",NULL,"2026-08-11 06:38:26.264","2026-08-11 06:38:26.264","E2004701A0000000000240","W1-D-000576","E2004701B0000000000240","W1-W-000576",12.90095000,77.58754600
3009,"7000000577","Zone A - Division 1 - Ward 1 - Block 6","Individual HHs","12-27","Ground floor","Owner","Sneha Hegde","8000000577","1",NULL,"2026-08-11 06:38:26.264","2026-08-11 06:38:26.264","E2004701A0000000000241","W1-D-000577","E2004701B0000000000241","W1-W-000577",12.90095200,77.58769600
3010,"7000000578","Zone A - Division 1 - Ward 1 - Block 6","Individual HHs","12-28","1st Floor","Tenant","Pooja Hegde","8000000578","2",NULL,"2026-08-11 06:38:26.264","2026-08-11 06:38:26.264","E2004701A0000000000242","W1-D-000578","E2004701B0000000000242","W1-W-000578",12.90095400,77.58784600
3011,"7000000579","Zone A - Division 1 - Ward 1 - Block 6","Individual HHs","12-29","2nd Floor","Owner","Riya Hegde","8000000579","3",NULL,"2026-08-11 06:38:26.264","2026-08-11 06:38:26.264","E2004701A0000000000243","W1-D-000579","E2004701B0000000000243","W1-W-000579",12.90095600,77.58799600
3012,"7000000580","Zone A - Division 1 - Ward 1 - Block 6","Individual HHs","12-30","3rd Floor","Tenant","Nandini Hegde","8000000580","4",NULL,"2026-08-11 06:38:26.264","2026-08-11 06:38:26.264","E2004701A0000000000244","W1-D-000580","E2004701B0000000000244","W1-W-000580",12.90095800,77.58814600
3013,"7000000581","Zone A - Division 1 - Ward 1 - Block 6","Individual HHs","12-31","Ground floor","Owner","Sanjay Hegde","8000000581","5",NULL,"2026-08-11 06:38:26.264","2026-08-11 06:38:26.264","E2004701A0000000000245","W1-D-000581","E2004701B0000000000245","W1-W-000581",12.90096000,77.58829600
3014,"7000000582","Zone A - Division 1 - Ward 1 - Block 6","Individual HHs","12-32","1st Floor","Tenant","Manoj Hegde","8000000582","6",NULL,"2026-08-11 06:38:26.264","2026-08-11 06:38:26.264","E2004701A0000000000246","W1-D-000582","E2004701B0000000000246","W1-W-000582",12.90096200,77.58844600
3015,"7000000583","Zone A - Division 1 - Ward 1 - Block 6","Individual HHs","12-33","2nd Floor","Owner","Suresh Hegde","8000000583","1",NULL,"2026-08-11 06:38:26.264","2026-08-11 06:38:26.264","E2004701A0000000000247","W1-D-000583","E2004701B0000000000247","W1-W-000583",12.90096400,77.58859600
3016,"7000000584","Zone A - Division 1 - Ward 1 - Block 6","Individual HHs","12-34","3rd Floor","Tenant","Mahesh Hegde","8000000584","2",NULL,"2026-08-11 06:38:26.264","2026-08-11 06:38:26.264","E2004701A0000000000248","W1-D-000584","E2004701B0000000000248","W1-W-000584",12.90096600,77.58874600
3017,"7000000585","Zone A - Division 1 - Ward 1 - Block 6","Individual HHs","12-35","Ground floor","Owner","Prakash Hegde","8000000585","3",NULL,"2026-08-11 06:38:26.264","2026-08-11 06:38:26.264","E2004701A0000000000249","W1-D-000585","E2004701B0000000000249","W1-W-000585",12.90096800,77.58889600
3018,"7000000586","Zone A - Division 1 - Ward 1 - Block 6","Individual HHs","12-36","1st Floor","Tenant","Ramesh Hegde","8000000586","4",NULL,"2026-08-11 06:38:26.264","2026-08-11 06:38:26.264","E2004701A000000000024A","W1-D-000586","E2004701B000000000024A","W1-W-000586",12.90097000,77.58904600
3019,"7000000587","Zone A - Division 1 - Ward 1 - Block 6","Individual HHs","12-37","2nd Floor","Owner","Ganesh Hegde","8000000587","5",NULL,"2026-08-11 06:38:26.264","2026-08-11 06:38:26.264","E2004701A000000000024B","W1-D-000587","E2004701B000000000024B","W1-W-000587",12.90097200,77.58919600
3020,"7000000588","Zone A - Division 1 - Ward 1 - Block 6","Individual HHs","12-38","3rd Floor","Tenant","Dinesh Hegde","8000000588","6",NULL,"2026-08-11 06:38:26.264","2026-08-11 06:38:26.264","E2004701A000000000024C","W1-D-000588","E2004701B000000000024C","W1-W-000588",12.90097400,77.58934600
3021,"7000000589","Zone A - Division 1 - Ward 1 - Block 6","Individual HHs","12-39","Ground floor","Owner","Nikhil Hegde","8000000589","1",NULL,"2026-08-11 06:38:26.264","2026-08-11 06:38:26.264","E2004701A000000000024D","W1-D-000589","E2004701B000000000024D","W1-W-000589",12.90097600,77.58949600
3022,"7000000590","Zone A - Division 1 - Ward 1 - Block 6","Individual HHs","12-40","1st Floor","Tenant","Varun Hegde","8000000590","2",NULL,"2026-08-11 06:38:26.264","2026-08-11 06:38:26.264","E2004701A000000000024E","W1-D-000590","E2004701B000000000024E","W1-W-000590",12.90097800,77.58964600
3023,"7000000591","Zone A - Division 1 - Ward 1 - Block 6","Individual HHs","12-41","2nd Floor","Owner","Priya Hegde","8000000591","3",NULL,"2026-08-11 06:38:26.264","2026-08-11 06:38:26.264","E2004701A000000000024F","W1-D-000591","E2004701B000000000024F","W1-W-000591",12.90098000,77.58979600
3024,"7000000592","Zone A - Division 1 - Ward 1 - Block 6","Individual HHs","12-42","3rd Floor","Tenant","Divya Hegde","8000000592","4",NULL,"2026-08-11 06:38:26.264","2026-08-11 06:38:26.264","E2004701A0000000000250","W1-D-000592","E2004701B0000000000250","W1-W-000592",12.90098200,77.58994600
3025,"7000000593","Zone A - Division 1 - Ward 1 - Block 6","Individual HHs","12-43","Ground floor","Owner","Swathi Hegde","8000000593","5",NULL,"2026-08-11 06:38:26.264","2026-08-11 06:38:26.264","E2004701A0000000000251","W1-D-000593","E2004701B0000000000251","W1-W-000593",12.90098400,77.59009600
3026,"7000000594","Zone A - Division 1 - Ward 1 - Block 6","Individual HHs","12-44","1st Floor","Tenant","Shreya Hegde","8000000594","6",NULL,"2026-08-11 06:38:26.264","2026-08-11 06:38:26.264","E2004701A0000000000252","W1-D-000594","E2004701B0000000000252","W1-W-000594",12.90098600,77.59024600
3027,"7000000595","Zone A - Division 1 - Ward 1 - Block 6","Individual HHs","12-45","2nd Floor","Owner","Keerthi Hegde","8000000595","1",NULL,"2026-08-11 06:38:26.264","2026-08-11 06:38:26.264","E2004701A0000000000253","W1-D-000595","E2004701B0000000000253","W1-W-000595",12.90098800,77.59039600
3028,"7000000596","Zone A - Division 1 - Ward 1 - Block 6","Individual HHs","12-46","3rd Floor","Tenant","Lakshmi Hegde","8000000596","2",NULL,"2026-08-11 06:38:26.264","2026-08-11 06:38:26.264","E2004701A0000000000254","W1-D-000596","E2004701B0000000000254","W1-W-000596",12.90099000,77.59054600
3029,"7000000597","Zone A - Division 1 - Ward 1 - Block 6","Individual HHs","12-47","Ground floor","Owner","Deepa Hegde","8000000597","3",NULL,"2026-08-11 06:38:26.264","2026-08-11 06:38:26.264","E2004701A0000000000255","W1-D-000597","E2004701B0000000000255","W1-W-000597",12.90099200,77.59069600
3030,"7000000598","Zone A - Division 1 - Ward 1 - Block 6","Individual HHs","12-48","1st Floor","Tenant","Asha Hegde","8000000598","4",NULL,"2026-08-11 06:38:26.264","2026-08-11 06:38:26.264","E2004701A0000000000256","W1-D-000598","E2004701B0000000000256","W1-W-000598",12.90099400,77.59084600
3031,"7000000599","Zone A - Division 1 - Ward 1 - Block 6","Individual HHs","12-49","2nd Floor","Owner","Pallavi Hegde","8000000599","5",NULL,"2026-08-11 06:38:26.264","2026-08-11 06:38:26.264","E2004701A0000000000257","W1-D-000599","E2004701B0000000000257","W1-W-000599",12.90099600,77.59099600
3032,"7000000600","Zone A - Division 1 - Ward 1 - Block 6","Individual HHs","12-50","3rd Floor","Tenant","Bhavana Hegde","8000000600","6",NULL,"2026-08-11 06:38:26.264","2026-08-11 06:38:26.264","E2004701A0000000000258","W1-D-000600","E2004701B0000000000258","W1-W-000600",12.90099800,77.59114600
3033,"7000000601","Zone A - Division 1 - Ward 1 - Block 7","Individual HHs","13-01","Ground floor","Owner","Aarav Desai","8000000601","1",NULL,"2026-08-11 06:38:26.264","2026-08-11 06:38:26.264","E2004701A0000000000259","W1-D-000601","E2004701B0000000000259","W1-W-000601",12.90110000,77.58754800
3034,"7000000602","Zone A - Division 1 - Ward 1 - Block 7","Individual HHs","13-02","1st Floor","Tenant","Vihaan Desai","8000000602","2",NULL,"2026-08-11 06:38:26.264","2026-08-11 06:38:26.264","E2004701A000000000025A","W1-D-000602","E2004701B000000000025A","W1-W-000602",12.90110200,77.58769800
3035,"7000000603","Zone A - Division 1 - Ward 1 - Block 7","Individual HHs","13-03","2nd Floor","Owner","Aditya Desai","8000000603","3",NULL,"2026-08-11 06:38:26.264","2026-08-11 06:38:26.264","E2004701A000000000025B","W1-D-000603","E2004701B000000000025B","W1-W-000603",12.90110400,77.58784800
3036,"7000000604","Zone A - Division 1 - Ward 1 - Block 7","Individual HHs","13-04","3rd Floor","Tenant","Arjun Desai","8000000604","4",NULL,"2026-08-11 06:38:26.264","2026-08-11 06:38:26.264","E2004701A000000000025C","W1-D-000604","E2004701B000000000025C","W1-W-000604",12.90110600,77.58799800
3037,"7000000605","Zone A - Division 1 - Ward 1 - Block 7","Individual HHs","13-05","Ground floor","Owner","Rohan Desai","8000000605","5",NULL,"2026-08-11 06:38:26.264","2026-08-11 06:38:26.264","E2004701A000000000025D","W1-D-000605","E2004701B000000000025D","W1-W-000605",12.90110800,77.58814800
3038,"7000000606","Zone A - Division 1 - Ward 1 - Block 7","Individual HHs","13-06","1st Floor","Tenant","Rahul Desai","8000000606","6",NULL,"2026-08-11 06:38:26.264","2026-08-11 06:38:26.264","E2004701A000000000025E","W1-D-000606","E2004701B000000000025E","W1-W-000606",12.90111000,77.58829800
3039,"7000000607","Zone A - Division 1 - Ward 1 - Block 7","Individual HHs","13-07","2nd Floor","Owner","Karthik Desai","8000000607","1",NULL,"2026-08-11 06:38:26.264","2026-08-11 06:38:26.264","E2004701A000000000025F","W1-D-000607","E2004701B000000000025F","W1-W-000607",12.90111200,77.58844800
3040,"7000000608","Zone A - Division 1 - Ward 1 - Block 7","Individual HHs","13-08","3rd Floor","Tenant","Vikram Desai","8000000608","2",NULL,"2026-08-11 06:38:26.264","2026-08-11 06:38:26.264","E2004701A0000000000260","W1-D-000608","E2004701B0000000000260","W1-W-000608",12.90111400,77.58859800
3041,"7000000609","Zone A - Division 1 - Ward 1 - Block 7","Individual HHs","13-09","Ground floor","Owner","Akash Desai","8000000609","3",NULL,"2026-08-11 06:38:26.264","2026-08-11 06:38:26.264","E2004701A0000000000261","W1-D-000609","E2004701B0000000000261","W1-W-000609",12.90111600,77.58874800
3042,"7000000610","Zone A - Division 1 - Ward 1 - Block 7","Individual HHs","13-10","1st Floor","Tenant","Siddharth Desai","8000000610","4",NULL,"2026-08-11 06:38:26.264","2026-08-11 06:38:26.264","E2004701A0000000000262","W1-D-000610","E2004701B0000000000262","W1-W-000610",12.90111800,77.58889800
3043,"7000000611","Zone A - Division 1 - Ward 1 - Block 7","Individual HHs","13-11","2nd Floor","Owner","Ananya Desai","8000000611","5",NULL,"2026-08-11 06:38:26.264","2026-08-11 06:38:26.264","E2004701A0000000000263","W1-D-000611","E2004701B0000000000263","W1-W-000611",12.90112000,77.58904800
3044,"7000000612","Zone A - Division 1 - Ward 1 - Block 7","Individual HHs","13-12","3rd Floor","Tenant","Aadhya Desai","8000000612","6",NULL,"2026-08-11 06:38:26.264","2026-08-11 06:38:26.264","E2004701A0000000000264","W1-D-000612","E2004701B0000000000264","W1-W-000612",12.90112200,77.58919800
3045,"7000000613","Zone A - Division 1 - Ward 1 - Block 7","Individual HHs","13-13","Ground floor","Owner","Diya Desai","8000000613","1",NULL,"2026-08-11 06:38:26.264","2026-08-11 06:38:26.264","E2004701A0000000000265","W1-D-000613","E2004701B0000000000265","W1-W-000613",12.90112400,77.58934800
3046,"7000000614","Zone A - Division 1 - Ward 1 - Block 7","Individual HHs","13-14","1st Floor","Tenant","Ishita Desai","8000000614","2",NULL,"2026-08-11 06:38:26.264","2026-08-11 06:38:26.264","E2004701A0000000000266","W1-D-000614","E2004701B0000000000266","W1-W-000614",12.90112600,77.58949800
3047,"7000000615","Zone A - Division 1 - Ward 1 - Block 7","Individual HHs","13-15","2nd Floor","Owner","Kavya Desai","8000000615","3",NULL,"2026-08-11 06:38:26.264","2026-08-11 06:38:26.264","E2004701A0000000000267","W1-D-000615","E2004701B0000000000267","W1-W-000615",12.90112800,77.58964800
3048,"7000000616","Zone A - Division 1 - Ward 1 - Block 7","Individual HHs","13-16","3rd Floor","Tenant","Meera Desai","8000000616","4",NULL,"2026-08-11 06:38:26.264","2026-08-11 06:38:26.264","E2004701A0000000000268","W1-D-000616","E2004701B0000000000268","W1-W-000616",12.90113000,77.58979800
3049,"7000000617","Zone A - Division 1 - Ward 1 - Block 7","Individual HHs","13-17","Ground floor","Owner","Sneha Desai","8000000617","5",NULL,"2026-08-11 06:38:26.264","2026-08-11 06:38:26.264","E2004701A0000000000269","W1-D-000617","E2004701B0000000000269","W1-W-000617",12.90113200,77.58994800
3050,"7000000618","Zone A - Division 1 - Ward 1 - Block 7","Individual HHs","13-18","1st Floor","Tenant","Pooja Desai","8000000618","6",NULL,"2026-08-11 06:38:26.264","2026-08-11 06:38:26.264","E2004701A000000000026A","W1-D-000618","E2004701B000000000026A","W1-W-000618",12.90113400,77.59009800
3051,"7000000619","Zone A - Division 1 - Ward 1 - Block 7","Individual HHs","13-19","2nd Floor","Owner","Riya Desai","8000000619","1",NULL,"2026-08-11 06:38:26.264","2026-08-11 06:38:26.264","E2004701A000000000026B","W1-D-000619","E2004701B000000000026B","W1-W-000619",12.90113600,77.59024800
3052,"7000000620","Zone A - Division 1 - Ward 1 - Block 7","Individual HHs","13-20","3rd Floor","Tenant","Nandini Desai","8000000620","2",NULL,"2026-08-11 06:38:26.264","2026-08-11 06:38:26.264","E2004701A000000000026C","W1-D-000620","E2004701B000000000026C","W1-W-000620",12.90113800,77.59039800
3053,"7000000621","Zone A - Division 1 - Ward 1 - Block 7","Individual HHs","13-21","Ground floor","Owner","Sanjay Desai","8000000621","3",NULL,"2026-08-11 06:38:26.264","2026-08-11 06:38:26.264","E2004701A000000000026D","W1-D-000621","E2004701B000000000026D","W1-W-000621",12.90114000,77.59054800
3054,"7000000622","Zone A - Division 1 - Ward 1 - Block 7","Individual HHs","13-22","1st Floor","Tenant","Manoj Desai","8000000622","4",NULL,"2026-08-11 06:38:26.264","2026-08-11 06:38:26.264","E2004701A000000000026E","W1-D-000622","E2004701B000000000026E","W1-W-000622",12.90114200,77.59069800
3055,"7000000623","Zone A - Division 1 - Ward 1 - Block 7","Individual HHs","13-23","2nd Floor","Owner","Suresh Desai","8000000623","5",NULL,"2026-08-11 06:38:26.264","2026-08-11 06:38:26.264","E2004701A000000000026F","W1-D-000623","E2004701B000000000026F","W1-W-000623",12.90114400,77.59084800
3056,"7000000624","Zone A - Division 1 - Ward 1 - Block 7","Individual HHs","13-24","3rd Floor","Tenant","Mahesh Desai","8000000624","6",NULL,"2026-08-11 06:38:26.264","2026-08-11 06:38:26.264","E2004701A0000000000270","W1-D-000624","E2004701B0000000000270","W1-W-000624",12.90114600,77.59099800
3057,"7000000625","Zone A - Division 1 - Ward 1 - Block 7","Individual HHs","13-25","Ground floor","Owner","Prakash Desai","8000000625","1",NULL,"2026-08-11 06:38:26.264","2026-08-11 06:38:26.264","E2004701A0000000000271","W1-D-000625","E2004701B0000000000271","W1-W-000625",12.90114800,77.59114800
3058,"7000000626","Zone A - Division 1 - Ward 1 - Block 7","Individual HHs","13-26","1st Floor","Tenant","Ramesh Desai","8000000626","2",NULL,"2026-08-11 06:38:26.264","2026-08-11 06:38:26.264","E2004701A0000000000272","W1-D-000626","E2004701B0000000000272","W1-W-000626",12.90125000,77.58755000
3059,"7000000627","Zone A - Division 1 - Ward 1 - Block 7","Individual HHs","13-27","2nd Floor","Owner","Ganesh Desai","8000000627","3",NULL,"2026-08-11 06:38:26.264","2026-08-11 06:38:26.264","E2004701A0000000000273","W1-D-000627","E2004701B0000000000273","W1-W-000627",12.90125200,77.58770000
3060,"7000000628","Zone A - Division 1 - Ward 1 - Block 7","Individual HHs","13-28","3rd Floor","Tenant","Dinesh Desai","8000000628","4",NULL,"2026-08-11 06:38:26.264","2026-08-11 06:38:26.264","E2004701A0000000000274","W1-D-000628","E2004701B0000000000274","W1-W-000628",12.90125400,77.58785000
3061,"7000000629","Zone A - Division 1 - Ward 1 - Block 7","Individual HHs","13-29","Ground floor","Owner","Nikhil Desai","8000000629","5",NULL,"2026-08-11 06:38:26.264","2026-08-11 06:38:26.264","E2004701A0000000000275","W1-D-000629","E2004701B0000000000275","W1-W-000629",12.90125600,77.58800000
3062,"7000000630","Zone A - Division 1 - Ward 1 - Block 7","Individual HHs","13-30","1st Floor","Tenant","Varun Desai","8000000630","6",NULL,"2026-08-11 06:38:26.264","2026-08-11 06:38:26.264","E2004701A0000000000276","W1-D-000630","E2004701B0000000000276","W1-W-000630",12.90125800,77.58815000
3063,"7000000631","Zone A - Division 1 - Ward 1 - Block 7","Individual HHs","13-31","2nd Floor","Owner","Priya Desai","8000000631","1",NULL,"2026-08-11 06:38:26.264","2026-08-11 06:38:26.264","E2004701A0000000000277","W1-D-000631","E2004701B0000000000277","W1-W-000631",12.90126000,77.58830000
3064,"7000000632","Zone A - Division 1 - Ward 1 - Block 7","Individual HHs","13-32","3rd Floor","Tenant","Divya Desai","8000000632","2",NULL,"2026-08-11 06:38:26.264","2026-08-11 06:38:26.264","E2004701A0000000000278","W1-D-000632","E2004701B0000000000278","W1-W-000632",12.90126200,77.58845000
3065,"7000000633","Zone A - Division 1 - Ward 1 - Block 7","Individual HHs","13-33","Ground floor","Owner","Swathi Desai","8000000633","3",NULL,"2026-08-11 06:38:26.264","2026-08-11 06:38:26.264","E2004701A0000000000279","W1-D-000633","E2004701B0000000000279","W1-W-000633",12.90126400,77.58860000
3066,"7000000634","Zone A - Division 1 - Ward 1 - Block 7","Individual HHs","13-34","1st Floor","Tenant","Shreya Desai","8000000634","4",NULL,"2026-08-11 06:38:26.264","2026-08-11 06:38:26.264","E2004701A000000000027A","W1-D-000634","E2004701B000000000027A","W1-W-000634",12.90126600,77.58875000
3067,"7000000635","Zone A - Division 1 - Ward 1 - Block 7","Individual HHs","13-35","2nd Floor","Owner","Keerthi Desai","8000000635","5",NULL,"2026-08-11 06:38:26.264","2026-08-11 06:38:26.264","E2004701A000000000027B","W1-D-000635","E2004701B000000000027B","W1-W-000635",12.90126800,77.58890000
3068,"7000000636","Zone A - Division 1 - Ward 1 - Block 7","Individual HHs","13-36","3rd Floor","Tenant","Lakshmi Desai","8000000636","6",NULL,"2026-08-11 06:38:26.264","2026-08-11 06:38:26.264","E2004701A000000000027C","W1-D-000636","E2004701B000000000027C","W1-W-000636",12.90127000,77.58905000
3069,"7000000637","Zone A - Division 1 - Ward 1 - Block 7","Individual HHs","13-37","Ground floor","Owner","Deepa Desai","8000000637","1",NULL,"2026-08-11 06:38:26.264","2026-08-11 06:38:26.264","E2004701A000000000027D","W1-D-000637","E2004701B000000000027D","W1-W-000637",12.90127200,77.58920000
3070,"7000000638","Zone A - Division 1 - Ward 1 - Block 7","Individual HHs","13-38","1st Floor","Tenant","Asha Desai","8000000638","2",NULL,"2026-08-11 06:38:26.264","2026-08-11 06:38:26.264","E2004701A000000000027E","W1-D-000638","E2004701B000000000027E","W1-W-000638",12.90127400,77.58935000
3071,"7000000639","Zone A - Division 1 - Ward 1 - Block 7","Individual HHs","13-39","2nd Floor","Owner","Pallavi Desai","8000000639","3",NULL,"2026-08-11 06:38:26.264","2026-08-11 06:38:26.264","E2004701A000000000027F","W1-D-000639","E2004701B000000000027F","W1-W-000639",12.90127600,77.58950000
3072,"7000000640","Zone A - Division 1 - Ward 1 - Block 7","Individual HHs","13-40","3rd Floor","Tenant","Bhavana Desai","8000000640","4",NULL,"2026-08-11 06:38:26.264","2026-08-11 06:38:26.264","E2004701A0000000000280","W1-D-000640","E2004701B0000000000280","W1-W-000640",12.90127800,77.58965000
3073,"7000000641","Zone A - Division 1 - Ward 1 - Block 7","Individual HHs","13-41","Ground floor","Owner","Aarav Kulkarni","8000000641","5",NULL,"2026-08-11 06:38:26.264","2026-08-11 06:38:26.264","E2004701A0000000000281","W1-D-000641","E2004701B0000000000281","W1-W-000641",12.90128000,77.58980000
3074,"7000000642","Zone A - Division 1 - Ward 1 - Block 7","Individual HHs","13-42","1st Floor","Tenant","Vihaan Kulkarni","8000000642","6",NULL,"2026-08-11 06:38:26.264","2026-08-11 06:38:26.264","E2004701A0000000000282","W1-D-000642","E2004701B0000000000282","W1-W-000642",12.90128200,77.58995000
3075,"7000000643","Zone A - Division 1 - Ward 1 - Block 7","Individual HHs","13-43","2nd Floor","Owner","Aditya Kulkarni","8000000643","1",NULL,"2026-08-11 06:38:26.264","2026-08-11 06:38:26.264","E2004701A0000000000283","W1-D-000643","E2004701B0000000000283","W1-W-000643",12.90128400,77.59010000
3076,"7000000644","Zone A - Division 1 - Ward 1 - Block 7","Individual HHs","13-44","3rd Floor","Tenant","Arjun Kulkarni","8000000644","2",NULL,"2026-08-11 06:38:26.264","2026-08-11 06:38:26.264","E2004701A0000000000284","W1-D-000644","E2004701B0000000000284","W1-W-000644",12.90128600,77.59025000
3077,"7000000645","Zone A - Division 1 - Ward 1 - Block 7","Individual HHs","13-45","Ground floor","Owner","Rohan Kulkarni","8000000645","3",NULL,"2026-08-11 06:38:26.264","2026-08-11 06:38:26.264","E2004701A0000000000285","W1-D-000645","E2004701B0000000000285","W1-W-000645",12.90128800,77.59040000
3078,"7000000646","Zone A - Division 1 - Ward 1 - Block 7","Individual HHs","13-46","1st Floor","Tenant","Rahul Kulkarni","8000000646","4",NULL,"2026-08-11 06:38:26.264","2026-08-11 06:38:26.264","E2004701A0000000000286","W1-D-000646","E2004701B0000000000286","W1-W-000646",12.90129000,77.59055000
3079,"7000000647","Zone A - Division 1 - Ward 1 - Block 7","Individual HHs","13-47","2nd Floor","Owner","Karthik Kulkarni","8000000647","5",NULL,"2026-08-11 06:38:26.264","2026-08-11 06:38:26.264","E2004701A0000000000287","W1-D-000647","E2004701B0000000000287","W1-W-000647",12.90129200,77.59070000
3080,"7000000648","Zone A - Division 1 - Ward 1 - Block 7","Individual HHs","13-48","3rd Floor","Tenant","Vikram Kulkarni","8000000648","6",NULL,"2026-08-11 06:38:26.264","2026-08-11 06:38:26.264","E2004701A0000000000288","W1-D-000648","E2004701B0000000000288","W1-W-000648",12.90129400,77.59085000
3081,"7000000649","Zone A - Division 1 - Ward 1 - Block 7","Individual HHs","13-49","Ground floor","Owner","Akash Kulkarni","8000000649","1",NULL,"2026-08-11 06:38:26.264","2026-08-11 06:38:26.264","E2004701A0000000000289","W1-D-000649","E2004701B0000000000289","W1-W-000649",12.90129600,77.59100000
3082,"7000000650","Zone A - Division 1 - Ward 1 - Block 7","Individual HHs","13-50","1st Floor","Tenant","Siddharth Kulkarni","8000000650","2",NULL,"2026-08-11 06:38:26.264","2026-08-11 06:38:26.264","E2004701A000000000028A","W1-D-000650","E2004701B000000000028A","W1-W-000650",12.90129800,77.59115000
3083,"7000000651","Zone A - Division 1 - Ward 1 - Block 7","Individual HHs","14-01","2nd Floor","Owner","Ananya Kulkarni","8000000651","3",NULL,"2026-08-11 06:38:26.264","2026-08-11 06:38:26.264","E2004701A000000000028B","W1-D-000651","E2004701B000000000028B","W1-W-000651",12.90140000,77.58755200
3084,"7000000652","Zone A - Division 1 - Ward 1 - Block 7","Individual HHs","14-02","3rd Floor","Tenant","Aadhya Kulkarni","8000000652","4",NULL,"2026-08-11 06:38:26.264","2026-08-11 06:38:26.264","E2004701A000000000028C","W1-D-000652","E2004701B000000000028C","W1-W-000652",12.90140200,77.58770200
3085,"7000000653","Zone A - Division 1 - Ward 1 - Block 7","Individual HHs","14-03","Ground floor","Owner","Diya Kulkarni","8000000653","5",NULL,"2026-08-11 06:38:26.264","2026-08-11 06:38:26.264","E2004701A000000000028D","W1-D-000653","E2004701B000000000028D","W1-W-000653",12.90140400,77.58785200
3086,"7000000654","Zone A - Division 1 - Ward 1 - Block 7","Individual HHs","14-04","1st Floor","Tenant","Ishita Kulkarni","8000000654","6",NULL,"2026-08-11 06:38:26.264","2026-08-11 06:38:26.264","E2004701A000000000028E","W1-D-000654","E2004701B000000000028E","W1-W-000654",12.90140600,77.58800200
3087,"7000000655","Zone A - Division 1 - Ward 1 - Block 7","Individual HHs","14-05","2nd Floor","Owner","Kavya Kulkarni","8000000655","1",NULL,"2026-08-11 06:38:26.264","2026-08-11 06:38:26.264","E2004701A000000000028F","W1-D-000655","E2004701B000000000028F","W1-W-000655",12.90140800,77.58815200
3088,"7000000656","Zone A - Division 1 - Ward 1 - Block 7","Individual HHs","14-06","3rd Floor","Tenant","Meera Kulkarni","8000000656","2",NULL,"2026-08-11 06:38:26.264","2026-08-11 06:38:26.264","E2004701A0000000000290","W1-D-000656","E2004701B0000000000290","W1-W-000656",12.90141000,77.58830200
3089,"7000000657","Zone A - Division 1 - Ward 1 - Block 7","Individual HHs","14-07","Ground floor","Owner","Sneha Kulkarni","8000000657","3",NULL,"2026-08-11 06:38:26.264","2026-08-11 06:38:26.264","E2004701A0000000000291","W1-D-000657","E2004701B0000000000291","W1-W-000657",12.90141200,77.58845200
3090,"7000000658","Zone A - Division 1 - Ward 1 - Block 7","Individual HHs","14-08","1st Floor","Tenant","Pooja Kulkarni","8000000658","4",NULL,"2026-08-11 06:38:26.264","2026-08-11 06:38:26.264","E2004701A0000000000292","W1-D-000658","E2004701B0000000000292","W1-W-000658",12.90141400,77.58860200
3091,"7000000659","Zone A - Division 1 - Ward 1 - Block 7","Individual HHs","14-09","2nd Floor","Owner","Riya Kulkarni","8000000659","5",NULL,"2026-08-11 06:38:26.264","2026-08-11 06:38:26.264","E2004701A0000000000293","W1-D-000659","E2004701B0000000000293","W1-W-000659",12.90141600,77.58875200
3092,"7000000660","Zone A - Division 1 - Ward 1 - Block 7","Individual HHs","14-10","3rd Floor","Tenant","Nandini Kulkarni","8000000660","6",NULL,"2026-08-11 06:38:26.264","2026-08-11 06:38:26.264","E2004701A0000000000294","W1-D-000660","E2004701B0000000000294","W1-W-000660",12.90141800,77.58890200
3093,"7000000661","Zone A - Division 1 - Ward 1 - Block 7","Individual HHs","14-11","Ground floor","Owner","Sanjay Kulkarni","8000000661","1",NULL,"2026-08-11 06:38:26.264","2026-08-11 06:38:26.264","E2004701A0000000000295","W1-D-000661","E2004701B0000000000295","W1-W-000661",12.90142000,77.58905200
3094,"7000000662","Zone A - Division 1 - Ward 1 - Block 7","Individual HHs","14-12","1st Floor","Tenant","Manoj Kulkarni","8000000662","2",NULL,"2026-08-11 06:38:26.264","2026-08-11 06:38:26.264","E2004701A0000000000296","W1-D-000662","E2004701B0000000000296","W1-W-000662",12.90142200,77.58920200
3095,"7000000663","Zone A - Division 1 - Ward 1 - Block 7","Individual HHs","14-13","2nd Floor","Owner","Suresh Kulkarni","8000000663","3",NULL,"2026-08-11 06:38:26.264","2026-08-11 06:38:26.264","E2004701A0000000000297","W1-D-000663","E2004701B0000000000297","W1-W-000663",12.90142400,77.58935200
3096,"7000000664","Zone A - Division 1 - Ward 1 - Block 7","Individual HHs","14-14","3rd Floor","Tenant","Mahesh Kulkarni","8000000664","4",NULL,"2026-08-11 06:38:26.265","2026-08-11 06:38:26.265","E2004701A0000000000298","W1-D-000664","E2004701B0000000000298","W1-W-000664",12.90142600,77.58950200
3097,"7000000665","Zone A - Division 1 - Ward 1 - Block 7","Individual HHs","14-15","Ground floor","Owner","Prakash Kulkarni","8000000665","5",NULL,"2026-08-11 06:38:26.265","2026-08-11 06:38:26.265","E2004701A0000000000299","W1-D-000665","E2004701B0000000000299","W1-W-000665",12.90142800,77.58965200
3098,"7000000666","Zone A - Division 1 - Ward 1 - Block 7","Individual HHs","14-16","1st Floor","Tenant","Ramesh Kulkarni","8000000666","6",NULL,"2026-08-11 06:38:26.265","2026-08-11 06:38:26.265","E2004701A000000000029A","W1-D-000666","E2004701B000000000029A","W1-W-000666",12.90143000,77.58980200
3099,"7000000667","Zone A - Division 1 - Ward 1 - Block 7","Individual HHs","14-17","2nd Floor","Owner","Ganesh Kulkarni","8000000667","1",NULL,"2026-08-11 06:38:26.265","2026-08-11 06:38:26.265","E2004701A000000000029B","W1-D-000667","E2004701B000000000029B","W1-W-000667",12.90143200,77.58995200
3100,"7000000668","Zone A - Division 1 - Ward 1 - Block 7","Individual HHs","14-18","3rd Floor","Tenant","Dinesh Kulkarni","8000000668","2",NULL,"2026-08-11 06:38:26.265","2026-08-11 06:38:26.265","E2004701A000000000029C","W1-D-000668","E2004701B000000000029C","W1-W-000668",12.90143400,77.59010200
3101,"7000000669","Zone A - Division 1 - Ward 1 - Block 7","Individual HHs","14-19","Ground floor","Owner","Nikhil Kulkarni","8000000669","3",NULL,"2026-08-11 06:38:26.265","2026-08-11 06:38:26.265","E2004701A000000000029D","W1-D-000669","E2004701B000000000029D","W1-W-000669",12.90143600,77.59025200
3102,"7000000670","Zone A - Division 1 - Ward 1 - Block 7","Individual HHs","14-20","1st Floor","Tenant","Varun Kulkarni","8000000670","4",NULL,"2026-08-11 06:38:26.265","2026-08-11 06:38:26.265","E2004701A000000000029E","W1-D-000670","E2004701B000000000029E","W1-W-000670",12.90143800,77.59040200
3103,"7000000671","Zone A - Division 1 - Ward 1 - Block 7","Individual HHs","14-21","2nd Floor","Owner","Priya Kulkarni","8000000671","5",NULL,"2026-08-11 06:38:26.265","2026-08-11 06:38:26.265","E2004701A000000000029F","W1-D-000671","E2004701B000000000029F","W1-W-000671",12.90144000,77.59055200
3104,"7000000672","Zone A - Division 1 - Ward 1 - Block 7","Individual HHs","14-22","3rd Floor","Tenant","Divya Kulkarni","8000000672","6",NULL,"2026-08-11 06:38:26.265","2026-08-11 06:38:26.265","E2004701A00000000002A0","W1-D-000672","E2004701B00000000002A0","W1-W-000672",12.90144200,77.59070200
3105,"7000000673","Zone A - Division 1 - Ward 1 - Block 7","Individual HHs","14-23","Ground floor","Owner","Swathi Kulkarni","8000000673","1",NULL,"2026-08-11 06:38:26.265","2026-08-11 06:38:26.265","E2004701A00000000002A1","W1-D-000673","E2004701B00000000002A1","W1-W-000673",12.90144400,77.59085200
3106,"7000000674","Zone A - Division 1 - Ward 1 - Block 7","Individual HHs","14-24","1st Floor","Tenant","Shreya Kulkarni","8000000674","2",NULL,"2026-08-11 06:38:26.265","2026-08-11 06:38:26.265","E2004701A00000000002A2","W1-D-000674","E2004701B00000000002A2","W1-W-000674",12.90144600,77.59100200
3107,"7000000675","Zone A - Division 1 - Ward 1 - Block 7","Individual HHs","14-25","2nd Floor","Owner","Keerthi Kulkarni","8000000675","3",NULL,"2026-08-11 06:38:26.265","2026-08-11 06:38:26.265","E2004701A00000000002A3","W1-D-000675","E2004701B00000000002A3","W1-W-000675",12.90144800,77.59115200
3108,"7000000676","Zone A - Division 1 - Ward 1 - Block 7","Individual HHs","14-26","3rd Floor","Tenant","Lakshmi Kulkarni","8000000676","4",NULL,"2026-08-11 06:38:26.265","2026-08-11 06:38:26.265","E2004701A00000000002A4","W1-D-000676","E2004701B00000000002A4","W1-W-000676",12.90155000,77.58755400
3109,"7000000677","Zone A - Division 1 - Ward 1 - Block 7","Individual HHs","14-27","Ground floor","Owner","Deepa Kulkarni","8000000677","5",NULL,"2026-08-11 06:38:26.265","2026-08-11 06:38:26.265","E2004701A00000000002A5","W1-D-000677","E2004701B00000000002A5","W1-W-000677",12.90155200,77.58770400
3110,"7000000678","Zone A - Division 1 - Ward 1 - Block 7","Individual HHs","14-28","1st Floor","Tenant","Asha Kulkarni","8000000678","6",NULL,"2026-08-11 06:38:26.265","2026-08-11 06:38:26.265","E2004701A00000000002A6","W1-D-000678","E2004701B00000000002A6","W1-W-000678",12.90155400,77.58785400
3111,"7000000679","Zone A - Division 1 - Ward 1 - Block 7","Individual HHs","14-29","2nd Floor","Owner","Pallavi Kulkarni","8000000679","1",NULL,"2026-08-11 06:38:26.265","2026-08-11 06:38:26.265","E2004701A00000000002A7","W1-D-000679","E2004701B00000000002A7","W1-W-000679",12.90155600,77.58800400
3112,"7000000680","Zone A - Division 1 - Ward 1 - Block 7","Individual HHs","14-30","3rd Floor","Tenant","Bhavana Kulkarni","8000000680","2",NULL,"2026-08-11 06:38:26.265","2026-08-11 06:38:26.265","E2004701A00000000002A8","W1-D-000680","E2004701B00000000002A8","W1-W-000680",12.90155800,77.58815400
3113,"7000000681","Zone A - Division 1 - Ward 1 - Block 7","Individual HHs","14-31","Ground floor","Owner","Aarav Verma","8000000681","3",NULL,"2026-08-11 06:38:26.265","2026-08-11 06:38:26.265","E2004701A00000000002A9","W1-D-000681","E2004701B00000000002A9","W1-W-000681",12.90156000,77.58830400
3114,"7000000682","Zone A - Division 1 - Ward 1 - Block 7","Individual HHs","14-32","1st Floor","Tenant","Vihaan Verma","8000000682","4",NULL,"2026-08-11 06:38:26.265","2026-08-11 06:38:26.265","E2004701A00000000002AA","W1-D-000682","E2004701B00000000002AA","W1-W-000682",12.90156200,77.58845400
3115,"7000000683","Zone A - Division 1 - Ward 1 - Block 7","Individual HHs","14-33","2nd Floor","Owner","Aditya Verma","8000000683","5",NULL,"2026-08-11 06:38:26.265","2026-08-11 06:38:26.265","E2004701A00000000002AB","W1-D-000683","E2004701B00000000002AB","W1-W-000683",12.90156400,77.58860400
3116,"7000000684","Zone A - Division 1 - Ward 1 - Block 7","Individual HHs","14-34","3rd Floor","Tenant","Arjun Verma","8000000684","6",NULL,"2026-08-11 06:38:26.265","2026-08-11 06:38:26.265","E2004701A00000000002AC","W1-D-000684","E2004701B00000000002AC","W1-W-000684",12.90156600,77.58875400
3117,"7000000685","Zone A - Division 1 - Ward 1 - Block 7","Individual HHs","14-35","Ground floor","Owner","Rohan Verma","8000000685","1",NULL,"2026-08-11 06:38:26.265","2026-08-11 06:38:26.265","E2004701A00000000002AD","W1-D-000685","E2004701B00000000002AD","W1-W-000685",12.90156800,77.58890400
3118,"7000000686","Zone A - Division 1 - Ward 1 - Block 7","Individual HHs","14-36","1st Floor","Tenant","Rahul Verma","8000000686","2",NULL,"2026-08-11 06:38:26.265","2026-08-11 06:38:26.265","E2004701A00000000002AE","W1-D-000686","E2004701B00000000002AE","W1-W-000686",12.90157000,77.58905400
3119,"7000000687","Zone A - Division 1 - Ward 1 - Block 7","Individual HHs","14-37","2nd Floor","Owner","Karthik Verma","8000000687","3",NULL,"2026-08-11 06:38:26.265","2026-08-11 06:38:26.265","E2004701A00000000002AF","W1-D-000687","E2004701B00000000002AF","W1-W-000687",12.90157200,77.58920400
3120,"7000000688","Zone A - Division 1 - Ward 1 - Block 7","Individual HHs","14-38","3rd Floor","Tenant","Vikram Verma","8000000688","4",NULL,"2026-08-11 06:38:26.265","2026-08-11 06:38:26.265","E2004701A00000000002B0","W1-D-000688","E2004701B00000000002B0","W1-W-000688",12.90157400,77.58935400
3121,"7000000689","Zone A - Division 1 - Ward 1 - Block 7","Individual HHs","14-39","Ground floor","Owner","Akash Verma","8000000689","5",NULL,"2026-08-11 06:38:26.265","2026-08-11 06:38:26.265","E2004701A00000000002B1","W1-D-000689","E2004701B00000000002B1","W1-W-000689",12.90157600,77.58950400
3122,"7000000690","Zone A - Division 1 - Ward 1 - Block 7","Individual HHs","14-40","1st Floor","Tenant","Siddharth Verma","8000000690","6",NULL,"2026-08-11 06:38:26.265","2026-08-11 06:38:26.265","E2004701A00000000002B2","W1-D-000690","E2004701B00000000002B2","W1-W-000690",12.90157800,77.58965400
3123,"7000000691","Zone A - Division 1 - Ward 1 - Block 7","Individual HHs","14-41","2nd Floor","Owner","Ananya Verma","8000000691","1",NULL,"2026-08-11 06:38:26.265","2026-08-11 06:38:26.265","E2004701A00000000002B3","W1-D-000691","E2004701B00000000002B3","W1-W-000691",12.90158000,77.58980400
3124,"7000000692","Zone A - Division 1 - Ward 1 - Block 7","Individual HHs","14-42","3rd Floor","Tenant","Aadhya Verma","8000000692","2",NULL,"2026-08-11 06:38:26.265","2026-08-11 06:38:26.265","E2004701A00000000002B4","W1-D-000692","E2004701B00000000002B4","W1-W-000692",12.90158200,77.58995400
3125,"7000000693","Zone A - Division 1 - Ward 1 - Block 7","Individual HHs","14-43","Ground floor","Owner","Diya Verma","8000000693","3",NULL,"2026-08-11 06:38:26.265","2026-08-11 06:38:26.265","E2004701A00000000002B5","W1-D-000693","E2004701B00000000002B5","W1-W-000693",12.90158400,77.59010400
3126,"7000000694","Zone A - Division 1 - Ward 1 - Block 7","Individual HHs","14-44","1st Floor","Tenant","Ishita Verma","8000000694","4",NULL,"2026-08-11 06:38:26.265","2026-08-11 06:38:26.265","E2004701A00000000002B6","W1-D-000694","E2004701B00000000002B6","W1-W-000694",12.90158600,77.59025400
3127,"7000000695","Zone A - Division 1 - Ward 1 - Block 7","Individual HHs","14-45","2nd Floor","Owner","Kavya Verma","8000000695","5",NULL,"2026-08-11 06:38:26.265","2026-08-11 06:38:26.265","E2004701A00000000002B7","W1-D-000695","E2004701B00000000002B7","W1-W-000695",12.90158800,77.59040400
3128,"7000000696","Zone A - Division 1 - Ward 1 - Block 7","Individual HHs","14-46","3rd Floor","Tenant","Meera Verma","8000000696","6",NULL,"2026-08-11 06:38:26.265","2026-08-11 06:38:26.265","E2004701A00000000002B8","W1-D-000696","E2004701B00000000002B8","W1-W-000696",12.90159000,77.59055400
3129,"7000000697","Zone A - Division 1 - Ward 1 - Block 7","Individual HHs","14-47","Ground floor","Owner","Sneha Verma","8000000697","1",NULL,"2026-08-11 06:38:26.265","2026-08-11 06:38:26.265","E2004701A00000000002B9","W1-D-000697","E2004701B00000000002B9","W1-W-000697",12.90159200,77.59070400
3130,"7000000698","Zone A - Division 1 - Ward 1 - Block 7","Individual HHs","14-48","1st Floor","Tenant","Pooja Verma","8000000698","2",NULL,"2026-08-11 06:38:26.265","2026-08-11 06:38:26.265","E2004701A00000000002BA","W1-D-000698","E2004701B00000000002BA","W1-W-000698",12.90159400,77.59085400
3131,"7000000699","Zone A - Division 1 - Ward 1 - Block 7","Individual HHs","14-49","2nd Floor","Owner","Riya Verma","8000000699","3",NULL,"2026-08-11 06:38:26.265","2026-08-11 06:38:26.265","E2004701A00000000002BB","W1-D-000699","E2004701B00000000002BB","W1-W-000699",12.90159600,77.59100400
3132,"7000000700","Zone A - Division 1 - Ward 1 - Block 7","Individual HHs","14-50","3rd Floor","Tenant","Nandini Verma","8000000700","4",NULL,"2026-08-11 06:38:26.265","2026-08-11 06:38:26.265","E2004701A00000000002BC","W1-D-000700","E2004701B00000000002BC","W1-W-000700",12.90159800,77.59115400
3133,"7000000701","Zone A - Division 1 - Ward 1 - Block 8","Individual HHs","15-01","Ground floor","Owner","Sanjay Verma","8000000701","5",NULL,"2026-08-11 06:38:26.265","2026-08-11 06:38:26.265","E2004701A00000000002BD","W1-D-000701","E2004701B00000000002BD","W1-W-000701",12.90170000,77.58755600
3134,"7000000702","Zone A - Division 1 - Ward 1 - Block 8","Individual HHs","15-02","1st Floor","Tenant","Manoj Verma","8000000702","6",NULL,"2026-08-11 06:38:26.265","2026-08-11 06:38:26.265","E2004701A00000000002BE","W1-D-000702","E2004701B00000000002BE","W1-W-000702",12.90170200,77.58770600
3135,"7000000703","Zone A - Division 1 - Ward 1 - Block 8","Individual HHs","15-03","2nd Floor","Owner","Suresh Verma","8000000703","1",NULL,"2026-08-11 06:38:26.265","2026-08-11 06:38:26.265","E2004701A00000000002BF","W1-D-000703","E2004701B00000000002BF","W1-W-000703",12.90170400,77.58785600
3136,"7000000704","Zone A - Division 1 - Ward 1 - Block 8","Individual HHs","15-04","3rd Floor","Tenant","Mahesh Verma","8000000704","2",NULL,"2026-08-11 06:38:26.265","2026-08-11 06:38:26.265","E2004701A00000000002C0","W1-D-000704","E2004701B00000000002C0","W1-W-000704",12.90170600,77.58800600
3137,"7000000705","Zone A - Division 1 - Ward 1 - Block 8","Individual HHs","15-05","Ground floor","Owner","Prakash Verma","8000000705","3",NULL,"2026-08-11 06:38:26.265","2026-08-11 06:38:26.265","E2004701A00000000002C1","W1-D-000705","E2004701B00000000002C1","W1-W-000705",12.90170800,77.58815600
3138,"7000000706","Zone A - Division 1 - Ward 1 - Block 8","Individual HHs","15-06","1st Floor","Tenant","Ramesh Verma","8000000706","4",NULL,"2026-08-11 06:38:26.265","2026-08-11 06:38:26.265","E2004701A00000000002C2","W1-D-000706","E2004701B00000000002C2","W1-W-000706",12.90171000,77.58830600
3139,"7000000707","Zone A - Division 1 - Ward 1 - Block 8","Individual HHs","15-07","2nd Floor","Owner","Ganesh Verma","8000000707","5",NULL,"2026-08-11 06:38:26.265","2026-08-11 06:38:26.265","E2004701A00000000002C3","W1-D-000707","E2004701B00000000002C3","W1-W-000707",12.90171200,77.58845600
3140,"7000000708","Zone A - Division 1 - Ward 1 - Block 8","Individual HHs","15-08","3rd Floor","Tenant","Dinesh Verma","8000000708","6",NULL,"2026-08-11 06:38:26.265","2026-08-11 06:38:26.265","E2004701A00000000002C4","W1-D-000708","E2004701B00000000002C4","W1-W-000708",12.90171400,77.58860600
3141,"7000000709","Zone A - Division 1 - Ward 1 - Block 8","Individual HHs","15-09","Ground floor","Owner","Nikhil Verma","8000000709","1",NULL,"2026-08-11 06:38:26.265","2026-08-11 06:38:26.265","E2004701A00000000002C5","W1-D-000709","E2004701B00000000002C5","W1-W-000709",12.90171600,77.58875600
3142,"7000000710","Zone A - Division 1 - Ward 1 - Block 8","Individual HHs","15-10","1st Floor","Tenant","Varun Verma","8000000710","2",NULL,"2026-08-11 06:38:26.265","2026-08-11 06:38:26.265","E2004701A00000000002C6","W1-D-000710","E2004701B00000000002C6","W1-W-000710",12.90171800,77.58890600
3143,"7000000711","Zone A - Division 1 - Ward 1 - Block 8","Individual HHs","15-11","2nd Floor","Owner","Priya Verma","8000000711","3",NULL,"2026-08-11 06:38:26.265","2026-08-11 06:38:26.265","E2004701A00000000002C7","W1-D-000711","E2004701B00000000002C7","W1-W-000711",12.90172000,77.58905600
3144,"7000000712","Zone A - Division 1 - Ward 1 - Block 8","Individual HHs","15-12","3rd Floor","Tenant","Divya Verma","8000000712","4",NULL,"2026-08-11 06:38:26.265","2026-08-11 06:38:26.265","E2004701A00000000002C8","W1-D-000712","E2004701B00000000002C8","W1-W-000712",12.90172200,77.58920600
3145,"7000000713","Zone A - Division 1 - Ward 1 - Block 8","Individual HHs","15-13","Ground floor","Owner","Swathi Verma","8000000713","5",NULL,"2026-08-11 06:38:26.265","2026-08-11 06:38:26.265","E2004701A00000000002C9","W1-D-000713","E2004701B00000000002C9","W1-W-000713",12.90172400,77.58935600
3146,"7000000714","Zone A - Division 1 - Ward 1 - Block 8","Individual HHs","15-14","1st Floor","Tenant","Shreya Verma","8000000714","6",NULL,"2026-08-11 06:38:26.265","2026-08-11 06:38:26.265","E2004701A00000000002CA","W1-D-000714","E2004701B00000000002CA","W1-W-000714",12.90172600,77.58950600
3147,"7000000715","Zone A - Division 1 - Ward 1 - Block 8","Individual HHs","15-15","2nd Floor","Owner","Keerthi Verma","8000000715","1",NULL,"2026-08-11 06:38:26.265","2026-08-11 06:38:26.265","E2004701A00000000002CB","W1-D-000715","E2004701B00000000002CB","W1-W-000715",12.90172800,77.58965600
3148,"7000000716","Zone A - Division 1 - Ward 1 - Block 8","Individual HHs","15-16","3rd Floor","Tenant","Lakshmi Verma","8000000716","2",NULL,"2026-08-11 06:38:26.265","2026-08-11 06:38:26.265","E2004701A00000000002CC","W1-D-000716","E2004701B00000000002CC","W1-W-000716",12.90173000,77.58980600
3149,"7000000717","Zone A - Division 1 - Ward 1 - Block 8","Individual HHs","15-17","Ground floor","Owner","Deepa Verma","8000000717","3",NULL,"2026-08-11 06:38:26.265","2026-08-11 06:38:26.265","E2004701A00000000002CD","W1-D-000717","E2004701B00000000002CD","W1-W-000717",12.90173200,77.58995600
3150,"7000000718","Zone A - Division 1 - Ward 1 - Block 8","Individual HHs","15-18","1st Floor","Tenant","Asha Verma","8000000718","4",NULL,"2026-08-11 06:38:26.265","2026-08-11 06:38:26.265","E2004701A00000000002CE","W1-D-000718","E2004701B00000000002CE","W1-W-000718",12.90173400,77.59010600
3151,"7000000719","Zone A - Division 1 - Ward 1 - Block 8","Individual HHs","15-19","2nd Floor","Owner","Pallavi Verma","8000000719","5",NULL,"2026-08-11 06:38:26.265","2026-08-11 06:38:26.265","E2004701A00000000002CF","W1-D-000719","E2004701B00000000002CF","W1-W-000719",12.90173600,77.59025600
3152,"7000000720","Zone A - Division 1 - Ward 1 - Block 8","Individual HHs","15-20","3rd Floor","Tenant","Bhavana Verma","8000000720","6",NULL,"2026-08-11 06:38:26.265","2026-08-11 06:38:26.265","E2004701A00000000002D0","W1-D-000720","E2004701B00000000002D0","W1-W-000720",12.90173800,77.59040600
3153,"7000000721","Zone A - Division 1 - Ward 1 - Block 8","Individual HHs","15-21","Ground floor","Owner","Aarav Singh","8000000721","1",NULL,"2026-08-11 06:38:26.265","2026-08-11 06:38:26.265","E2004701A00000000002D1","W1-D-000721","E2004701B00000000002D1","W1-W-000721",12.90174000,77.59055600
3154,"7000000722","Zone A - Division 1 - Ward 1 - Block 8","Individual HHs","15-22","1st Floor","Tenant","Vihaan Singh","8000000722","2",NULL,"2026-08-11 06:38:26.265","2026-08-11 06:38:26.265","E2004701A00000000002D2","W1-D-000722","E2004701B00000000002D2","W1-W-000722",12.90174200,77.59070600
3155,"7000000723","Zone A - Division 1 - Ward 1 - Block 8","Individual HHs","15-23","2nd Floor","Owner","Aditya Singh","8000000723","3",NULL,"2026-08-11 06:38:26.265","2026-08-11 06:38:26.265","E2004701A00000000002D3","W1-D-000723","E2004701B00000000002D3","W1-W-000723",12.90174400,77.59085600
3156,"7000000724","Zone A - Division 1 - Ward 1 - Block 8","Individual HHs","15-24","3rd Floor","Tenant","Arjun Singh","8000000724","4",NULL,"2026-08-11 06:38:26.265","2026-08-11 06:38:26.265","E2004701A00000000002D4","W1-D-000724","E2004701B00000000002D4","W1-W-000724",12.90174600,77.59100600
3157,"7000000725","Zone A - Division 1 - Ward 1 - Block 8","Individual HHs","15-25","Ground floor","Owner","Rohan Singh","8000000725","5",NULL,"2026-08-11 06:38:26.265","2026-08-11 06:38:26.265","E2004701A00000000002D5","W1-D-000725","E2004701B00000000002D5","W1-W-000725",12.90174800,77.59115600
3158,"7000000726","Zone A - Division 1 - Ward 1 - Block 8","Individual HHs","15-26","1st Floor","Tenant","Rahul Singh","8000000726","6",NULL,"2026-08-11 06:38:26.265","2026-08-11 06:38:26.265","E2004701A00000000002D6","W1-D-000726","E2004701B00000000002D6","W1-W-000726",12.90185000,77.58755800
3159,"7000000727","Zone A - Division 1 - Ward 1 - Block 8","Individual HHs","15-27","2nd Floor","Owner","Karthik Singh","8000000727","1",NULL,"2026-08-11 06:38:26.265","2026-08-11 06:38:26.265","E2004701A00000000002D7","W1-D-000727","E2004701B00000000002D7","W1-W-000727",12.90185200,77.58770800
3160,"7000000728","Zone A - Division 1 - Ward 1 - Block 8","Individual HHs","15-28","3rd Floor","Tenant","Vikram Singh","8000000728","2",NULL,"2026-08-11 06:38:26.265","2026-08-11 06:38:26.265","E2004701A00000000002D8","W1-D-000728","E2004701B00000000002D8","W1-W-000728",12.90185400,77.58785800
3161,"7000000729","Zone A - Division 1 - Ward 1 - Block 8","Individual HHs","15-29","Ground floor","Owner","Akash Singh","8000000729","3",NULL,"2026-08-11 06:38:26.265","2026-08-11 06:38:26.265","E2004701A00000000002D9","W1-D-000729","E2004701B00000000002D9","W1-W-000729",12.90185600,77.58800800
3162,"7000000730","Zone A - Division 1 - Ward 1 - Block 8","Individual HHs","15-30","1st Floor","Tenant","Siddharth Singh","8000000730","4",NULL,"2026-08-11 06:38:26.265","2026-08-11 06:38:26.265","E2004701A00000000002DA","W1-D-000730","E2004701B00000000002DA","W1-W-000730",12.90185800,77.58815800
3163,"7000000731","Zone A - Division 1 - Ward 1 - Block 8","Individual HHs","15-31","2nd Floor","Owner","Ananya Singh","8000000731","5",NULL,"2026-08-11 06:38:26.265","2026-08-11 06:38:26.265","E2004701A00000000002DB","W1-D-000731","E2004701B00000000002DB","W1-W-000731",12.90186000,77.58830800
3164,"7000000732","Zone A - Division 1 - Ward 1 - Block 8","Individual HHs","15-32","3rd Floor","Tenant","Aadhya Singh","8000000732","6",NULL,"2026-08-11 06:38:26.265","2026-08-11 06:38:26.265","E2004701A00000000002DC","W1-D-000732","E2004701B00000000002DC","W1-W-000732",12.90186200,77.58845800
3165,"7000000733","Zone A - Division 1 - Ward 1 - Block 8","Individual HHs","15-33","Ground floor","Owner","Diya Singh","8000000733","1",NULL,"2026-08-11 06:38:26.265","2026-08-11 06:38:26.265","E2004701A00000000002DD","W1-D-000733","E2004701B00000000002DD","W1-W-000733",12.90186400,77.58860800
3166,"7000000734","Zone A - Division 1 - Ward 1 - Block 8","Individual HHs","15-34","1st Floor","Tenant","Ishita Singh","8000000734","2",NULL,"2026-08-11 06:38:26.265","2026-08-11 06:38:26.265","E2004701A00000000002DE","W1-D-000734","E2004701B00000000002DE","W1-W-000734",12.90186600,77.58875800
3167,"7000000735","Zone A - Division 1 - Ward 1 - Block 8","Individual HHs","15-35","2nd Floor","Owner","Kavya Singh","8000000735","3",NULL,"2026-08-11 06:38:26.265","2026-08-11 06:38:26.265","E2004701A00000000002DF","W1-D-000735","E2004701B00000000002DF","W1-W-000735",12.90186800,77.58890800
3168,"7000000736","Zone A - Division 1 - Ward 1 - Block 8","Individual HHs","15-36","3rd Floor","Tenant","Meera Singh","8000000736","4",NULL,"2026-08-11 06:38:26.265","2026-08-11 06:38:26.265","E2004701A00000000002E0","W1-D-000736","E2004701B00000000002E0","W1-W-000736",12.90187000,77.58905800
3169,"7000000737","Zone A - Division 1 - Ward 1 - Block 8","Individual HHs","15-37","Ground floor","Owner","Sneha Singh","8000000737","5",NULL,"2026-08-11 06:38:26.265","2026-08-11 06:38:26.265","E2004701A00000000002E1","W1-D-000737","E2004701B00000000002E1","W1-W-000737",12.90187200,77.58920800
3170,"7000000738","Zone A - Division 1 - Ward 1 - Block 8","Individual HHs","15-38","1st Floor","Tenant","Pooja Singh","8000000738","6",NULL,"2026-08-11 06:38:26.265","2026-08-11 06:38:26.265","E2004701A00000000002E2","W1-D-000738","E2004701B00000000002E2","W1-W-000738",12.90187400,77.58935800
3171,"7000000739","Zone A - Division 1 - Ward 1 - Block 8","Individual HHs","15-39","2nd Floor","Owner","Riya Singh","8000000739","1",NULL,"2026-08-11 06:38:26.265","2026-08-11 06:38:26.265","E2004701A00000000002E3","W1-D-000739","E2004701B00000000002E3","W1-W-000739",12.90187600,77.58950800
3172,"7000000740","Zone A - Division 1 - Ward 1 - Block 8","Individual HHs","15-40","3rd Floor","Tenant","Nandini Singh","8000000740","2",NULL,"2026-08-11 06:38:26.265","2026-08-11 06:38:26.265","E2004701A00000000002E4","W1-D-000740","E2004701B00000000002E4","W1-W-000740",12.90187800,77.58965800
3173,"7000000741","Zone A - Division 1 - Ward 1 - Block 8","Individual HHs","15-41","Ground floor","Owner","Sanjay Singh","8000000741","3",NULL,"2026-08-11 06:38:26.265","2026-08-11 06:38:26.265","E2004701A00000000002E5","W1-D-000741","E2004701B00000000002E5","W1-W-000741",12.90188000,77.58980800
3174,"7000000742","Zone A - Division 1 - Ward 1 - Block 8","Individual HHs","15-42","1st Floor","Tenant","Manoj Singh","8000000742","4",NULL,"2026-08-11 06:38:26.265","2026-08-11 06:38:26.265","E2004701A00000000002E6","W1-D-000742","E2004701B00000000002E6","W1-W-000742",12.90188200,77.58995800
3175,"7000000743","Zone A - Division 1 - Ward 1 - Block 8","Individual HHs","15-43","2nd Floor","Owner","Suresh Singh","8000000743","5",NULL,"2026-08-11 06:38:26.265","2026-08-11 06:38:26.265","E2004701A00000000002E7","W1-D-000743","E2004701B00000000002E7","W1-W-000743",12.90188400,77.59010800
3176,"7000000744","Zone A - Division 1 - Ward 1 - Block 8","Individual HHs","15-44","3rd Floor","Tenant","Mahesh Singh","8000000744","6",NULL,"2026-08-11 06:38:26.265","2026-08-11 06:38:26.265","E2004701A00000000002E8","W1-D-000744","E2004701B00000000002E8","W1-W-000744",12.90188600,77.59025800
3177,"7000000745","Zone A - Division 1 - Ward 1 - Block 8","Individual HHs","15-45","Ground floor","Owner","Prakash Singh","8000000745","1",NULL,"2026-08-11 06:38:26.265","2026-08-11 06:38:26.265","E2004701A00000000002E9","W1-D-000745","E2004701B00000000002E9","W1-W-000745",12.90188800,77.59040800
3178,"7000000746","Zone A - Division 1 - Ward 1 - Block 8","Individual HHs","15-46","1st Floor","Tenant","Ramesh Singh","8000000746","2",NULL,"2026-08-11 06:38:26.265","2026-08-11 06:38:26.265","E2004701A00000000002EA","W1-D-000746","E2004701B00000000002EA","W1-W-000746",12.90189000,77.59055800
3179,"7000000747","Zone A - Division 1 - Ward 1 - Block 8","Individual HHs","15-47","2nd Floor","Owner","Ganesh Singh","8000000747","3",NULL,"2026-08-11 06:38:26.265","2026-08-11 06:38:26.265","E2004701A00000000002EB","W1-D-000747","E2004701B00000000002EB","W1-W-000747",12.90189200,77.59070800
3180,"7000000748","Zone A - Division 1 - Ward 1 - Block 8","Individual HHs","15-48","3rd Floor","Tenant","Dinesh Singh","8000000748","4",NULL,"2026-08-11 06:38:26.265","2026-08-11 06:38:26.265","E2004701A00000000002EC","W1-D-000748","E2004701B00000000002EC","W1-W-000748",12.90189400,77.59085800
3181,"7000000749","Zone A - Division 1 - Ward 1 - Block 8","Individual HHs","15-49","Ground floor","Owner","Nikhil Singh","8000000749","5",NULL,"2026-08-11 06:38:26.265","2026-08-11 06:38:26.265","E2004701A00000000002ED","W1-D-000749","E2004701B00000000002ED","W1-W-000749",12.90189600,77.59100800
3182,"7000000750","Zone A - Division 1 - Ward 1 - Block 8","Individual HHs","15-50","1st Floor","Tenant","Varun Singh","8000000750","6",NULL,"2026-08-11 06:38:26.265","2026-08-11 06:38:26.265","E2004701A00000000002EE","W1-D-000750","E2004701B00000000002EE","W1-W-000750",12.90189800,77.59115800
3183,"7000000751","Zone A - Division 1 - Ward 1 - Block 8","Individual HHs","16-01","2nd Floor","Owner","Priya Singh","8000000751","1",NULL,"2026-08-11 06:38:26.265","2026-08-11 06:38:26.265","E2004701A00000000002EF","W1-D-000751","E2004701B00000000002EF","W1-W-000751",12.90200000,77.58756000
3184,"7000000752","Zone A - Division 1 - Ward 1 - Block 8","Individual HHs","16-02","3rd Floor","Tenant","Divya Singh","8000000752","2",NULL,"2026-08-11 06:38:26.265","2026-08-11 06:38:26.265","E2004701A00000000002F0","W1-D-000752","E2004701B00000000002F0","W1-W-000752",12.90200200,77.58771000
3185,"7000000753","Zone A - Division 1 - Ward 1 - Block 8","Individual HHs","16-03","Ground floor","Owner","Swathi Singh","8000000753","3",NULL,"2026-08-11 06:38:26.265","2026-08-11 06:38:26.265","E2004701A00000000002F1","W1-D-000753","E2004701B00000000002F1","W1-W-000753",12.90200400,77.58786000
3186,"7000000754","Zone A - Division 1 - Ward 1 - Block 8","Individual HHs","16-04","1st Floor","Tenant","Shreya Singh","8000000754","4",NULL,"2026-08-11 06:38:26.265","2026-08-11 06:38:26.265","E2004701A00000000002F2","W1-D-000754","E2004701B00000000002F2","W1-W-000754",12.90200600,77.58801000
3187,"7000000755","Zone A - Division 1 - Ward 1 - Block 8","Individual HHs","16-05","2nd Floor","Owner","Keerthi Singh","8000000755","5",NULL,"2026-08-11 06:38:26.265","2026-08-11 06:38:26.265","E2004701A00000000002F3","W1-D-000755","E2004701B00000000002F3","W1-W-000755",12.90200800,77.58816000
3188,"7000000756","Zone A - Division 1 - Ward 1 - Block 8","Individual HHs","16-06","3rd Floor","Tenant","Lakshmi Singh","8000000756","6",NULL,"2026-08-11 06:38:26.265","2026-08-11 06:38:26.265","E2004701A00000000002F4","W1-D-000756","E2004701B00000000002F4","W1-W-000756",12.90201000,77.58831000
3189,"7000000757","Zone A - Division 1 - Ward 1 - Block 8","Individual HHs","16-07","Ground floor","Owner","Deepa Singh","8000000757","1",NULL,"2026-08-11 06:38:26.265","2026-08-11 06:38:26.265","E2004701A00000000002F5","W1-D-000757","E2004701B00000000002F5","W1-W-000757",12.90201200,77.58846000
3190,"7000000758","Zone A - Division 1 - Ward 1 - Block 8","Individual HHs","16-08","1st Floor","Tenant","Asha Singh","8000000758","2",NULL,"2026-08-11 06:38:26.265","2026-08-11 06:38:26.265","E2004701A00000000002F6","W1-D-000758","E2004701B00000000002F6","W1-W-000758",12.90201400,77.58861000
3191,"7000000759","Zone A - Division 1 - Ward 1 - Block 8","Individual HHs","16-09","2nd Floor","Owner","Pallavi Singh","8000000759","3",NULL,"2026-08-11 06:38:26.265","2026-08-11 06:38:26.265","E2004701A00000000002F7","W1-D-000759","E2004701B00000000002F7","W1-W-000759",12.90201600,77.58876000
3192,"7000000760","Zone A - Division 1 - Ward 1 - Block 8","Individual HHs","16-10","3rd Floor","Tenant","Bhavana Singh","8000000760","4",NULL,"2026-08-11 06:38:26.265","2026-08-11 06:38:26.265","E2004701A00000000002F8","W1-D-000760","E2004701B00000000002F8","W1-W-000760",12.90201800,77.58891000
3193,"7000000761","Zone A - Division 1 - Ward 1 - Block 8","Individual HHs","16-11","Ground floor","Owner","Aarav Das","8000000761","5",NULL,"2026-08-11 06:38:26.265","2026-08-11 06:38:26.265","E2004701A00000000002F9","W1-D-000761","E2004701B00000000002F9","W1-W-000761",12.90202000,77.58906000
3194,"7000000762","Zone A - Division 1 - Ward 1 - Block 8","Individual HHs","16-12","1st Floor","Tenant","Vihaan Das","8000000762","6",NULL,"2026-08-11 06:38:26.265","2026-08-11 06:38:26.265","E2004701A00000000002FA","W1-D-000762","E2004701B00000000002FA","W1-W-000762",12.90202200,77.58921000
3195,"7000000763","Zone A - Division 1 - Ward 1 - Block 8","Individual HHs","16-13","2nd Floor","Owner","Aditya Das","8000000763","1",NULL,"2026-08-11 06:38:26.265","2026-08-11 06:38:26.265","E2004701A00000000002FB","W1-D-000763","E2004701B00000000002FB","W1-W-000763",12.90202400,77.58936000
3196,"7000000764","Zone A - Division 1 - Ward 1 - Block 8","Individual HHs","16-14","3rd Floor","Tenant","Arjun Das","8000000764","2",NULL,"2026-08-11 06:38:26.265","2026-08-11 06:38:26.265","E2004701A00000000002FC","W1-D-000764","E2004701B00000000002FC","W1-W-000764",12.90202600,77.58951000
3197,"7000000765","Zone A - Division 1 - Ward 1 - Block 8","Individual HHs","16-15","Ground floor","Owner","Rohan Das","8000000765","3",NULL,"2026-08-11 06:38:26.265","2026-08-11 06:38:26.265","E2004701A00000000002FD","W1-D-000765","E2004701B00000000002FD","W1-W-000765",12.90202800,77.58966000
3198,"7000000766","Zone A - Division 1 - Ward 1 - Block 8","Individual HHs","16-16","1st Floor","Tenant","Rahul Das","8000000766","4",NULL,"2026-08-11 06:38:26.265","2026-08-11 06:38:26.265","E2004701A00000000002FE","W1-D-000766","E2004701B00000000002FE","W1-W-000766",12.90203000,77.58981000
3199,"7000000767","Zone A - Division 1 - Ward 1 - Block 8","Individual HHs","16-17","2nd Floor","Owner","Karthik Das","8000000767","5",NULL,"2026-08-11 06:38:26.265","2026-08-11 06:38:26.265","E2004701A00000000002FF","W1-D-000767","E2004701B00000000002FF","W1-W-000767",12.90203200,77.58996000
3200,"7000000768","Zone A - Division 1 - Ward 1 - Block 8","Individual HHs","16-18","3rd Floor","Tenant","Vikram Das","8000000768","6",NULL,"2026-08-11 06:38:26.265","2026-08-11 06:38:26.265","E2004701A0000000000300","W1-D-000768","E2004701B0000000000300","W1-W-000768",12.90203400,77.59011000
3201,"7000000769","Zone A - Division 1 - Ward 1 - Block 8","Individual HHs","16-19","Ground floor","Owner","Akash Das","8000000769","1",NULL,"2026-08-11 06:38:26.265","2026-08-11 06:38:26.265","E2004701A0000000000301","W1-D-000769","E2004701B0000000000301","W1-W-000769",12.90203600,77.59026000
3202,"7000000770","Zone A - Division 1 - Ward 1 - Block 8","Individual HHs","16-20","1st Floor","Tenant","Siddharth Das","8000000770","2",NULL,"2026-08-11 06:38:26.265","2026-08-11 06:38:26.265","E2004701A0000000000302","W1-D-000770","E2004701B0000000000302","W1-W-000770",12.90203800,77.59041000
3203,"7000000771","Zone A - Division 1 - Ward 1 - Block 8","Individual HHs","16-21","2nd Floor","Owner","Ananya Das","8000000771","3",NULL,"2026-08-11 06:38:26.265","2026-08-11 06:38:26.265","E2004701A0000000000303","W1-D-000771","E2004701B0000000000303","W1-W-000771",12.90204000,77.59056000
3204,"7000000772","Zone A - Division 1 - Ward 1 - Block 8","Individual HHs","16-22","3rd Floor","Tenant","Aadhya Das","8000000772","4",NULL,"2026-08-11 06:38:26.265","2026-08-11 06:38:26.265","E2004701A0000000000304","W1-D-000772","E2004701B0000000000304","W1-W-000772",12.90204200,77.59071000
3205,"7000000773","Zone A - Division 1 - Ward 1 - Block 8","Individual HHs","16-23","Ground floor","Owner","Diya Das","8000000773","5",NULL,"2026-08-11 06:38:26.265","2026-08-11 06:38:26.265","E2004701A0000000000305","W1-D-000773","E2004701B0000000000305","W1-W-000773",12.90204400,77.59086000
3206,"7000000774","Zone A - Division 1 - Ward 1 - Block 8","Individual HHs","16-24","1st Floor","Tenant","Ishita Das","8000000774","6",NULL,"2026-08-11 06:38:26.265","2026-08-11 06:38:26.265","E2004701A0000000000306","W1-D-000774","E2004701B0000000000306","W1-W-000774",12.90204600,77.59101000
3207,"7000000775","Zone A - Division 1 - Ward 1 - Block 8","Individual HHs","16-25","2nd Floor","Owner","Kavya Das","8000000775","1",NULL,"2026-08-11 06:38:26.265","2026-08-11 06:38:26.265","E2004701A0000000000307","W1-D-000775","E2004701B0000000000307","W1-W-000775",12.90204800,77.59116000
3208,"7000000776","Zone A - Division 1 - Ward 1 - Block 8","Individual HHs","16-26","3rd Floor","Tenant","Meera Das","8000000776","2",NULL,"2026-08-11 06:38:26.265","2026-08-11 06:38:26.265","E2004701A0000000000308","W1-D-000776","E2004701B0000000000308","W1-W-000776",12.90215000,77.58756200
3209,"7000000777","Zone A - Division 1 - Ward 1 - Block 8","Individual HHs","16-27","Ground floor","Owner","Sneha Das","8000000777","3",NULL,"2026-08-11 06:38:26.265","2026-08-11 06:38:26.265","E2004701A0000000000309","W1-D-000777","E2004701B0000000000309","W1-W-000777",12.90215200,77.58771200
3210,"7000000778","Zone A - Division 1 - Ward 1 - Block 8","Individual HHs","16-28","1st Floor","Tenant","Pooja Das","8000000778","4",NULL,"2026-08-11 06:38:26.265","2026-08-11 06:38:26.265","E2004701A000000000030A","W1-D-000778","E2004701B000000000030A","W1-W-000778",12.90215400,77.58786200
3211,"7000000779","Zone A - Division 1 - Ward 1 - Block 8","Individual HHs","16-29","2nd Floor","Owner","Riya Das","8000000779","5",NULL,"2026-08-11 06:38:26.265","2026-08-11 06:38:26.265","E2004701A000000000030B","W1-D-000779","E2004701B000000000030B","W1-W-000779",12.90215600,77.58801200
3212,"7000000780","Zone A - Division 1 - Ward 1 - Block 8","Individual HHs","16-30","3rd Floor","Tenant","Nandini Das","8000000780","6",NULL,"2026-08-11 06:38:26.265","2026-08-11 06:38:26.265","E2004701A000000000030C","W1-D-000780","E2004701B000000000030C","W1-W-000780",12.90215800,77.58816200
3213,"7000000781","Zone A - Division 1 - Ward 1 - Block 8","Individual HHs","16-31","Ground floor","Owner","Sanjay Das","8000000781","1",NULL,"2026-08-11 06:38:26.265","2026-08-11 06:38:26.265","E2004701A000000000030D","W1-D-000781","E2004701B000000000030D","W1-W-000781",12.90216000,77.58831200
3214,"7000000782","Zone A - Division 1 - Ward 1 - Block 8","Individual HHs","16-32","1st Floor","Tenant","Manoj Das","8000000782","2",NULL,"2026-08-11 06:38:26.265","2026-08-11 06:38:26.265","E2004701A000000000030E","W1-D-000782","E2004701B000000000030E","W1-W-000782",12.90216200,77.58846200
3215,"7000000783","Zone A - Division 1 - Ward 1 - Block 8","Individual HHs","16-33","2nd Floor","Owner","Suresh Das","8000000783","3",NULL,"2026-08-11 06:38:26.265","2026-08-11 06:38:26.265","E2004701A000000000030F","W1-D-000783","E2004701B000000000030F","W1-W-000783",12.90216400,77.58861200
3216,"7000000784","Zone A - Division 1 - Ward 1 - Block 8","Individual HHs","16-34","3rd Floor","Tenant","Mahesh Das","8000000784","4",NULL,"2026-08-11 06:38:26.265","2026-08-11 06:38:26.265","E2004701A0000000000310","W1-D-000784","E2004701B0000000000310","W1-W-000784",12.90216600,77.58876200
3217,"7000000785","Zone A - Division 1 - Ward 1 - Block 8","Individual HHs","16-35","Ground floor","Owner","Prakash Das","8000000785","5",NULL,"2026-08-11 06:38:26.265","2026-08-11 06:38:26.265","E2004701A0000000000311","W1-D-000785","E2004701B0000000000311","W1-W-000785",12.90216800,77.58891200
3218,"7000000786","Zone A - Division 1 - Ward 1 - Block 8","Individual HHs","16-36","1st Floor","Tenant","Ramesh Das","8000000786","6",NULL,"2026-08-11 06:38:26.265","2026-08-11 06:38:26.265","E2004701A0000000000312","W1-D-000786","E2004701B0000000000312","W1-W-000786",12.90217000,77.58906200
3219,"7000000787","Zone A - Division 1 - Ward 1 - Block 8","Individual HHs","16-37","2nd Floor","Owner","Ganesh Das","8000000787","1",NULL,"2026-08-11 06:38:26.265","2026-08-11 06:38:26.265","E2004701A0000000000313","W1-D-000787","E2004701B0000000000313","W1-W-000787",12.90217200,77.58921200
3220,"7000000788","Zone A - Division 1 - Ward 1 - Block 8","Individual HHs","16-38","3rd Floor","Tenant","Dinesh Das","8000000788","2",NULL,"2026-08-11 06:38:26.265","2026-08-11 06:38:26.265","E2004701A0000000000314","W1-D-000788","E2004701B0000000000314","W1-W-000788",12.90217400,77.58936200
3221,"7000000789","Zone A - Division 1 - Ward 1 - Block 8","Individual HHs","16-39","Ground floor","Owner","Nikhil Das","8000000789","3",NULL,"2026-08-11 06:38:26.265","2026-08-11 06:38:26.265","E2004701A0000000000315","W1-D-000789","E2004701B0000000000315","W1-W-000789",12.90217600,77.58951200
3222,"7000000790","Zone A - Division 1 - Ward 1 - Block 8","Individual HHs","16-40","1st Floor","Tenant","Varun Das","8000000790","4",NULL,"2026-08-11 06:38:26.265","2026-08-11 06:38:26.265","E2004701A0000000000316","W1-D-000790","E2004701B0000000000316","W1-W-000790",12.90217800,77.58966200
3223,"7000000791","Zone A - Division 1 - Ward 1 - Block 8","Individual HHs","16-41","2nd Floor","Owner","Priya Das","8000000791","5",NULL,"2026-08-11 06:38:26.265","2026-08-11 06:38:26.265","E2004701A0000000000317","W1-D-000791","E2004701B0000000000317","W1-W-000791",12.90218000,77.58981200
3224,"7000000792","Zone A - Division 1 - Ward 1 - Block 8","Individual HHs","16-42","3rd Floor","Tenant","Divya Das","8000000792","6",NULL,"2026-08-11 06:38:26.265","2026-08-11 06:38:26.265","E2004701A0000000000318","W1-D-000792","E2004701B0000000000318","W1-W-000792",12.90218200,77.58996200
3225,"7000000793","Zone A - Division 1 - Ward 1 - Block 8","Individual HHs","16-43","Ground floor","Owner","Swathi Das","8000000793","1",NULL,"2026-08-11 06:38:26.265","2026-08-11 06:38:26.265","E2004701A0000000000319","W1-D-000793","E2004701B0000000000319","W1-W-000793",12.90218400,77.59011200
3226,"7000000794","Zone A - Division 1 - Ward 1 - Block 8","Individual HHs","16-44","1st Floor","Tenant","Shreya Das","8000000794","2",NULL,"2026-08-11 06:38:26.265","2026-08-11 06:38:26.265","E2004701A000000000031A","W1-D-000794","E2004701B000000000031A","W1-W-000794",12.90218600,77.59026200
3227,"7000000795","Zone A - Division 1 - Ward 1 - Block 8","Individual HHs","16-45","2nd Floor","Owner","Keerthi Das","8000000795","3",NULL,"2026-08-11 06:38:26.265","2026-08-11 06:38:26.265","E2004701A000000000031B","W1-D-000795","E2004701B000000000031B","W1-W-000795",12.90218800,77.59041200
3228,"7000000796","Zone A - Division 1 - Ward 1 - Block 8","Individual HHs","16-46","3rd Floor","Tenant","Lakshmi Das","8000000796","4",NULL,"2026-08-11 06:38:26.265","2026-08-11 06:38:26.265","E2004701A000000000031C","W1-D-000796","E2004701B000000000031C","W1-W-000796",12.90219000,77.59056200
3229,"7000000797","Zone A - Division 1 - Ward 1 - Block 8","Individual HHs","16-47","Ground floor","Owner","Deepa Das","8000000797","5",NULL,"2026-08-11 06:38:26.265","2026-08-11 06:38:26.265","E2004701A000000000031D","W1-D-000797","E2004701B000000000031D","W1-W-000797",12.90219200,77.59071200
3230,"7000000798","Zone A - Division 1 - Ward 1 - Block 8","Individual HHs","16-48","1st Floor","Tenant","Asha Das","8000000798","6",NULL,"2026-08-11 06:38:26.265","2026-08-11 06:38:26.265","E2004701A000000000031E","W1-D-000798","E2004701B000000000031E","W1-W-000798",12.90219400,77.59086200
3231,"7000000799","Zone A - Division 1 - Ward 1 - Block 8","Individual HHs","16-49","2nd Floor","Owner","Pallavi Das","8000000799","1",NULL,"2026-08-11 06:38:26.265","2026-08-11 06:38:26.265","E2004701A000000000031F","W1-D-000799","E2004701B000000000031F","W1-W-000799",12.90219600,77.59101200
3232,"7000000800","Zone A - Division 1 - Ward 1 - Block 8","Individual HHs","16-50","3rd Floor","Tenant","Bhavana Das","8000000800","2",NULL,"2026-08-11 06:38:26.265","2026-08-11 06:38:26.265","E2004701A0000000000320","W1-D-000800","E2004701B0000000000320","W1-W-000800",12.90219800,77.59116200
3233,"7000000801","Zone A - Division 1 - Ward 1 - Block 9","Individual HHs","17-01","Ground floor","Owner","Aarav Kumar","8000000801","3",NULL,"2026-08-11 06:38:26.265","2026-08-11 06:38:26.265","E2004701A0000000000321","W1-D-000801","E2004701B0000000000321","W1-W-000801",12.90230000,77.58756400
3234,"7000000802","Zone A - Division 1 - Ward 1 - Block 9","Individual HHs","17-02","1st Floor","Tenant","Vihaan Kumar","8000000802","4",NULL,"2026-08-11 06:38:26.265","2026-08-11 06:38:26.265","E2004701A0000000000322","W1-D-000802","E2004701B0000000000322","W1-W-000802",12.90230200,77.58771400
3235,"7000000803","Zone A - Division 1 - Ward 1 - Block 9","Individual HHs","17-03","2nd Floor","Owner","Aditya Kumar","8000000803","5",NULL,"2026-08-11 06:38:26.265","2026-08-11 06:38:26.265","E2004701A0000000000323","W1-D-000803","E2004701B0000000000323","W1-W-000803",12.90230400,77.58786400
3236,"7000000804","Zone A - Division 1 - Ward 1 - Block 9","Individual HHs","17-04","3rd Floor","Tenant","Arjun Kumar","8000000804","6",NULL,"2026-08-11 06:38:26.265","2026-08-11 06:38:26.265","E2004701A0000000000324","W1-D-000804","E2004701B0000000000324","W1-W-000804",12.90230600,77.58801400
3237,"7000000805","Zone A - Division 1 - Ward 1 - Block 9","Individual HHs","17-05","Ground floor","Owner","Rohan Kumar","8000000805","1",NULL,"2026-08-11 06:38:26.265","2026-08-11 06:38:26.265","E2004701A0000000000325","W1-D-000805","E2004701B0000000000325","W1-W-000805",12.90230800,77.58816400
3238,"7000000806","Zone A - Division 1 - Ward 1 - Block 9","Individual HHs","17-06","1st Floor","Tenant","Rahul Kumar","8000000806","2",NULL,"2026-08-11 06:38:26.265","2026-08-11 06:38:26.265","E2004701A0000000000326","W1-D-000806","E2004701B0000000000326","W1-W-000806",12.90231000,77.58831400
3239,"7000000807","Zone A - Division 1 - Ward 1 - Block 9","Individual HHs","17-07","2nd Floor","Owner","Karthik Kumar","8000000807","3",NULL,"2026-08-11 06:38:26.265","2026-08-11 06:38:26.265","E2004701A0000000000327","W1-D-000807","E2004701B0000000000327","W1-W-000807",12.90231200,77.58846400
3240,"7000000808","Zone A - Division 1 - Ward 1 - Block 9","Individual HHs","17-08","3rd Floor","Tenant","Vikram Kumar","8000000808","4",NULL,"2026-08-11 06:38:26.265","2026-08-11 06:38:26.265","E2004701A0000000000328","W1-D-000808","E2004701B0000000000328","W1-W-000808",12.90231400,77.58861400
3241,"7000000809","Zone A - Division 1 - Ward 1 - Block 9","Individual HHs","17-09","Ground floor","Owner","Akash Kumar","8000000809","5",NULL,"2026-08-11 06:38:26.265","2026-08-11 06:38:26.265","E2004701A0000000000329","W1-D-000809","E2004701B0000000000329","W1-W-000809",12.90231600,77.58876400
3242,"7000000810","Zone A - Division 1 - Ward 1 - Block 9","Individual HHs","17-10","1st Floor","Tenant","Siddharth Kumar","8000000810","6",NULL,"2026-08-11 06:38:26.265","2026-08-11 06:38:26.265","E2004701A000000000032A","W1-D-000810","E2004701B000000000032A","W1-W-000810",12.90231800,77.58891400
3243,"7000000811","Zone A - Division 1 - Ward 1 - Block 9","Individual HHs","17-11","2nd Floor","Owner","Ananya Kumar","8000000811","1",NULL,"2026-08-11 06:38:26.265","2026-08-11 06:38:26.265","E2004701A000000000032B","W1-D-000811","E2004701B000000000032B","W1-W-000811",12.90232000,77.58906400
3244,"7000000812","Zone A - Division 1 - Ward 1 - Block 9","Individual HHs","17-12","3rd Floor","Tenant","Aadhya Kumar","8000000812","2",NULL,"2026-08-11 06:38:26.265","2026-08-11 06:38:26.265","E2004701A000000000032C","W1-D-000812","E2004701B000000000032C","W1-W-000812",12.90232200,77.58921400
3245,"7000000813","Zone A - Division 1 - Ward 1 - Block 9","Individual HHs","17-13","Ground floor","Owner","Diya Kumar","8000000813","3",NULL,"2026-08-11 06:38:26.265","2026-08-11 06:38:26.265","E2004701A000000000032D","W1-D-000813","E2004701B000000000032D","W1-W-000813",12.90232400,77.58936400
3246,"7000000814","Zone A - Division 1 - Ward 1 - Block 9","Individual HHs","17-14","1st Floor","Tenant","Ishita Kumar","8000000814","4",NULL,"2026-08-11 06:38:26.265","2026-08-11 06:38:26.265","E2004701A000000000032E","W1-D-000814","E2004701B000000000032E","W1-W-000814",12.90232600,77.58951400
3247,"7000000815","Zone A - Division 1 - Ward 1 - Block 9","Individual HHs","17-15","2nd Floor","Owner","Kavya Kumar","8000000815","5",NULL,"2026-08-11 06:38:26.266","2026-08-11 06:38:26.266","E2004701A000000000032F","W1-D-000815","E2004701B000000000032F","W1-W-000815",12.90232800,77.58966400
3248,"7000000816","Zone A - Division 1 - Ward 1 - Block 9","Individual HHs","17-16","3rd Floor","Tenant","Meera Kumar","8000000816","6",NULL,"2026-08-11 06:38:26.266","2026-08-11 06:38:26.266","E2004701A0000000000330","W1-D-000816","E2004701B0000000000330","W1-W-000816",12.90233000,77.58981400
3249,"7000000817","Zone A - Division 1 - Ward 1 - Block 9","Individual HHs","17-17","Ground floor","Owner","Sneha Kumar","8000000817","1",NULL,"2026-08-11 06:38:26.266","2026-08-11 06:38:26.266","E2004701A0000000000331","W1-D-000817","E2004701B0000000000331","W1-W-000817",12.90233200,77.58996400
3250,"7000000818","Zone A - Division 1 - Ward 1 - Block 9","Individual HHs","17-18","1st Floor","Tenant","Pooja Kumar","8000000818","2",NULL,"2026-08-11 06:38:26.266","2026-08-11 06:38:26.266","E2004701A0000000000332","W1-D-000818","E2004701B0000000000332","W1-W-000818",12.90233400,77.59011400
3251,"7000000819","Zone A - Division 1 - Ward 1 - Block 9","Individual HHs","17-19","2nd Floor","Owner","Riya Kumar","8000000819","3",NULL,"2026-08-11 06:38:26.266","2026-08-11 06:38:26.266","E2004701A0000000000333","W1-D-000819","E2004701B0000000000333","W1-W-000819",12.90233600,77.59026400
3252,"7000000820","Zone A - Division 1 - Ward 1 - Block 9","Individual HHs","17-20","3rd Floor","Tenant","Nandini Kumar","8000000820","4",NULL,"2026-08-11 06:38:26.266","2026-08-11 06:38:26.266","E2004701A0000000000334","W1-D-000820","E2004701B0000000000334","W1-W-000820",12.90233800,77.59041400
3253,"7000000821","Zone A - Division 1 - Ward 1 - Block 9","Individual HHs","17-21","Ground floor","Owner","Sanjay Kumar","8000000821","5",NULL,"2026-08-11 06:38:26.266","2026-08-11 06:38:26.266","E2004701A0000000000335","W1-D-000821","E2004701B0000000000335","W1-W-000821",12.90234000,77.59056400
3254,"7000000822","Zone A - Division 1 - Ward 1 - Block 9","Individual HHs","17-22","1st Floor","Tenant","Manoj Kumar","8000000822","6",NULL,"2026-08-11 06:38:26.266","2026-08-11 06:38:26.266","E2004701A0000000000336","W1-D-000822","E2004701B0000000000336","W1-W-000822",12.90234200,77.59071400
3255,"7000000823","Zone A - Division 1 - Ward 1 - Block 9","Individual HHs","17-23","2nd Floor","Owner","Suresh Kumar","8000000823","1",NULL,"2026-08-11 06:38:26.266","2026-08-11 06:38:26.266","E2004701A0000000000337","W1-D-000823","E2004701B0000000000337","W1-W-000823",12.90234400,77.59086400
3256,"7000000824","Zone A - Division 1 - Ward 1 - Block 9","Individual HHs","17-24","3rd Floor","Tenant","Mahesh Kumar","8000000824","2",NULL,"2026-08-11 06:38:26.266","2026-08-11 06:38:26.266","E2004701A0000000000338","W1-D-000824","E2004701B0000000000338","W1-W-000824",12.90234600,77.59101400
3257,"7000000825","Zone A - Division 1 - Ward 1 - Block 9","Individual HHs","17-25","Ground floor","Owner","Prakash Kumar","8000000825","3",NULL,"2026-08-11 06:38:26.266","2026-08-11 06:38:26.266","E2004701A0000000000339","W1-D-000825","E2004701B0000000000339","W1-W-000825",12.90234800,77.59116400
3258,"7000000826","Zone A - Division 1 - Ward 1 - Block 9","Individual HHs","17-26","1st Floor","Tenant","Ramesh Kumar","8000000826","4",NULL,"2026-08-11 06:38:26.266","2026-08-11 06:38:26.266","E2004701A000000000033A","W1-D-000826","E2004701B000000000033A","W1-W-000826",12.90245000,77.58756600
3259,"7000000827","Zone A - Division 1 - Ward 1 - Block 9","Individual HHs","17-27","2nd Floor","Owner","Ganesh Kumar","8000000827","5",NULL,"2026-08-11 06:38:26.266","2026-08-11 06:38:26.266","E2004701A000000000033B","W1-D-000827","E2004701B000000000033B","W1-W-000827",12.90245200,77.58771600
3260,"7000000828","Zone A - Division 1 - Ward 1 - Block 9","Individual HHs","17-28","3rd Floor","Tenant","Dinesh Kumar","8000000828","6",NULL,"2026-08-11 06:38:26.266","2026-08-11 06:38:26.266","E2004701A000000000033C","W1-D-000828","E2004701B000000000033C","W1-W-000828",12.90245400,77.58786600
3261,"7000000829","Zone A - Division 1 - Ward 1 - Block 9","Individual HHs","17-29","Ground floor","Owner","Nikhil Kumar","8000000829","1",NULL,"2026-08-11 06:38:26.266","2026-08-11 06:38:26.266","E2004701A000000000033D","W1-D-000829","E2004701B000000000033D","W1-W-000829",12.90245600,77.58801600
3262,"7000000830","Zone A - Division 1 - Ward 1 - Block 9","Individual HHs","17-30","1st Floor","Tenant","Varun Kumar","8000000830","2",NULL,"2026-08-11 06:38:26.266","2026-08-11 06:38:26.266","E2004701A000000000033E","W1-D-000830","E2004701B000000000033E","W1-W-000830",12.90245800,77.58816600
3263,"7000000831","Zone A - Division 1 - Ward 1 - Block 9","Individual HHs","17-31","2nd Floor","Owner","Priya Kumar","8000000831","3",NULL,"2026-08-11 06:38:26.266","2026-08-11 06:38:26.266","E2004701A000000000033F","W1-D-000831","E2004701B000000000033F","W1-W-000831",12.90246000,77.58831600
3264,"7000000832","Zone A - Division 1 - Ward 1 - Block 9","Individual HHs","17-32","3rd Floor","Tenant","Divya Kumar","8000000832","4",NULL,"2026-08-11 06:38:26.266","2026-08-11 06:38:26.266","E2004701A0000000000340","W1-D-000832","E2004701B0000000000340","W1-W-000832",12.90246200,77.58846600
3265,"7000000833","Zone A - Division 1 - Ward 1 - Block 9","Individual HHs","17-33","Ground floor","Owner","Swathi Kumar","8000000833","5",NULL,"2026-08-11 06:38:26.266","2026-08-11 06:38:26.266","E2004701A0000000000341","W1-D-000833","E2004701B0000000000341","W1-W-000833",12.90246400,77.58861600
3266,"7000000834","Zone A - Division 1 - Ward 1 - Block 9","Individual HHs","17-34","1st Floor","Tenant","Shreya Kumar","8000000834","6",NULL,"2026-08-11 06:38:26.266","2026-08-11 06:38:26.266","E2004701A0000000000342","W1-D-000834","E2004701B0000000000342","W1-W-000834",12.90246600,77.58876600
3267,"7000000835","Zone A - Division 1 - Ward 1 - Block 9","Individual HHs","17-35","2nd Floor","Owner","Keerthi Kumar","8000000835","1",NULL,"2026-08-11 06:38:26.266","2026-08-11 06:38:26.266","E2004701A0000000000343","W1-D-000835","E2004701B0000000000343","W1-W-000835",12.90246800,77.58891600
3268,"7000000836","Zone A - Division 1 - Ward 1 - Block 9","Individual HHs","17-36","3rd Floor","Tenant","Lakshmi Kumar","8000000836","2",NULL,"2026-08-11 06:38:26.266","2026-08-11 06:38:26.266","E2004701A0000000000344","W1-D-000836","E2004701B0000000000344","W1-W-000836",12.90247000,77.58906600
3269,"7000000837","Zone A - Division 1 - Ward 1 - Block 9","Individual HHs","17-37","Ground floor","Owner","Deepa Kumar","8000000837","3",NULL,"2026-08-11 06:38:26.266","2026-08-11 06:38:26.266","E2004701A0000000000345","W1-D-000837","E2004701B0000000000345","W1-W-000837",12.90247200,77.58921600
3270,"7000000838","Zone A - Division 1 - Ward 1 - Block 9","Individual HHs","17-38","1st Floor","Tenant","Asha Kumar","8000000838","4",NULL,"2026-08-11 06:38:26.266","2026-08-11 06:38:26.266","E2004701A0000000000346","W1-D-000838","E2004701B0000000000346","W1-W-000838",12.90247400,77.58936600
3271,"7000000839","Zone A - Division 1 - Ward 1 - Block 9","Individual HHs","17-39","2nd Floor","Owner","Pallavi Kumar","8000000839","5",NULL,"2026-08-11 06:38:26.266","2026-08-11 06:38:26.266","E2004701A0000000000347","W1-D-000839","E2004701B0000000000347","W1-W-000839",12.90247600,77.58951600
3272,"7000000840","Zone A - Division 1 - Ward 1 - Block 9","Individual HHs","17-40","3rd Floor","Tenant","Bhavana Kumar","8000000840","6",NULL,"2026-08-11 06:38:26.266","2026-08-11 06:38:26.266","E2004701A0000000000348","W1-D-000840","E2004701B0000000000348","W1-W-000840",12.90247800,77.58966600
3273,"7000000841","Zone A - Division 1 - Ward 1 - Block 9","Individual HHs","17-41","Ground floor","Owner","Aarav Sharma","8000000841","1",NULL,"2026-08-11 06:38:26.266","2026-08-11 06:38:26.266","E2004701A0000000000349","W1-D-000841","E2004701B0000000000349","W1-W-000841",12.90248000,77.58981600
3274,"7000000842","Zone A - Division 1 - Ward 1 - Block 9","Individual HHs","17-42","1st Floor","Tenant","Vihaan Sharma","8000000842","2",NULL,"2026-08-11 06:38:26.266","2026-08-11 06:38:26.266","E2004701A000000000034A","W1-D-000842","E2004701B000000000034A","W1-W-000842",12.90248200,77.58996600
3275,"7000000843","Zone A - Division 1 - Ward 1 - Block 9","Individual HHs","17-43","2nd Floor","Owner","Aditya Sharma","8000000843","3",NULL,"2026-08-11 06:38:26.266","2026-08-11 06:38:26.266","E2004701A000000000034B","W1-D-000843","E2004701B000000000034B","W1-W-000843",12.90248400,77.59011600
3276,"7000000844","Zone A - Division 1 - Ward 1 - Block 9","Individual HHs","17-44","3rd Floor","Tenant","Arjun Sharma","8000000844","4",NULL,"2026-08-11 06:38:26.266","2026-08-11 06:38:26.266","E2004701A000000000034C","W1-D-000844","E2004701B000000000034C","W1-W-000844",12.90248600,77.59026600
3277,"7000000845","Zone A - Division 1 - Ward 1 - Block 9","Individual HHs","17-45","Ground floor","Owner","Rohan Sharma","8000000845","5",NULL,"2026-08-11 06:38:26.266","2026-08-11 06:38:26.266","E2004701A000000000034D","W1-D-000845","E2004701B000000000034D","W1-W-000845",12.90248800,77.59041600
3278,"7000000846","Zone A - Division 1 - Ward 1 - Block 9","Individual HHs","17-46","1st Floor","Tenant","Rahul Sharma","8000000846","6",NULL,"2026-08-11 06:38:26.266","2026-08-11 06:38:26.266","E2004701A000000000034E","W1-D-000846","E2004701B000000000034E","W1-W-000846",12.90249000,77.59056600
3279,"7000000847","Zone A - Division 1 - Ward 1 - Block 9","Individual HHs","17-47","2nd Floor","Owner","Karthik Sharma","8000000847","1",NULL,"2026-08-11 06:38:26.266","2026-08-11 06:38:26.266","E2004701A000000000034F","W1-D-000847","E2004701B000000000034F","W1-W-000847",12.90249200,77.59071600
3280,"7000000848","Zone A - Division 1 - Ward 1 - Block 9","Individual HHs","17-48","3rd Floor","Tenant","Vikram Sharma","8000000848","2",NULL,"2026-08-11 06:38:26.266","2026-08-11 06:38:26.266","E2004701A0000000000350","W1-D-000848","E2004701B0000000000350","W1-W-000848",12.90249400,77.59086600
3281,"7000000849","Zone A - Division 1 - Ward 1 - Block 9","Individual HHs","17-49","Ground floor","Owner","Akash Sharma","8000000849","3",NULL,"2026-08-11 06:38:26.266","2026-08-11 06:38:26.266","E2004701A0000000000351","W1-D-000849","E2004701B0000000000351","W1-W-000849",12.90249600,77.59101600
3282,"7000000850","Zone A - Division 1 - Ward 1 - Block 9","Individual HHs","17-50","1st Floor","Tenant","Siddharth Sharma","8000000850","4",NULL,"2026-08-11 06:38:26.266","2026-08-11 06:38:26.266","E2004701A0000000000352","W1-D-000850","E2004701B0000000000352","W1-W-000850",12.90249800,77.59116600
3283,"7000000851","Zone A - Division 1 - Ward 1 - Block 9","Individual HHs","18-01","2nd Floor","Owner","Ananya Sharma","8000000851","5",NULL,"2026-08-11 06:38:26.266","2026-08-11 06:38:26.266","E2004701A0000000000353","W1-D-000851","E2004701B0000000000353","W1-W-000851",12.90260000,77.58756800
3284,"7000000852","Zone A - Division 1 - Ward 1 - Block 9","Individual HHs","18-02","3rd Floor","Tenant","Aadhya Sharma","8000000852","6",NULL,"2026-08-11 06:38:26.266","2026-08-11 06:38:26.266","E2004701A0000000000354","W1-D-000852","E2004701B0000000000354","W1-W-000852",12.90260200,77.58771800
3285,"7000000853","Zone A - Division 1 - Ward 1 - Block 9","Individual HHs","18-03","Ground floor","Owner","Diya Sharma","8000000853","1",NULL,"2026-08-11 06:38:26.266","2026-08-11 06:38:26.266","E2004701A0000000000355","W1-D-000853","E2004701B0000000000355","W1-W-000853",12.90260400,77.58786800
3286,"7000000854","Zone A - Division 1 - Ward 1 - Block 9","Individual HHs","18-04","1st Floor","Tenant","Ishita Sharma","8000000854","2",NULL,"2026-08-11 06:38:26.266","2026-08-11 06:38:26.266","E2004701A0000000000356","W1-D-000854","E2004701B0000000000356","W1-W-000854",12.90260600,77.58801800
3287,"7000000855","Zone A - Division 1 - Ward 1 - Block 9","Individual HHs","18-05","2nd Floor","Owner","Kavya Sharma","8000000855","3",NULL,"2026-08-11 06:38:26.266","2026-08-11 06:38:26.266","E2004701A0000000000357","W1-D-000855","E2004701B0000000000357","W1-W-000855",12.90260800,77.58816800
3288,"7000000856","Zone A - Division 1 - Ward 1 - Block 9","Individual HHs","18-06","3rd Floor","Tenant","Meera Sharma","8000000856","4",NULL,"2026-08-11 06:38:26.266","2026-08-11 06:38:26.266","E2004701A0000000000358","W1-D-000856","E2004701B0000000000358","W1-W-000856",12.90261000,77.58831800
3289,"7000000857","Zone A - Division 1 - Ward 1 - Block 9","Individual HHs","18-07","Ground floor","Owner","Sneha Sharma","8000000857","5",NULL,"2026-08-11 06:38:26.266","2026-08-11 06:38:26.266","E2004701A0000000000359","W1-D-000857","E2004701B0000000000359","W1-W-000857",12.90261200,77.58846800
3290,"7000000858","Zone A - Division 1 - Ward 1 - Block 9","Individual HHs","18-08","1st Floor","Tenant","Pooja Sharma","8000000858","6",NULL,"2026-08-11 06:38:26.266","2026-08-11 06:38:26.266","E2004701A000000000035A","W1-D-000858","E2004701B000000000035A","W1-W-000858",12.90261400,77.58861800
3291,"7000000859","Zone A - Division 1 - Ward 1 - Block 9","Individual HHs","18-09","2nd Floor","Owner","Riya Sharma","8000000859","1",NULL,"2026-08-11 06:38:26.266","2026-08-11 06:38:26.266","E2004701A000000000035B","W1-D-000859","E2004701B000000000035B","W1-W-000859",12.90261600,77.58876800
3292,"7000000860","Zone A - Division 1 - Ward 1 - Block 9","Individual HHs","18-10","3rd Floor","Tenant","Nandini Sharma","8000000860","2",NULL,"2026-08-11 06:38:26.266","2026-08-11 06:38:26.266","E2004701A000000000035C","W1-D-000860","E2004701B000000000035C","W1-W-000860",12.90261800,77.58891800
3293,"7000000861","Zone A - Division 1 - Ward 1 - Block 9","Individual HHs","18-11","Ground floor","Owner","Sanjay Sharma","8000000861","3",NULL,"2026-08-11 06:38:26.266","2026-08-11 06:38:26.266","E2004701A000000000035D","W1-D-000861","E2004701B000000000035D","W1-W-000861",12.90262000,77.58906800
3294,"7000000862","Zone A - Division 1 - Ward 1 - Block 9","Individual HHs","18-12","1st Floor","Tenant","Manoj Sharma","8000000862","4",NULL,"2026-08-11 06:38:26.266","2026-08-11 06:38:26.266","E2004701A000000000035E","W1-D-000862","E2004701B000000000035E","W1-W-000862",12.90262200,77.58921800
3295,"7000000863","Zone A - Division 1 - Ward 1 - Block 9","Individual HHs","18-13","2nd Floor","Owner","Suresh Sharma","8000000863","5",NULL,"2026-08-11 06:38:26.266","2026-08-11 06:38:26.266","E2004701A000000000035F","W1-D-000863","E2004701B000000000035F","W1-W-000863",12.90262400,77.58936800
3296,"7000000864","Zone A - Division 1 - Ward 1 - Block 9","Individual HHs","18-14","3rd Floor","Tenant","Mahesh Sharma","8000000864","6",NULL,"2026-08-11 06:38:26.266","2026-08-11 06:38:26.266","E2004701A0000000000360","W1-D-000864","E2004701B0000000000360","W1-W-000864",12.90262600,77.58951800
3297,"7000000865","Zone A - Division 1 - Ward 1 - Block 9","Individual HHs","18-15","Ground floor","Owner","Prakash Sharma","8000000865","1",NULL,"2026-08-11 06:38:26.266","2026-08-11 06:38:26.266","E2004701A0000000000361","W1-D-000865","E2004701B0000000000361","W1-W-000865",12.90262800,77.58966800
3298,"7000000866","Zone A - Division 1 - Ward 1 - Block 9","Individual HHs","18-16","1st Floor","Tenant","Ramesh Sharma","8000000866","2",NULL,"2026-08-11 06:38:26.266","2026-08-11 06:38:26.266","E2004701A0000000000362","W1-D-000866","E2004701B0000000000362","W1-W-000866",12.90263000,77.58981800
3299,"7000000867","Zone A - Division 1 - Ward 1 - Block 9","Individual HHs","18-17","2nd Floor","Owner","Ganesh Sharma","8000000867","3",NULL,"2026-08-11 06:38:26.266","2026-08-11 06:38:26.266","E2004701A0000000000363","W1-D-000867","E2004701B0000000000363","W1-W-000867",12.90263200,77.58996800
3300,"7000000868","Zone A - Division 1 - Ward 1 - Block 9","Individual HHs","18-18","3rd Floor","Tenant","Dinesh Sharma","8000000868","4",NULL,"2026-08-11 06:38:26.266","2026-08-11 06:38:26.266","E2004701A0000000000364","W1-D-000868","E2004701B0000000000364","W1-W-000868",12.90263400,77.59011800
3301,"7000000869","Zone A - Division 1 - Ward 1 - Block 9","Individual HHs","18-19","Ground floor","Owner","Nikhil Sharma","8000000869","5",NULL,"2026-08-11 06:38:26.266","2026-08-11 06:38:26.266","E2004701A0000000000365","W1-D-000869","E2004701B0000000000365","W1-W-000869",12.90263600,77.59026800
3302,"7000000870","Zone A - Division 1 - Ward 1 - Block 9","Individual HHs","18-20","1st Floor","Tenant","Varun Sharma","8000000870","6",NULL,"2026-08-11 06:38:26.266","2026-08-11 06:38:26.266","E2004701A0000000000366","W1-D-000870","E2004701B0000000000366","W1-W-000870",12.90263800,77.59041800
3303,"7000000871","Zone A - Division 1 - Ward 1 - Block 9","Individual HHs","18-21","2nd Floor","Owner","Priya Sharma","8000000871","1",NULL,"2026-08-11 06:38:26.266","2026-08-11 06:38:26.266","E2004701A0000000000367","W1-D-000871","E2004701B0000000000367","W1-W-000871",12.90264000,77.59056800
3304,"7000000872","Zone A - Division 1 - Ward 1 - Block 9","Individual HHs","18-22","3rd Floor","Tenant","Divya Sharma","8000000872","2",NULL,"2026-08-11 06:38:26.266","2026-08-11 06:38:26.266","E2004701A0000000000368","W1-D-000872","E2004701B0000000000368","W1-W-000872",12.90264200,77.59071800
3305,"7000000873","Zone A - Division 1 - Ward 1 - Block 9","Individual HHs","18-23","Ground floor","Owner","Swathi Sharma","8000000873","3",NULL,"2026-08-11 06:38:26.266","2026-08-11 06:38:26.266","E2004701A0000000000369","W1-D-000873","E2004701B0000000000369","W1-W-000873",12.90264400,77.59086800
3306,"7000000874","Zone A - Division 1 - Ward 1 - Block 9","Individual HHs","18-24","1st Floor","Tenant","Shreya Sharma","8000000874","4",NULL,"2026-08-11 06:38:26.266","2026-08-11 06:38:26.266","E2004701A000000000036A","W1-D-000874","E2004701B000000000036A","W1-W-000874",12.90264600,77.59101800
3307,"7000000875","Zone A - Division 1 - Ward 1 - Block 9","Individual HHs","18-25","2nd Floor","Owner","Keerthi Sharma","8000000875","5",NULL,"2026-08-11 06:38:26.266","2026-08-11 06:38:26.266","E2004701A000000000036B","W1-D-000875","E2004701B000000000036B","W1-W-000875",12.90264800,77.59116800
3308,"7000000876","Zone A - Division 1 - Ward 1 - Block 9","Individual HHs","18-26","3rd Floor","Tenant","Lakshmi Sharma","8000000876","6",NULL,"2026-08-11 06:38:26.266","2026-08-11 06:38:26.266","E2004701A000000000036C","W1-D-000876","E2004701B000000000036C","W1-W-000876",12.90275000,77.58757000
3309,"7000000877","Zone A - Division 1 - Ward 1 - Block 9","Individual HHs","18-27","Ground floor","Owner","Deepa Sharma","8000000877","1",NULL,"2026-08-11 06:38:26.266","2026-08-11 06:38:26.266","E2004701A000000000036D","W1-D-000877","E2004701B000000000036D","W1-W-000877",12.90275200,77.58772000
3310,"7000000878","Zone A - Division 1 - Ward 1 - Block 9","Individual HHs","18-28","1st Floor","Tenant","Asha Sharma","8000000878","2",NULL,"2026-08-11 06:38:26.266","2026-08-11 06:38:26.266","E2004701A000000000036E","W1-D-000878","E2004701B000000000036E","W1-W-000878",12.90275400,77.58787000
3311,"7000000879","Zone A - Division 1 - Ward 1 - Block 9","Individual HHs","18-29","2nd Floor","Owner","Pallavi Sharma","8000000879","3",NULL,"2026-08-11 06:38:26.266","2026-08-11 06:38:26.266","E2004701A000000000036F","W1-D-000879","E2004701B000000000036F","W1-W-000879",12.90275600,77.58802000
3312,"7000000880","Zone A - Division 1 - Ward 1 - Block 9","Individual HHs","18-30","3rd Floor","Tenant","Bhavana Sharma","8000000880","4",NULL,"2026-08-11 06:38:26.266","2026-08-11 06:38:26.266","E2004701A0000000000370","W1-D-000880","E2004701B0000000000370","W1-W-000880",12.90275800,77.58817000
3313,"7000000881","Zone A - Division 1 - Ward 1 - Block 9","Individual HHs","18-31","Ground floor","Owner","Aarav Reddy","8000000881","5",NULL,"2026-08-11 06:38:26.266","2026-08-11 06:38:26.266","E2004701A0000000000371","W1-D-000881","E2004701B0000000000371","W1-W-000881",12.90276000,77.58832000
3314,"7000000882","Zone A - Division 1 - Ward 1 - Block 9","Individual HHs","18-32","1st Floor","Tenant","Vihaan Reddy","8000000882","6",NULL,"2026-08-11 06:38:26.266","2026-08-11 06:38:26.266","E2004701A0000000000372","W1-D-000882","E2004701B0000000000372","W1-W-000882",12.90276200,77.58847000
3315,"7000000883","Zone A - Division 1 - Ward 1 - Block 9","Individual HHs","18-33","2nd Floor","Owner","Aditya Reddy","8000000883","1",NULL,"2026-08-11 06:38:26.266","2026-08-11 06:38:26.266","E2004701A0000000000373","W1-D-000883","E2004701B0000000000373","W1-W-000883",12.90276400,77.58862000
3316,"7000000884","Zone A - Division 1 - Ward 1 - Block 9","Individual HHs","18-34","3rd Floor","Tenant","Arjun Reddy","8000000884","2",NULL,"2026-08-11 06:38:26.266","2026-08-11 06:38:26.266","E2004701A0000000000374","W1-D-000884","E2004701B0000000000374","W1-W-000884",12.90276600,77.58877000
3317,"7000000885","Zone A - Division 1 - Ward 1 - Block 9","Individual HHs","18-35","Ground floor","Owner","Rohan Reddy","8000000885","3",NULL,"2026-08-11 06:38:26.266","2026-08-11 06:38:26.266","E2004701A0000000000375","W1-D-000885","E2004701B0000000000375","W1-W-000885",12.90276800,77.58892000
3318,"7000000886","Zone A - Division 1 - Ward 1 - Block 9","Individual HHs","18-36","1st Floor","Tenant","Rahul Reddy","8000000886","4",NULL,"2026-08-11 06:38:26.266","2026-08-11 06:38:26.266","E2004701A0000000000376","W1-D-000886","E2004701B0000000000376","W1-W-000886",12.90277000,77.58907000
3319,"7000000887","Zone A - Division 1 - Ward 1 - Block 9","Individual HHs","18-37","2nd Floor","Owner","Karthik Reddy","8000000887","5",NULL,"2026-08-11 06:38:26.266","2026-08-11 06:38:26.266","E2004701A0000000000377","W1-D-000887","E2004701B0000000000377","W1-W-000887",12.90277200,77.58922000
3320,"7000000888","Zone A - Division 1 - Ward 1 - Block 9","Individual HHs","18-38","3rd Floor","Tenant","Vikram Reddy","8000000888","6",NULL,"2026-08-11 06:38:26.266","2026-08-11 06:38:26.266","E2004701A0000000000378","W1-D-000888","E2004701B0000000000378","W1-W-000888",12.90277400,77.58937000
3321,"7000000889","Zone A - Division 1 - Ward 1 - Block 9","Individual HHs","18-39","Ground floor","Owner","Akash Reddy","8000000889","1",NULL,"2026-08-11 06:38:26.266","2026-08-11 06:38:26.266","E2004701A0000000000379","W1-D-000889","E2004701B0000000000379","W1-W-000889",12.90277600,77.58952000
3322,"7000000890","Zone A - Division 1 - Ward 1 - Block 9","Individual HHs","18-40","1st Floor","Tenant","Siddharth Reddy","8000000890","2",NULL,"2026-08-11 06:38:26.266","2026-08-11 06:38:26.266","E2004701A000000000037A","W1-D-000890","E2004701B000000000037A","W1-W-000890",12.90277800,77.58967000
3323,"7000000891","Zone A - Division 1 - Ward 1 - Block 9","Individual HHs","18-41","2nd Floor","Owner","Ananya Reddy","8000000891","3",NULL,"2026-08-11 06:38:26.266","2026-08-11 06:38:26.266","E2004701A000000000037B","W1-D-000891","E2004701B000000000037B","W1-W-000891",12.90278000,77.58982000
3324,"7000000892","Zone A - Division 1 - Ward 1 - Block 9","Individual HHs","18-42","3rd Floor","Tenant","Aadhya Reddy","8000000892","4",NULL,"2026-08-11 06:38:26.266","2026-08-11 06:38:26.266","E2004701A000000000037C","W1-D-000892","E2004701B000000000037C","W1-W-000892",12.90278200,77.58997000
3325,"7000000893","Zone A - Division 1 - Ward 1 - Block 9","Individual HHs","18-43","Ground floor","Owner","Diya Reddy","8000000893","5",NULL,"2026-08-11 06:38:26.266","2026-08-11 06:38:26.266","E2004701A000000000037D","W1-D-000893","E2004701B000000000037D","W1-W-000893",12.90278400,77.59012000
3326,"7000000894","Zone A - Division 1 - Ward 1 - Block 9","Individual HHs","18-44","1st Floor","Tenant","Ishita Reddy","8000000894","6",NULL,"2026-08-11 06:38:26.266","2026-08-11 06:38:26.266","E2004701A000000000037E","W1-D-000894","E2004701B000000000037E","W1-W-000894",12.90278600,77.59027000
3327,"7000000895","Zone A - Division 1 - Ward 1 - Block 9","Individual HHs","18-45","2nd Floor","Owner","Kavya Reddy","8000000895","1",NULL,"2026-08-11 06:38:26.266","2026-08-11 06:38:26.266","E2004701A000000000037F","W1-D-000895","E2004701B000000000037F","W1-W-000895",12.90278800,77.59042000
3328,"7000000896","Zone A - Division 1 - Ward 1 - Block 9","Individual HHs","18-46","3rd Floor","Tenant","Meera Reddy","8000000896","2",NULL,"2026-08-11 06:38:26.266","2026-08-11 06:38:26.266","E2004701A0000000000380","W1-D-000896","E2004701B0000000000380","W1-W-000896",12.90279000,77.59057000
3329,"7000000897","Zone A - Division 1 - Ward 1 - Block 9","Individual HHs","18-47","Ground floor","Owner","Sneha Reddy","8000000897","3",NULL,"2026-08-11 06:38:26.266","2026-08-11 06:38:26.266","E2004701A0000000000381","W1-D-000897","E2004701B0000000000381","W1-W-000897",12.90279200,77.59072000
3330,"7000000898","Zone A - Division 1 - Ward 1 - Block 9","Individual HHs","18-48","1st Floor","Tenant","Pooja Reddy","8000000898","4",NULL,"2026-08-11 06:38:26.266","2026-08-11 06:38:26.266","E2004701A0000000000382","W1-D-000898","E2004701B0000000000382","W1-W-000898",12.90279400,77.59087000
3331,"7000000899","Zone A - Division 1 - Ward 1 - Block 9","Individual HHs","18-49","2nd Floor","Owner","Riya Reddy","8000000899","5",NULL,"2026-08-11 06:38:26.266","2026-08-11 06:38:26.266","E2004701A0000000000383","W1-D-000899","E2004701B0000000000383","W1-W-000899",12.90279600,77.59102000
3332,"7000000900","Zone A - Division 1 - Ward 1 - Block 9","Individual HHs","18-50","3rd Floor","Tenant","Nandini Reddy","8000000900","6",NULL,"2026-08-11 06:38:26.266","2026-08-11 06:38:26.266","E2004701A0000000000384","W1-D-000900","E2004701B0000000000384","W1-W-000900",12.90279800,77.59117000
3333,"7000000901","Zone A - Division 1 - Ward 1 - Block 10","Individual HHs","19-01","Ground floor","Owner","Sanjay Reddy","8000000901","1",NULL,"2026-08-11 06:38:26.266","2026-08-11 06:38:26.266","E2004701A0000000000385","W1-D-000901","E2004701B0000000000385","W1-W-000901",12.90290000,77.58757200
3334,"7000000902","Zone A - Division 1 - Ward 1 - Block 10","Individual HHs","19-02","1st Floor","Tenant","Manoj Reddy","8000000902","2",NULL,"2026-08-11 06:38:26.266","2026-08-11 06:38:26.266","E2004701A0000000000386","W1-D-000902","E2004701B0000000000386","W1-W-000902",12.90290200,77.58772200
3335,"7000000903","Zone A - Division 1 - Ward 1 - Block 10","Individual HHs","19-03","2nd Floor","Owner","Suresh Reddy","8000000903","3",NULL,"2026-08-11 06:38:26.266","2026-08-11 06:38:26.266","E2004701A0000000000387","W1-D-000903","E2004701B0000000000387","W1-W-000903",12.90290400,77.58787200
3336,"7000000904","Zone A - Division 1 - Ward 1 - Block 10","Individual HHs","19-04","3rd Floor","Tenant","Mahesh Reddy","8000000904","4",NULL,"2026-08-11 06:38:26.266","2026-08-11 06:38:26.266","E2004701A0000000000388","W1-D-000904","E2004701B0000000000388","W1-W-000904",12.90290600,77.58802200
3337,"7000000905","Zone A - Division 1 - Ward 1 - Block 10","Individual HHs","19-05","Ground floor","Owner","Prakash Reddy","8000000905","5",NULL,"2026-08-11 06:38:26.266","2026-08-11 06:38:26.266","E2004701A0000000000389","W1-D-000905","E2004701B0000000000389","W1-W-000905",12.90290800,77.58817200
3338,"7000000906","Zone A - Division 1 - Ward 1 - Block 10","Individual HHs","19-06","1st Floor","Tenant","Ramesh Reddy","8000000906","6",NULL,"2026-08-11 06:38:26.266","2026-08-11 06:38:26.266","E2004701A000000000038A","W1-D-000906","E2004701B000000000038A","W1-W-000906",12.90291000,77.58832200
3339,"7000000907","Zone A - Division 1 - Ward 1 - Block 10","Individual HHs","19-07","2nd Floor","Owner","Ganesh Reddy","8000000907","1",NULL,"2026-08-11 06:38:26.266","2026-08-11 06:38:26.266","E2004701A000000000038B","W1-D-000907","E2004701B000000000038B","W1-W-000907",12.90291200,77.58847200
3340,"7000000908","Zone A - Division 1 - Ward 1 - Block 10","Individual HHs","19-08","3rd Floor","Tenant","Dinesh Reddy","8000000908","2",NULL,"2026-08-11 06:38:26.266","2026-08-11 06:38:26.266","E2004701A000000000038C","W1-D-000908","E2004701B000000000038C","W1-W-000908",12.90291400,77.58862200
3341,"7000000909","Zone A - Division 1 - Ward 1 - Block 10","Individual HHs","19-09","Ground floor","Owner","Nikhil Reddy","8000000909","3",NULL,"2026-08-11 06:38:26.266","2026-08-11 06:38:26.266","E2004701A000000000038D","W1-D-000909","E2004701B000000000038D","W1-W-000909",12.90291600,77.58877200
3342,"7000000910","Zone A - Division 1 - Ward 1 - Block 10","Individual HHs","19-10","1st Floor","Tenant","Varun Reddy","8000000910","4",NULL,"2026-08-11 06:38:26.266","2026-08-11 06:38:26.266","E2004701A000000000038E","W1-D-000910","E2004701B000000000038E","W1-W-000910",12.90291800,77.58892200
3343,"7000000911","Zone A - Division 1 - Ward 1 - Block 10","Individual HHs","19-11","2nd Floor","Owner","Priya Reddy","8000000911","5",NULL,"2026-08-11 06:38:26.266","2026-08-11 06:38:26.266","E2004701A000000000038F","W1-D-000911","E2004701B000000000038F","W1-W-000911",12.90292000,77.58907200
3344,"7000000912","Zone A - Division 1 - Ward 1 - Block 10","Individual HHs","19-12","3rd Floor","Tenant","Divya Reddy","8000000912","6",NULL,"2026-08-11 06:38:26.266","2026-08-11 06:38:26.266","E2004701A0000000000390","W1-D-000912","E2004701B0000000000390","W1-W-000912",12.90292200,77.58922200
3345,"7000000913","Zone A - Division 1 - Ward 1 - Block 10","Individual HHs","19-13","Ground floor","Owner","Swathi Reddy","8000000913","1",NULL,"2026-08-11 06:38:26.266","2026-08-11 06:38:26.266","E2004701A0000000000391","W1-D-000913","E2004701B0000000000391","W1-W-000913",12.90292400,77.58937200
3346,"7000000914","Zone A - Division 1 - Ward 1 - Block 10","Individual HHs","19-14","1st Floor","Tenant","Shreya Reddy","8000000914","2",NULL,"2026-08-11 06:38:26.266","2026-08-11 06:38:26.266","E2004701A0000000000392","W1-D-000914","E2004701B0000000000392","W1-W-000914",12.90292600,77.58952200
3347,"7000000915","Zone A - Division 1 - Ward 1 - Block 10","Individual HHs","19-15","2nd Floor","Owner","Keerthi Reddy","8000000915","3",NULL,"2026-08-11 06:38:26.266","2026-08-11 06:38:26.266","E2004701A0000000000393","W1-D-000915","E2004701B0000000000393","W1-W-000915",12.90292800,77.58967200
3348,"7000000916","Zone A - Division 1 - Ward 1 - Block 10","Individual HHs","19-16","3rd Floor","Tenant","Lakshmi Reddy","8000000916","4",NULL,"2026-08-11 06:38:26.266","2026-08-11 06:38:26.266","E2004701A0000000000394","W1-D-000916","E2004701B0000000000394","W1-W-000916",12.90293000,77.58982200
3349,"7000000917","Zone A - Division 1 - Ward 1 - Block 10","Individual HHs","19-17","Ground floor","Owner","Deepa Reddy","8000000917","5",NULL,"2026-08-11 06:38:26.266","2026-08-11 06:38:26.266","E2004701A0000000000395","W1-D-000917","E2004701B0000000000395","W1-W-000917",12.90293200,77.58997200
3350,"7000000918","Zone A - Division 1 - Ward 1 - Block 10","Individual HHs","19-18","1st Floor","Tenant","Asha Reddy","8000000918","6",NULL,"2026-08-11 06:38:26.266","2026-08-11 06:38:26.266","E2004701A0000000000396","W1-D-000918","E2004701B0000000000396","W1-W-000918",12.90293400,77.59012200
3351,"7000000919","Zone A - Division 1 - Ward 1 - Block 10","Individual HHs","19-19","2nd Floor","Owner","Pallavi Reddy","8000000919","1",NULL,"2026-08-11 06:38:26.266","2026-08-11 06:38:26.266","E2004701A0000000000397","W1-D-000919","E2004701B0000000000397","W1-W-000919",12.90293600,77.59027200
3352,"7000000920","Zone A - Division 1 - Ward 1 - Block 10","Individual HHs","19-20","3rd Floor","Tenant","Bhavana Reddy","8000000920","2",NULL,"2026-08-11 06:38:26.266","2026-08-11 06:38:26.266","E2004701A0000000000398","W1-D-000920","E2004701B0000000000398","W1-W-000920",12.90293800,77.59042200
3353,"7000000921","Zone A - Division 1 - Ward 1 - Block 10","Individual HHs","19-21","Ground floor","Owner","Aarav Shetty","8000000921","3",NULL,"2026-08-11 06:38:26.266","2026-08-11 06:38:26.266","E2004701A0000000000399","W1-D-000921","E2004701B0000000000399","W1-W-000921",12.90294000,77.59057200
3354,"7000000922","Zone A - Division 1 - Ward 1 - Block 10","Individual HHs","19-22","1st Floor","Tenant","Vihaan Shetty","8000000922","4",NULL,"2026-08-11 06:38:26.266","2026-08-11 06:38:26.266","E2004701A000000000039A","W1-D-000922","E2004701B000000000039A","W1-W-000922",12.90294200,77.59072200
3355,"7000000923","Zone A - Division 1 - Ward 1 - Block 10","Individual HHs","19-23","2nd Floor","Owner","Aditya Shetty","8000000923","5",NULL,"2026-08-11 06:38:26.266","2026-08-11 06:38:26.266","E2004701A000000000039B","W1-D-000923","E2004701B000000000039B","W1-W-000923",12.90294400,77.59087200
3356,"7000000924","Zone A - Division 1 - Ward 1 - Block 10","Individual HHs","19-24","3rd Floor","Tenant","Arjun Shetty","8000000924","6",NULL,"2026-08-11 06:38:26.266","2026-08-11 06:38:26.266","E2004701A000000000039C","W1-D-000924","E2004701B000000000039C","W1-W-000924",12.90294600,77.59102200
3357,"7000000925","Zone A - Division 1 - Ward 1 - Block 10","Individual HHs","19-25","Ground floor","Owner","Rohan Shetty","8000000925","1",NULL,"2026-08-11 06:38:26.266","2026-08-11 06:38:26.266","E2004701A000000000039D","W1-D-000925","E2004701B000000000039D","W1-W-000925",12.90294800,77.59117200
3358,"7000000926","Zone A - Division 1 - Ward 1 - Block 10","Individual HHs","19-26","1st Floor","Tenant","Rahul Shetty","8000000926","2",NULL,"2026-08-11 06:38:26.266","2026-08-11 06:38:26.266","E2004701A000000000039E","W1-D-000926","E2004701B000000000039E","W1-W-000926",12.90305000,77.58757400
3359,"7000000927","Zone A - Division 1 - Ward 1 - Block 10","Individual HHs","19-27","2nd Floor","Owner","Karthik Shetty","8000000927","3",NULL,"2026-08-11 06:38:26.266","2026-08-11 06:38:26.266","E2004701A000000000039F","W1-D-000927","E2004701B000000000039F","W1-W-000927",12.90305200,77.58772400
3360,"7000000928","Zone A - Division 1 - Ward 1 - Block 10","Individual HHs","19-28","3rd Floor","Tenant","Vikram Shetty","8000000928","4",NULL,"2026-08-11 06:38:26.266","2026-08-11 06:38:26.266","E2004701A00000000003A0","W1-D-000928","E2004701B00000000003A0","W1-W-000928",12.90305400,77.58787400
3361,"7000000929","Zone A - Division 1 - Ward 1 - Block 10","Individual HHs","19-29","Ground floor","Owner","Akash Shetty","8000000929","5",NULL,"2026-08-11 06:38:26.266","2026-08-11 06:38:26.266","E2004701A00000000003A1","W1-D-000929","E2004701B00000000003A1","W1-W-000929",12.90305600,77.58802400
3362,"7000000930","Zone A - Division 1 - Ward 1 - Block 10","Individual HHs","19-30","1st Floor","Tenant","Siddharth Shetty","8000000930","6",NULL,"2026-08-11 06:38:26.266","2026-08-11 06:38:26.266","E2004701A00000000003A2","W1-D-000930","E2004701B00000000003A2","W1-W-000930",12.90305800,77.58817400
3363,"7000000931","Zone A - Division 1 - Ward 1 - Block 10","Individual HHs","19-31","2nd Floor","Owner","Ananya Shetty","8000000931","1",NULL,"2026-08-11 06:38:26.266","2026-08-11 06:38:26.266","E2004701A00000000003A3","W1-D-000931","E2004701B00000000003A3","W1-W-000931",12.90306000,77.58832400
3364,"7000000932","Zone A - Division 1 - Ward 1 - Block 10","Individual HHs","19-32","3rd Floor","Tenant","Aadhya Shetty","8000000932","2",NULL,"2026-08-11 06:38:26.266","2026-08-11 06:38:26.266","E2004701A00000000003A4","W1-D-000932","E2004701B00000000003A4","W1-W-000932",12.90306200,77.58847400
3365,"7000000933","Zone A - Division 1 - Ward 1 - Block 10","Individual HHs","19-33","Ground floor","Owner","Diya Shetty","8000000933","3",NULL,"2026-08-11 06:38:26.266","2026-08-11 06:38:26.266","E2004701A00000000003A5","W1-D-000933","E2004701B00000000003A5","W1-W-000933",12.90306400,77.58862400
3366,"7000000934","Zone A - Division 1 - Ward 1 - Block 10","Individual HHs","19-34","1st Floor","Tenant","Ishita Shetty","8000000934","4",NULL,"2026-08-11 06:38:26.266","2026-08-11 06:38:26.266","E2004701A00000000003A6","W1-D-000934","E2004701B00000000003A6","W1-W-000934",12.90306600,77.58877400
3367,"7000000935","Zone A - Division 1 - Ward 1 - Block 10","Individual HHs","19-35","2nd Floor","Owner","Kavya Shetty","8000000935","5",NULL,"2026-08-11 06:38:26.266","2026-08-11 06:38:26.266","E2004701A00000000003A7","W1-D-000935","E2004701B00000000003A7","W1-W-000935",12.90306800,77.58892400
3368,"7000000936","Zone A - Division 1 - Ward 1 - Block 10","Individual HHs","19-36","3rd Floor","Tenant","Meera Shetty","8000000936","6",NULL,"2026-08-11 06:38:26.266","2026-08-11 06:38:26.266","E2004701A00000000003A8","W1-D-000936","E2004701B00000000003A8","W1-W-000936",12.90307000,77.58907400
3369,"7000000937","Zone A - Division 1 - Ward 1 - Block 10","Individual HHs","19-37","Ground floor","Owner","Sneha Shetty","8000000937","1",NULL,"2026-08-11 06:38:26.266","2026-08-11 06:38:26.266","E2004701A00000000003A9","W1-D-000937","E2004701B00000000003A9","W1-W-000937",12.90307200,77.58922400
3370,"7000000938","Zone A - Division 1 - Ward 1 - Block 10","Individual HHs","19-38","1st Floor","Tenant","Pooja Shetty","8000000938","2",NULL,"2026-08-11 06:38:26.266","2026-08-11 06:38:26.266","E2004701A00000000003AA","W1-D-000938","E2004701B00000000003AA","W1-W-000938",12.90307400,77.58937400
3371,"7000000939","Zone A - Division 1 - Ward 1 - Block 10","Individual HHs","19-39","2nd Floor","Owner","Riya Shetty","8000000939","3",NULL,"2026-08-11 06:38:26.266","2026-08-11 06:38:26.266","E2004701A00000000003AB","W1-D-000939","E2004701B00000000003AB","W1-W-000939",12.90307600,77.58952400
3372,"7000000940","Zone A - Division 1 - Ward 1 - Block 10","Individual HHs","19-40","3rd Floor","Tenant","Nandini Shetty","8000000940","4",NULL,"2026-08-11 06:38:26.266","2026-08-11 06:38:26.266","E2004701A00000000003AC","W1-D-000940","E2004701B00000000003AC","W1-W-000940",12.90307800,77.58967400
3373,"7000000941","Zone A - Division 1 - Ward 1 - Block 10","Individual HHs","19-41","Ground floor","Owner","Sanjay Shetty","8000000941","5",NULL,"2026-08-11 06:38:26.266","2026-08-11 06:38:26.266","E2004701A00000000003AD","W1-D-000941","E2004701B00000000003AD","W1-W-000941",12.90308000,77.58982400
3374,"7000000942","Zone A - Division 1 - Ward 1 - Block 10","Individual HHs","19-42","1st Floor","Tenant","Manoj Shetty","8000000942","6",NULL,"2026-08-11 06:38:26.266","2026-08-11 06:38:26.266","E2004701A00000000003AE","W1-D-000942","E2004701B00000000003AE","W1-W-000942",12.90308200,77.58997400
3375,"7000000943","Zone A - Division 1 - Ward 1 - Block 10","Individual HHs","19-43","2nd Floor","Owner","Suresh Shetty","8000000943","1",NULL,"2026-08-11 06:38:26.266","2026-08-11 06:38:26.266","E2004701A00000000003AF","W1-D-000943","E2004701B00000000003AF","W1-W-000943",12.90308400,77.59012400
3376,"7000000944","Zone A - Division 1 - Ward 1 - Block 10","Individual HHs","19-44","3rd Floor","Tenant","Mahesh Shetty","8000000944","2",NULL,"2026-08-11 06:38:26.266","2026-08-11 06:38:26.266","E2004701A00000000003B0","W1-D-000944","E2004701B00000000003B0","W1-W-000944",12.90308600,77.59027400
3377,"7000000945","Zone A - Division 1 - Ward 1 - Block 10","Individual HHs","19-45","Ground floor","Owner","Prakash Shetty","8000000945","3",NULL,"2026-08-11 06:38:26.266","2026-08-11 06:38:26.266","E2004701A00000000003B1","W1-D-000945","E2004701B00000000003B1","W1-W-000945",12.90308800,77.59042400
3378,"7000000946","Zone A - Division 1 - Ward 1 - Block 10","Individual HHs","19-46","1st Floor","Tenant","Ramesh Shetty","8000000946","4",NULL,"2026-08-11 06:38:26.266","2026-08-11 06:38:26.266","E2004701A00000000003B2","W1-D-000946","E2004701B00000000003B2","W1-W-000946",12.90309000,77.59057400
3379,"7000000947","Zone A - Division 1 - Ward 1 - Block 10","Individual HHs","19-47","2nd Floor","Owner","Ganesh Shetty","8000000947","5",NULL,"2026-08-11 06:38:26.266","2026-08-11 06:38:26.266","E2004701A00000000003B3","W1-D-000947","E2004701B00000000003B3","W1-W-000947",12.90309200,77.59072400
3380,"7000000948","Zone A - Division 1 - Ward 1 - Block 10","Individual HHs","19-48","3rd Floor","Tenant","Dinesh Shetty","8000000948","6",NULL,"2026-08-11 06:38:26.266","2026-08-11 06:38:26.266","E2004701A00000000003B4","W1-D-000948","E2004701B00000000003B4","W1-W-000948",12.90309400,77.59087400
3381,"7000000949","Zone A - Division 1 - Ward 1 - Block 10","Individual HHs","19-49","Ground floor","Owner","Nikhil Shetty","8000000949","1",NULL,"2026-08-11 06:38:26.266","2026-08-11 06:38:26.266","E2004701A00000000003B5","W1-D-000949","E2004701B00000000003B5","W1-W-000949",12.90309600,77.59102400
3382,"7000000950","Zone A - Division 1 - Ward 1 - Block 10","Individual HHs","19-50","1st Floor","Tenant","Varun Shetty","8000000950","2",NULL,"2026-08-11 06:38:26.266","2026-08-11 06:38:26.266","E2004701A00000000003B6","W1-D-000950","E2004701B00000000003B6","W1-W-000950",12.90309800,77.59117400
3383,"7000000951","Zone A - Division 1 - Ward 1 - Block 10","Individual HHs","20-01","2nd Floor","Owner","Priya Shetty","8000000951","3",NULL,"2026-08-11 06:38:26.266","2026-08-11 06:38:26.266","E2004701A00000000003B7","W1-D-000951","E2004701B00000000003B7","W1-W-000951",12.90320000,77.58757600
3384,"7000000952","Zone A - Division 1 - Ward 1 - Block 10","Individual HHs","20-02","3rd Floor","Tenant","Divya Shetty","8000000952","4",NULL,"2026-08-11 06:38:26.266","2026-08-11 06:38:26.266","E2004701A00000000003B8","W1-D-000952","E2004701B00000000003B8","W1-W-000952",12.90320200,77.58772600
3385,"7000000953","Zone A - Division 1 - Ward 1 - Block 10","Individual HHs","20-03","Ground floor","Owner","Swathi Shetty","8000000953","5",NULL,"2026-08-11 06:38:26.266","2026-08-11 06:38:26.266","E2004701A00000000003B9","W1-D-000953","E2004701B00000000003B9","W1-W-000953",12.90320400,77.58787600
3386,"7000000954","Zone A - Division 1 - Ward 1 - Block 10","Individual HHs","20-04","1st Floor","Tenant","Shreya Shetty","8000000954","6",NULL,"2026-08-11 06:38:26.266","2026-08-11 06:38:26.266","E2004701A00000000003BA","W1-D-000954","E2004701B00000000003BA","W1-W-000954",12.90320600,77.58802600
3387,"7000000955","Zone A - Division 1 - Ward 1 - Block 10","Individual HHs","20-05","2nd Floor","Owner","Keerthi Shetty","8000000955","1",NULL,"2026-08-11 06:38:26.266","2026-08-11 06:38:26.266","E2004701A00000000003BB","W1-D-000955","E2004701B00000000003BB","W1-W-000955",12.90320800,77.58817600
3388,"7000000956","Zone A - Division 1 - Ward 1 - Block 10","Individual HHs","20-06","3rd Floor","Tenant","Lakshmi Shetty","8000000956","2",NULL,"2026-08-11 06:38:26.266","2026-08-11 06:38:26.266","E2004701A00000000003BC","W1-D-000956","E2004701B00000000003BC","W1-W-000956",12.90321000,77.58832600
3389,"7000000957","Zone A - Division 1 - Ward 1 - Block 10","Individual HHs","20-07","Ground floor","Owner","Deepa Shetty","8000000957","3",NULL,"2026-08-11 06:38:26.266","2026-08-11 06:38:26.266","E2004701A00000000003BD","W1-D-000957","E2004701B00000000003BD","W1-W-000957",12.90321200,77.58847600
3390,"7000000958","Zone A - Division 1 - Ward 1 - Block 10","Individual HHs","20-08","1st Floor","Tenant","Asha Shetty","8000000958","4",NULL,"2026-08-11 06:38:26.266","2026-08-11 06:38:26.266","E2004701A00000000003BE","W1-D-000958","E2004701B00000000003BE","W1-W-000958",12.90321400,77.58862600
3391,"7000000959","Zone A - Division 1 - Ward 1 - Block 10","Individual HHs","20-09","2nd Floor","Owner","Pallavi Shetty","8000000959","5",NULL,"2026-08-11 06:38:26.266","2026-08-11 06:38:26.266","E2004701A00000000003BF","W1-D-000959","E2004701B00000000003BF","W1-W-000959",12.90321600,77.58877600
3392,"7000000960","Zone A - Division 1 - Ward 1 - Block 10","Individual HHs","20-10","3rd Floor","Tenant","Bhavana Shetty","8000000960","6",NULL,"2026-08-11 06:38:26.266","2026-08-11 06:38:26.266","E2004701A00000000003C0","W1-D-000960","E2004701B00000000003C0","W1-W-000960",12.90321800,77.58892600
3393,"7000000961","Zone A - Division 1 - Ward 1 - Block 10","Individual HHs","20-11","Ground floor","Owner","Aarav Gowda","8000000961","1",NULL,"2026-08-11 06:38:26.266","2026-08-11 06:38:26.266","E2004701A00000000003C1","W1-D-000961","E2004701B00000000003C1","W1-W-000961",12.90322000,77.58907600
3394,"7000000962","Zone A - Division 1 - Ward 1 - Block 10","Individual HHs","20-12","1st Floor","Tenant","Vihaan Gowda","8000000962","2",NULL,"2026-08-11 06:38:26.266","2026-08-11 06:38:26.266","E2004701A00000000003C2","W1-D-000962","E2004701B00000000003C2","W1-W-000962",12.90322200,77.58922600
3395,"7000000963","Zone A - Division 1 - Ward 1 - Block 10","Individual HHs","20-13","2nd Floor","Owner","Aditya Gowda","8000000963","3",NULL,"2026-08-11 06:38:26.266","2026-08-11 06:38:26.266","E2004701A00000000003C3","W1-D-000963","E2004701B00000000003C3","W1-W-000963",12.90322400,77.58937600
3396,"7000000964","Zone A - Division 1 - Ward 1 - Block 10","Individual HHs","20-14","3rd Floor","Tenant","Arjun Gowda","8000000964","4",NULL,"2026-08-11 06:38:26.266","2026-08-11 06:38:26.266","E2004701A00000000003C4","W1-D-000964","E2004701B00000000003C4","W1-W-000964",12.90322600,77.58952600
3397,"7000000965","Zone A - Division 1 - Ward 1 - Block 10","Individual HHs","20-15","Ground floor","Owner","Rohan Gowda","8000000965","5",NULL,"2026-08-11 06:38:26.266","2026-08-11 06:38:26.266","E2004701A00000000003C5","W1-D-000965","E2004701B00000000003C5","W1-W-000965",12.90322800,77.58967600
3398,"7000000966","Zone A - Division 1 - Ward 1 - Block 10","Individual HHs","20-16","1st Floor","Tenant","Rahul Gowda","8000000966","6",NULL,"2026-08-11 06:38:26.266","2026-08-11 06:38:26.266","E2004701A00000000003C6","W1-D-000966","E2004701B00000000003C6","W1-W-000966",12.90323000,77.58982600
3399,"7000000967","Zone A - Division 1 - Ward 1 - Block 10","Individual HHs","20-17","2nd Floor","Owner","Karthik Gowda","8000000967","1",NULL,"2026-08-11 06:38:26.266","2026-08-11 06:38:26.266","E2004701A00000000003C7","W1-D-000967","E2004701B00000000003C7","W1-W-000967",12.90323200,77.58997600
3400,"7000000968","Zone A - Division 1 - Ward 1 - Block 10","Individual HHs","20-18","3rd Floor","Tenant","Vikram Gowda","8000000968","2",NULL,"2026-08-11 06:38:26.266","2026-08-11 06:38:26.266","E2004701A00000000003C8","W1-D-000968","E2004701B00000000003C8","W1-W-000968",12.90323400,77.59012600
3401,"7000000969","Zone A - Division 1 - Ward 1 - Block 10","Individual HHs","20-19","Ground floor","Owner","Akash Gowda","8000000969","3",NULL,"2026-08-11 06:38:26.266","2026-08-11 06:38:26.266","E2004701A00000000003C9","W1-D-000969","E2004701B00000000003C9","W1-W-000969",12.90323600,77.59027600
3402,"7000000970","Zone A - Division 1 - Ward 1 - Block 10","Individual HHs","20-20","1st Floor","Tenant","Siddharth Gowda","8000000970","4",NULL,"2026-08-11 06:38:26.266","2026-08-11 06:38:26.266","E2004701A00000000003CA","W1-D-000970","E2004701B00000000003CA","W1-W-000970",12.90323800,77.59042600
3403,"7000000971","Zone A - Division 1 - Ward 1 - Block 10","Individual HHs","20-21","2nd Floor","Owner","Ananya Gowda","8000000971","5",NULL,"2026-08-11 06:38:26.266","2026-08-11 06:38:26.266","E2004701A00000000003CB","W1-D-000971","E2004701B00000000003CB","W1-W-000971",12.90324000,77.59057600
3404,"7000000972","Zone A - Division 1 - Ward 1 - Block 10","Individual HHs","20-22","3rd Floor","Tenant","Aadhya Gowda","8000000972","6",NULL,"2026-08-11 06:38:26.266","2026-08-11 06:38:26.266","E2004701A00000000003CC","W1-D-000972","E2004701B00000000003CC","W1-W-000972",12.90324200,77.59072600
3405,"7000000973","Zone A - Division 1 - Ward 1 - Block 10","Individual HHs","20-23","Ground floor","Owner","Diya Gowda","8000000973","1",NULL,"2026-08-11 06:38:26.266","2026-08-11 06:38:26.266","E2004701A00000000003CD","W1-D-000973","E2004701B00000000003CD","W1-W-000973",12.90324400,77.59087600
3406,"7000000974","Zone A - Division 1 - Ward 1 - Block 10","Individual HHs","20-24","1st Floor","Tenant","Ishita Gowda","8000000974","2",NULL,"2026-08-11 06:38:26.266","2026-08-11 06:38:26.266","E2004701A00000000003CE","W1-D-000974","E2004701B00000000003CE","W1-W-000974",12.90324600,77.59102600
3407,"7000000975","Zone A - Division 1 - Ward 1 - Block 10","Individual HHs","20-25","2nd Floor","Owner","Kavya Gowda","8000000975","3",NULL,"2026-08-11 06:38:26.266","2026-08-11 06:38:26.266","E2004701A00000000003CF","W1-D-000975","E2004701B00000000003CF","W1-W-000975",12.90324800,77.59117600
3408,"7000000976","Zone A - Division 1 - Ward 1 - Block 10","Individual HHs","20-26","3rd Floor","Tenant","Meera Gowda","8000000976","4",NULL,"2026-08-11 06:38:26.266","2026-08-11 06:38:26.266","E2004701A00000000003D0","W1-D-000976","E2004701B00000000003D0","W1-W-000976",12.90335000,77.58757800
3409,"7000000977","Zone A - Division 1 - Ward 1 - Block 10","Individual HHs","20-27","Ground floor","Owner","Sneha Gowda","8000000977","5",NULL,"2026-08-11 06:38:26.266","2026-08-11 06:38:26.266","E2004701A00000000003D1","W1-D-000977","E2004701B00000000003D1","W1-W-000977",12.90335200,77.58772800
3410,"7000000978","Zone A - Division 1 - Ward 1 - Block 10","Individual HHs","20-28","1st Floor","Tenant","Pooja Gowda","8000000978","6",NULL,"2026-08-11 06:38:26.266","2026-08-11 06:38:26.266","E2004701A00000000003D2","W1-D-000978","E2004701B00000000003D2","W1-W-000978",12.90335400,77.58787800
3411,"7000000979","Zone A - Division 1 - Ward 1 - Block 10","Individual HHs","20-29","2nd Floor","Owner","Riya Gowda","8000000979","1",NULL,"2026-08-11 06:38:26.266","2026-08-11 06:38:26.266","E2004701A00000000003D3","W1-D-000979","E2004701B00000000003D3","W1-W-000979",12.90335600,77.58802800
3412,"7000000980","Zone A - Division 1 - Ward 1 - Block 10","Individual HHs","20-30","3rd Floor","Tenant","Nandini Gowda","8000000980","2",NULL,"2026-08-11 06:38:26.266","2026-08-11 06:38:26.266","E2004701A00000000003D4","W1-D-000980","E2004701B00000000003D4","W1-W-000980",12.90335800,77.58817800
3413,"7000000981","Zone A - Division 1 - Ward 1 - Block 10","Individual HHs","20-31","Ground floor","Owner","Sanjay Gowda","8000000981","3",NULL,"2026-08-11 06:38:26.266","2026-08-11 06:38:26.266","E2004701A00000000003D5","W1-D-000981","E2004701B00000000003D5","W1-W-000981",12.90336000,77.58832800
3414,"7000000982","Zone A - Division 1 - Ward 1 - Block 10","Individual HHs","20-32","1st Floor","Tenant","Manoj Gowda","8000000982","4",NULL,"2026-08-11 06:38:26.266","2026-08-11 06:38:26.266","E2004701A00000000003D6","W1-D-000982","E2004701B00000000003D6","W1-W-000982",12.90336200,77.58847800
3415,"7000000983","Zone A - Division 1 - Ward 1 - Block 10","Individual HHs","20-33","2nd Floor","Owner","Suresh Gowda","8000000983","5",NULL,"2026-08-11 06:38:26.266","2026-08-11 06:38:26.266","E2004701A00000000003D7","W1-D-000983","E2004701B00000000003D7","W1-W-000983",12.90336400,77.58862800
3416,"7000000984","Zone A - Division 1 - Ward 1 - Block 10","Individual HHs","20-34","3rd Floor","Tenant","Mahesh Gowda","8000000984","6",NULL,"2026-08-11 06:38:26.266","2026-08-11 06:38:26.266","E2004701A00000000003D8","W1-D-000984","E2004701B00000000003D8","W1-W-000984",12.90336600,77.58877800
3417,"7000000985","Zone A - Division 1 - Ward 1 - Block 10","Individual HHs","20-35","Ground floor","Owner","Prakash Gowda","8000000985","1",NULL,"2026-08-11 06:38:26.266","2026-08-11 06:38:26.266","E2004701A00000000003D9","W1-D-000985","E2004701B00000000003D9","W1-W-000985",12.90336800,77.58892800
3418,"7000000986","Zone A - Division 1 - Ward 1 - Block 10","Individual HHs","20-36","1st Floor","Tenant","Ramesh Gowda","8000000986","2",NULL,"2026-08-11 06:38:26.266","2026-08-11 06:38:26.266","E2004701A00000000003DA","W1-D-000986","E2004701B00000000003DA","W1-W-000986",12.90337000,77.58907800
3419,"7000000987","Zone A - Division 1 - Ward 1 - Block 10","Individual HHs","20-37","2nd Floor","Owner","Ganesh Gowda","8000000987","3",NULL,"2026-08-11 06:38:26.266","2026-08-11 06:38:26.266","E2004701A00000000003DB","W1-D-000987","E2004701B00000000003DB","W1-W-000987",12.90337200,77.58922800
3420,"7000000988","Zone A - Division 1 - Ward 1 - Block 10","Individual HHs","20-38","3rd Floor","Tenant","Dinesh Gowda","8000000988","4",NULL,"2026-08-11 06:38:26.266","2026-08-11 06:38:26.266","E2004701A00000000003DC","W1-D-000988","E2004701B00000000003DC","W1-W-000988",12.90337400,77.58937800
3421,"7000000989","Zone A - Division 1 - Ward 1 - Block 10","Individual HHs","20-39","Ground floor","Owner","Nikhil Gowda","8000000989","5",NULL,"2026-08-11 06:38:26.266","2026-08-11 06:38:26.266","E2004701A00000000003DD","W1-D-000989","E2004701B00000000003DD","W1-W-000989",12.90337600,77.58952800
3422,"7000000990","Zone A - Division 1 - Ward 1 - Block 10","Individual HHs","20-40","1st Floor","Tenant","Varun Gowda","8000000990","6",NULL,"2026-08-11 06:38:26.266","2026-08-11 06:38:26.266","E2004701A00000000003DE","W1-D-000990","E2004701B00000000003DE","W1-W-000990",12.90337800,77.58967800
3423,"7000000991","Zone A - Division 1 - Ward 1 - Block 10","Individual HHs","20-41","2nd Floor","Owner","Priya Gowda","8000000991","1",NULL,"2026-08-11 06:38:26.266","2026-08-11 06:38:26.266","E2004701A00000000003DF","W1-D-000991","E2004701B00000000003DF","W1-W-000991",12.90338000,77.58982800
3424,"7000000992","Zone A - Division 1 - Ward 1 - Block 10","Individual HHs","20-42","3rd Floor","Tenant","Divya Gowda","8000000992","2",NULL,"2026-08-11 06:38:26.266","2026-08-11 06:38:26.266","E2004701A00000000003E0","W1-D-000992","E2004701B00000000003E0","W1-W-000992",12.90338200,77.58997800
3425,"7000000993","Zone A - Division 1 - Ward 1 - Block 10","Individual HHs","20-43","Ground floor","Owner","Swathi Gowda","8000000993","3",NULL,"2026-08-11 06:38:26.266","2026-08-11 06:38:26.266","E2004701A00000000003E1","W1-D-000993","E2004701B00000000003E1","W1-W-000993",12.90338400,77.59012800
3426,"7000000994","Zone A - Division 1 - Ward 1 - Block 10","Individual HHs","20-44","1st Floor","Tenant","Shreya Gowda","8000000994","4",NULL,"2026-08-11 06:38:26.266","2026-08-11 06:38:26.266","E2004701A00000000003E2","W1-D-000994","E2004701B00000000003E2","W1-W-000994",12.90338600,77.59027800
3427,"7000000995","Zone A - Division 1 - Ward 1 - Block 10","Individual HHs","20-45","2nd Floor","Owner","Keerthi Gowda","8000000995","5",NULL,"2026-08-11 06:38:26.266","2026-08-11 06:38:26.266","E2004701A00000000003E3","W1-D-000995","E2004701B00000000003E3","W1-W-000995",12.90338800,77.59042800
3428,"7000000996","Zone A - Division 1 - Ward 1 - Block 10","Individual HHs","20-46","3rd Floor","Tenant","Lakshmi Gowda","8000000996","6",NULL,"2026-08-11 06:38:26.266","2026-08-11 06:38:26.266","E2004701A00000000003E4","W1-D-000996","E2004701B00000000003E4","W1-W-000996",12.90339000,77.59057800
3429,"7000000997","Zone A - Division 1 - Ward 1 - Block 10","Individual HHs","20-47","Ground floor","Owner","Deepa Gowda","8000000997","1",NULL,"2026-08-11 06:38:26.266","2026-08-11 06:38:26.266","E2004701A00000000003E5","W1-D-000997","E2004701B00000000003E5","W1-W-000997",12.90339200,77.59072800
3430,"7000000998","Zone A - Division 1 - Ward 1 - Block 10","Individual HHs","20-48","1st Floor","Tenant","Asha Gowda","8000000998","2",NULL,"2026-08-11 06:38:26.266","2026-08-11 06:38:26.266","E2004701A00000000003E6","W1-D-000998","E2004701B00000000003E6","W1-W-000998",12.90339400,77.59087800
3431,"7000000999","Zone A - Division 1 - Ward 1 - Block 10","Individual HHs","20-49","2nd Floor","Owner","Pallavi Gowda","8000000999","3",NULL,"2026-08-11 06:38:26.266","2026-08-11 06:38:26.266","E2004701A00000000003E7","W1-D-000999","E2004701B00000000003E7","W1-W-000999",12.90339600,77.59102800
3432,"7000001000","Zone A - Division 1 - Ward 1 - Block 10","Individual HHs","20-50","3rd Floor","Tenant","Bhavana Gowda","8000001000","4",NULL,"2026-08-11 06:38:26.266","2026-08-11 06:38:26.266","E2004701A00000000003E8","W1-D-001000","E2004701B00000000003E8","W1-W-001000",12.90339800,77.59117800
